Campaign Name,Title,Title Type,Size,Email Template,Job Category,Reply type,Geographical Region
Sales Emails - Q3 Jacob,CEO,Senior Management,311.45,202006_Content,CEO,1. Sent,North America
Sales Emails - Q3 Ferdinand,Founder,Senior Management,124.6,202006_Content,CEO,1. Sent,Europe - East
Sales Emails - Q3 Ferdinand,CEO,Senior Management,320.91,202006_Content,CEO,1. Sent,Europe - Italy
Sales Emails - Q3 Ferdinand,CEO,Senior Management,222.4,202006_Content,CEO,1. Sent,MENA - Middle East
Sales Emails - Q3 Ferdinand,CEO,Senior Management,188,202006_Content,CEO,1. Sent,Europe - Italy
Sales Emails - Q3 Ferdinand,Founder,Senior Management,188,202006_Content,CEO,1. Sent,Europe - Italy
Sales Emails - Q3 Ferdinand,Director In Charge,Senior Management,188,202006_Content,CEO,1. Sent,Europe - Italy
Sales Emails - Q4 Jolene,Founder and Publisher,Senior Management,751.4,202006_Content,CEO,1. Sent,North America
Sales Emails - Q4 Jolene,CEO,Senior Management,352.59,202006_Content,CEO,1. Sent,North America
Sales Emails - Q4 Jolene,Owner,Senior Management,207.4,202006_Content,CEO,1. Sent,North America
Sales Emails - Q4 Jolene,CEO,Senior Management,0,202006_Content,CEO,1. Sent,North America
Sales Emails - Q4 Jolene,CEO,Senior Management,205,202006_Content,CEO,1. Sent,North America
Sales Emails - Q4 Jolene,CEO,Senior Management,930.27,202006_Content,CEO,1. Sent,North America
Sales Emails - Q4 Jolene,CEO,Senior Management,553.01,202006_Content,CEO,1. Sent,North America
Sales Emails - Q4 Jolene,Founder,Senior Management,272.29,202006_Content,CEO,1. Sent,North America
Sales Emails - Q4 Jolene,CEO,Senior Management,205,202006_Content,CEO,1. Sent,North America
Sales Emails - Q4 Jolene,CEO,Senior Management,205,202006_Content,CEO,1. Sent,North America
Sales Emails - Q4 Jolene,Interim CEO,Senior Management,205,202006_Content,CEO,5. Not Sent,North America
Sales Emails - Q4 Jolene,CEO,Senior Management,275.39,202006_Content,CEO,5. Not Sent,North America
Sales Emails - Q4 Jolene,CEO,Senior Management,0,202006_Content,CEO,5. Not Sent,North America
Sales Emails - Q4 Jolene,Owner,Senior Management,205,202006_Content,CEO,5. Not Sent,North America
Sales Emails - Q4 Jolene,Owner,Senior Management,205,202006_Content,CEO,1. Sent,North America
Sales Emails - Q4 Jolene,Co-Founder,Senior Management,1072.55,202006_Content,CEO,1. Sent,North America
Sales Emails - Q4 Jolene,Publisher,Senior Management,233.72,202006_Content,CEO,1. Sent,North America
Sales Emails - Q4 Jolene,Ceo,Senior Management,516.83,202006_Content,CEO,1. Sent,North America
Sales Emails - Q4 Jolene,General Manager,Senior Management,795.89,202006_Content,CEO,1. Sent,North America
Sales Emails - Q4 Jolene,Founder,Senior Management,905.68,202006_Content,CEO,1. Sent,North America
Sales Emails - Q4 Jolene,Publisher,Senior Management,323.63,202006_Content,CEO,1. Sent,North America
Sales Emails - Q4 Emil,Founder,Senior Management,0,202006_Content,CEO,1. Sent,Asia - East
Sales Emails - Q4 Emil,Founder,Senior Management,164.4,202006_Content,CEO,1. Sent,Asia - East
Sales Emails - Q4 Emil,Founder,Senior Management,0,202006_Content,CEO,1. Sent,Asia - East
Sales Emails - Q4 Emil,CEO,Senior Management,474.03,202006_Content,CEO,1. Sent,MENA - Middle East
Sales Emails - Q4 Emil,CEO,Senior Management,164.4,202006_Content,CEO,1. Sent,Asia - East
Sales Emails - Q4 Emil,Director General,Senior Management,188,202006_Content,CEO,1. Sent,Europe - Italy
Sales Emails - Q4 Emil,Co-Founder & Strategic Directon,Senior Management,519.01,202006_Content,CEO,1. Sent,Asia - Oceania
Sales Emails - Q4 Cyrus,CEO,Senior Management,148.95,202006_Content,CEO,1. Sent,LatAm - Brazil
Sales Emails - Q4 Catherine,Founder,Senior Management,278,202006_Content,CEO,1. Sent,Europe - DACH
Sales Emails - Q4 Alexander,Director General,Senior Management,157,202006_Content,CEO,1. Sent,Europe - Spain & Portugal
Sales Emails - Q4 Jolene,Founder,Senior Management,230.24,202006_Content,CEO,2. Negative,North America
Sales Emails - Q4 Jolene,Publisher/Chief Revenue Officer,Senior Management,0,202006_Content,CEO,2. Negative,North America
Sales Emails - Q4 Jolene,CEO,Senior Management,205,202006_Content,CEO,2. Negative,North America
Sales Emails - Q4 Jolene,"Owner, Ceo",Senior Management,528.76,202006_Content,CEO,2. Negative,North America
Sales Emails - Q4 Jolene,Publisher,Senior Management,766.57,202006_Content,CEO,2. Negative,North America
Sales Emails - Q4 Jolene,CEO,Senior Management,1020.12,202006_Content,CEO,2. Negative,North America
Sales Emails - Q4 Jolene,Director of Audience Engagement,Senior Specialist,292.46,202006_Cost,Audience Development Director,4. Positive,North America
Sales Emails - Q3 Ferdinand,Owner,Senior Management,4119.26,202006_Content,CEO,4. Positive,MENA - Middle East
Sales Emails - Q3 Jacob,Audience Development Director,Senior Specialist,205,202006_EbxVs,Audience Development Director,3. Neutral,North America
Sales Emails - Q4 Emil,Founder,Senior Management,164.4,202006_Content,CEO,4. Positive,Asia - East
Sales Emails - Q4 Jolene,Chief Information Officer/Chief Technology Officer,Senior Management,418.73,202006_Content,Chief Technology Officer,1. Sent,North America
Sales Emails - Q4 Jolene,Chief Technology Officer,Senior Management,304.95,202006_Content,Chief Technology Officer,1. Sent,North America
Sales Emails - Q4 Emil,CTO,Senior Management,210.26,202006_Content,Chief Technology Officer,1. Sent,Asia - East
Sales Emails - Q4 Emil,CTO,Senior Management,512.4,202006_Content,Chief Technology Officer,1. Sent,Asia - East
Sales Emails - Q4 Emil,CTO,Senior Management,0,202006_Content,Chief Technology Officer,1. Sent,Europe - Italy
Sales Emails - Q4 Emil,CTO,Senior Management,249.93,202006_Content,Chief Technology Officer,1. Sent,Asia - East
Sales Emails - Q4 Alexander,CTO,Senior Management,157,202006_Content,Chief Technology Officer,1. Sent,Europe - Spain & Portugal
Sales Emails - Q4 Jolene,Chief Marketing Officer,Senior Management,205,202006_Content,Chief Marketing Officer,1. Sent,North America
Sales Emails - Q3 Ferdinand,Director,Senior Management,188,202006_Content,Managing Director,1. Sent,Europe - Italy
Sales Emails - Q4 Emil,General Manager,Senior Management,222.4,202006_Content,Managing Director,1. Sent,MENA - Middle East
Sales Emails - Q4 Alexander,Director,Senior Management,0,202006_Content,Managing Director,1. Sent,Europe - Spain & Portugal
Sales Emails - Q4 Alexander,Director,Senior Management,123.8,202006_Content,Managing Director,1. Sent,LatAm - Central
Sales Emails - Q4 Emil,General Manager,Senior Management,283.11,202006_Content,Managing Director,4. Positive,Asia - East
Sales Emails - Q4 Jolene,Chief Digital Strategist,Senior Management,405.58,202006_Content,Chief Digital Officer,1. Sent,North America
Sales Emails - Q4 Jolene,Head Digital Officer,Senior Management,297.18,202006_Content,Chief Digital Officer,1. Sent,North America
Sales Emails - Q4 Jolene,Multimedia Editor,Senior Management,205,202006_Content,Chief Digital Officer,1. Sent,North America
Sales Emails - Q4 Emil,Chief Digital Officer,Senior Management,164.4,202006_Content,Chief Digital Officer,1. Sent,Asia - East
Sales Emails - Q3 Cyrus,"Directeur de la stratégie numérique (marketing, contenu et médias sociaux)",Senior Management,0,202006_Content,Chief Digital Officer,1. Sent,North America
Sales Emails - Q4 Jacob,Redac Chef BINGE,Senior Editorial,2257.55,202006_Content,Editor In Chief,1. Sent,Europe - France
Sales Emails - Q3 Ferdinand,Editor-in-Chief,Senior Editorial,124.6,202006_Content,Editor In Chief,1. Sent,Europe - East
Sales Emails - Q3 Ferdinand,Editor in Chief,Senior Editorial,0,202006_Content,Editor In Chief,1. Sent,Europe - DACH
Sales Emails - Q3 Ferdinand,Editor-in-chief,Senior Editorial,124.6,202006_Content,Editor In Chief,1. Sent,Europe - East
Sales Emails - Q3 Ferdinand,Editor in Chief,Senior Editorial,124.6,202006_Content,Editor In Chief,1. Sent,Europe - East
Sales Emails - Q3 Ferdinand,Editor-in-Chief,Senior Editorial,124.6,202006_Content,Editor In Chief,1. Sent,Europe - East
Sales Emails - Q3 Ferdinand,Editor-in-Chief,Senior Editorial,124.6,202006_Content,Editor In Chief,1. Sent,Europe - East
Sales Emails - Q3 Ferdinand,Editor-in-Chief,Senior Editorial,188,202006_Content,Editor In Chief,1. Sent,Europe - Italy
Sales Emails - Q3 Ferdinand,Editor In Chief,Senior Editorial,222.4,202006_Content,Editor In Chief,1. Sent,MENA - Middle East
Sales Emails - Q3 Ferdinand,Editor-in-Chief,Senior Editorial,124.6,202006_Content,Editor In Chief,1. Sent,Europe - East
Sales Emails - Q3 Ferdinand,Editor-in-Chief,Senior Editorial,124.6,202006_Content,Editor In Chief,1. Sent,Europe - East
Sales Emails - Q3 Ferdinand,General Manager/Editor-in-Chief,Senior Editorial,222.4,202006_Content,Editor In Chief,1. Sent,MENA - Middle East
Sales Emails - Q3 Ferdinand,Editor-In-Chief,Senior Editorial,124.6,202006_Content,Editor In Chief,1. Sent,Europe - East
Sales Emails - Q4 Jolene,Editor in Chief,Senior Editorial,476,202006_Content,Editor In Chief,1. Sent,North America
Sales Emails - Q4 Jolene,EIC,Senior Editorial,435.97,202006_Content,Editor In Chief,1. Sent,North America
Sales Emails - Q4 Jolene,"Assistant Vice President, Executive Editor",Senior Editorial,377.91,202006_Content,Editor In Chief,1. Sent,North America
Sales Emails - Q4 Jolene,Editor-in-Chief,Senior Editorial,205,202006_Content,Editor In Chief,1. Sent,North America
Sales Emails - Q4 Jolene,Editor-in-Chief,Senior Editorial,205,202006_Content,Editor In Chief,1. Sent,North America
Sales Emails - Q4 Jolene,President and Editor-in-Chief,Senior Editorial,205,202006_Content,Editor In Chief,1. Sent,North America
Sales Emails - Q4 Jolene,Editor in Chief,Senior Editorial,205,202006_Content,Editor In Chief,1. Sent,North America
Sales Emails - Q4 Jolene,Editor in Chief,Senior Editorial,205,202006_Content,Editor In Chief,1. Sent,North America
Sales Emails - Q4 Jolene,Editor In Chief,Senior Editorial,354.92,202006_Content,Editor In Chief,1. Sent,North America
Sales Emails - Q4 Jolene,Editor in Chief,Senior Editorial,275.91,202006_Content,Editor In Chief,1. Sent,North America
Sales Emails - Q4 Jolene,Editor in Chief,Senior Editorial,217.76,202006_Content,Editor In Chief,1. Sent,North America
Sales Emails - Q4 Jolene,Editor In Chief,Senior Editorial,944.3,202006_Content,Editor In Chief,1. Sent,North America
Sales Emails - Q4 Jolene,Editor In Chief,Senior Editorial,770.66,202006_Content,Editor In Chief,1. Sent,North America
Sales Emails - Q4 Jolene,Editor In Chief,Senior Editorial,546.92,202006_Content,Editor In Chief,1. Sent,North America
Sales Emails - Q4 Jolene,Editor-In-Chief,Senior Editorial,310.38,202006_Content,Editor In Chief,1. Sent,North America
Sales Emails - Q4 Emil,Editor in Chief,Senior Editorial,222.4,202006_Content,Editor In Chief,1. Sent,MENA - Middle East
Sales Emails - Q4 Emil,"Owner, Editor in Chief",Senior Editorial,164.4,202006_Content,Editor In Chief,1. Sent,Asia - East
Sales Emails - Q4 Emil,Editor In Chief,Senior Editorial,188,202006_Content,Editor In Chief,1. Sent,Europe - Italy
Sales Emails - Q4 Emil,Editor In Chief,Senior Editorial,188,202006_Content,Editor In Chief,1. Sent,Europe - Italy
Sales Emails - Q4 Alexander,Chief Editor,Senior Editorial,205,202006_Content,Editor In Chief,1. Sent,North America
Sales Emails - Q4 Jolene,Editor-In-Chief,Senior Editorial,208.13,202006_Content,Editor In Chief,2. Negative,North America
Sales Emails - Q4 Alexander,Director of Audience Development,Senior Specialist,483.33,202006_EbxVs,Audience Development Director,3. Neutral,North America
Sales Emails - Q3 Ferdinand,Managing Editor,Senior Editorial,124.6,202006_Content,Managing Editor,1. Sent,Europe - East
Sales Emails - Q3 Ferdinand,Deputy Managing Editor,Senior Editorial,124.6,202006_Content,Managing Editor,1. Sent,Europe - East
Sales Emails - Q3 Ferdinand,Managing Editor,Senior Editorial,433.74,202006_Content,Managing Editor,1. Sent,Europe - Italy
Sales Emails - Q3 Ferdinand,Managing Editor,Senior Editorial,188,202006_Content,Managing Editor,1. Sent,Europe - Italy
Sales Emails - Q3 Ferdinand,Managing Editor,Senior Editorial,164.4,202006_Content,Managing Editor,1. Sent,Asia - East
Sales Emails - Q3 Ferdinand,Managing Editor,Senior Editorial,188,202006_Content,Managing Editor,1. Sent,Europe - Italy
Sales Emails - Q3 Ferdinand,Managing Editor,Senior Editorial,124.6,202006_Content,Managing Editor,1. Sent,Europe - East
Sales Emails - Q3 Ferdinand,Managing Editor,Senior Editorial,124.6,202006_Content,Managing Editor,1. Sent,Europe - East
Sales Emails - Q3 Ferdinand,Editorial Director,Senior Editorial,223.63,202006_Content,Managing Editor,1. Sent,Europe - Italy
Sales Emails - Q4 Jolene,Managing Editor,Senior Editorial,432.55,202006_Content,Managing Editor,1. Sent,North America
Sales Emails - Q4 Jolene,"Managing Editor, Ivy League Christian Observer",Senior Editorial,205,202006_Content,Managing Editor,1. Sent,North America
Sales Emails - Q4 Jolene,Managing Editor,Senior Editorial,230.31,202006_Content,Managing Editor,1. Sent,North America
Sales Emails - Q4 Jolene,Managing Editor,Senior Editorial,0,202006_Content,Managing Editor,1. Sent,North America
Sales Emails - Q4 Jolene,Managing Editor,Senior Editorial,205,202006_Content,Managing Editor,1. Sent,North America
Sales Emails - Q4 Jolene,Editorial Director /  Audience Engagement Manager,Senior Editorial,284.13,202006_Content,Managing Editor,1. Sent,North America
Sales Emails - Q4 Jolene,Managing Editor,Senior Editorial,360.77,202006_Content,Managing Editor,1. Sent,North America
Sales Emails - Q4 Jolene,Managing Editor,Senior Editorial,692.82,202006_Content,Managing Editor,1. Sent,North America
Sales Emails - Q4 Jolene,Managing Editor,Senior Editorial,205,202006_Content,Managing Editor,1. Sent,North America
Sales Emails - Q4 Jolene,Managing Editor,Senior Editorial,2048.37,202006_Content,Managing Editor,1. Sent,North America
Sales Emails - Q4 Jolene,Managing Editor,Senior Editorial,205,202006_Content,Managing Editor,1. Sent,North America
Sales Emails - Q4 Jolene,Editor,Senior Editorial,425.89,202006_Content,Managing Editor,1. Sent,North America
Sales Emails - Q4 Jolene,Managing Editor/Social Media Director,Senior Editorial,396.42,202006_Content,Managing Editor,1. Sent,North America
Sales Emails - Q4 Jolene,"Senior Editor, Social Media",Senior Editorial,356.41,202006_Content,Managing Editor,1. Sent,North America
Sales Emails - Q4 Jolene,Managing Editor,Senior Editorial,0,202006_Content,Managing Editor,1. Sent,North America
Sales Emails - Q4 Emil,Managing Editor - SBS Food,Senior Editorial,241,202006_Content,Managing Editor,1. Sent,Asia - Oceania
Sales Emails - Q4 Emil,Direttore Editoriale Netweek Responsabile Rapporti Istituzionali,Senior Editorial,188,202006_Content,Managing Editor,1. Sent,Europe - Italy
Sales Emails - Q4 Emil,Managing Editor,Senior Editorial,188,202006_Content,Managing Editor,1. Sent,Europe - Italy
Sales Emails - Q4 Emil,Deputy Managing Editor,Senior Editorial,222.4,202006_Content,Managing Editor,1. Sent,MENA - Middle East
Sales Emails - Q4 Alexander,Editorial Director,Senior Editorial,199.23,202006_Content,Managing Editor,1. Sent,LatAm - Central
Sales Emails - Q4 Jolene,Managing Editor,Senior Editorial,205,202006_Content,Managing Editor,2. Negative,North America
Sales Emails - Q3 Ferdinand,Deputy Managing Editor,Senior Editorial,238,202006_Content,Managing Editor,3. Neutral,Europe - Nordics
Sales Emails - Q3 Ferdinand,Digital Editor,Senior Editorial,164.4,202006_Content,Digital Editor,1. Sent,Asia - East
Sales Emails - Q4 Jolene,Social and Digital Editor,Senior Editorial,205,202006_Content,Digital Editor,1. Sent,North America
Sales Emails - Q4 Jolene,Digital Editor,Senior Editorial,205,202006_Content,Digital Editor,1. Sent,North America
Sales Emails - Q4 Emil,Digital Editor,Senior Editorial,0,202006_Content,Digital Editor,1. Sent,Asia - East
Sales Emails - Q4 Emil,Digital Editor,Senior Editorial,4023.57,202006_Content,Digital Editor,1. Sent,Asia - East
Sales Emails - Q4 Emil,Executive Editor of Videogame section,Senior Editorial,206.58,202006_Content,Digital Editor,1. Sent,Europe - Italy
Sales Emails - Q4 Emil,Digital Editor,Senior Editorial,188,202006_Content,Digital Editor,1. Sent,Europe - Italy
Sales Emails - Q4 Emil,Digital Editor,Senior Editorial,245.26,202006_Content,Digital Editor,1. Sent,Asia - East
Sales Emails - Q3 Cyrus,Digital Editor,Senior Editorial,205,202006_Content,Digital Editor,2. Negative,North America
Sales Emails - Q4 Jolene,Director Of Digital,Senior Specialist,205,202006_Content,Digital Director,1. Sent,North America
Sales Emails - Q4 Jolene,Digital Director,Senior Specialist,387.22,202006_Content,Digital Director,1. Sent,North America
Sales Emails - Q4 Jolene,Digital Development Manager,Senior Specialist,292.97,202006_Content,Digital Director,1. Sent,North America
Sales Emails - Q4 Jolene,Digital Director,Senior Specialist,205,202006_Content,Digital Director,1. Sent,North America
Sales Emails - Q4 Jolene,"Editorial Director, Digital",Senior Specialist,754.99,202006_Content,Digital Director,1. Sent,North America
Sales Emails - Q4 Jolene,Senior Director Of Digital Content Marketing & Strategy,Senior Specialist,0,202006_Content,Digital Director,1. Sent,North America
Sales Emails - Q4 Jolene,"Evp, Digital",Senior Specialist,698.74,202006_Content,Digital Director,1. Sent,North America
Sales Emails - Q4 Jolene,Digital Strategy Director,Senior Specialist,229.91,202006_Content,Digital Director,1. Sent,North America
Sales Emails - Q4 Emil,Deputy Manager (Digital Contents),Senior Specialist,512.4,202006_Content,Digital Director,1. Sent,Asia - East
Sales Emails - Q4 Emil,Head of Digital and Social Media,Senior Specialist,343.93,202006_Content,Digital Director,1. Sent,MENA - Middle East
Sales Emails - Q4 Catherine,Head of Digital,Senior Specialist,241.5,202006_Content,Digital Director,1. Sent,Europe - Nordics
Sales Emails - Q4 Delphine,Digital Development Manager,Senior Specialist,230,202006_Content,Digital Director,3. Neutral,Europe - UK & Ireland
Sales Emails - Q4 Jolene,Content Manager,Senior Specialist,972.16,202006_Content,Content Director,1. Sent,North America
Sales Emails - Q4 Jolene,VP of Content,Senior Specialist,205,202006_Content,Content Director,1. Sent,North America
Sales Emails - Q3 Cyrus,Content Creator Digital & Broadcast,Senior Specialist,275.91,202006_Content,Content Director,1. Sent,North America
Sales Emails - Q3 Ferdinand,Director of Marketing,Senior Specialist,188,202006_Content,Marketing Director,1. Sent,Europe - Italy
Sales Emails - Q3 Ferdinand,Marketing Director,Senior Specialist,124.6,202006_Content,Marketing Director,1. Sent,Europe - East
Sales Emails - Q4 Jolene,Marketing Manager,Senior Specialist,306.31,202006_Content,Marketing Director,1. Sent,North America
Sales Emails - Q4 Jolene,VP Marketing,Senior Specialist,205,202006_Content,Marketing Director,1. Sent,North America
Sales Emails - Q4 Jolene,Marketing Director,Senior Specialist,205,202006_Content,Marketing Director,1. Sent,North America
Sales Emails - Q4 Jolene,Marketing & Operations Lead,Senior Specialist,205,202006_Content,Marketing Director,1. Sent,North America
Sales Emails - Q4 Jolene,Marketing Director,Senior Specialist,967.73,202006_Content,Marketing Director,1. Sent,North America
Sales Emails - Q4 Jolene,Marketing Director,Senior Specialist,417.78,202006_Content,Marketing Director,1. Sent,North America
Sales Emails - Q4 Delphine,Senior marketing executive,Senior Specialist,0,202006_Content,Marketing Director,1. Sent,Europe - UK & Ireland
Sales Emails - Q4 Emil,Director of Marketing,Senior Specialist,259.35,202006_Content,Marketing Director,1. Sent,Asia - East
Sales Emails - Q4 Emil,Marketing Director,Senior Specialist,241,202006_Content,Marketing Director,1. Sent,Asia - Oceania
Sales Emails - Q4 Emil,Marketing Director,Senior Specialist,519.01,202006_Content,Marketing Director,4. Positive,Asia - Oceania
Sales Emails - Q4 Jolene,Staff Writer & Social Media Director,Senior Specialist,416.12,202006_Content,Social Media Director,1. Sent,North America
Sales Emails - Q4 Jolene,Assistant Managing Editor of Social Media and Innovation,Senior Specialist,205,202006_Content,Social Media Director,1. Sent,North America
Sales Emails - Q4 Jolene,Social Media Director,Senior Specialist,728.94,202006_Content,Social Media Director,2. Negative,North America
Sales Emails - Q4 Emil,CDO,Senior Specialist,222.4,202006_Content,Analytics Director,1. Sent,MENA - Middle East
Sales Emails - Q4 Jolene,"Director, Audience, Product & Revenue Development",Senior Specialist,1184.67,202006_Content,Audience Development Director,1. Sent,North America
Sales Emails - Q4 Jolene,Audience Development Director,Senior Specialist,205,202006_Content,Audience Development Director,1. Sent,North America
Sales Emails - Q4 Jolene,VP Audience,Senior Specialist,256.47,202006_Content,Audience Development Director,1. Sent,North America
Sales Emails - Q4 Jolene,"Director, Audience and Growth",Senior Specialist,354.92,202006_Content,Audience Development Director,1. Sent,North America
Sales Emails - Q4 Alexander,Director of Audience Development,Senior Specialist,205,202006_Content,Audience Development Director,1. Sent,North America
Sales Emails - Q4 Jolene,Head of Strategy,Senior Specialist,205,202006_Content,VP Strategy,1. Sent,North America
Sales Emails - Q4 Jolene,VP Strategy,Senior Specialist,205,202006_Content,VP Strategy,1. Sent,North America
Sales Emails - Q4 Emil,Head of Digital Strategy,Senior Specialist,806.97,202006_Content,VP Strategy,1. Sent,Asia - Oceania
Sales Emails - Q4 Emil,Product Director,Senior Specialist,713.01,202006_Content,VP Product,1. Sent,Asia - East
Sales Emails - Q4 Alexander,Product Director,Senior Specialist,1082.43,202006_Content,VP Product,1. Sent,LatAm - South
Sales Emails - Q3 Ferdinand,"Web Editor, Social Media Edito",End User,232.43,202006_Content,Social Media Editor,1. Sent,Europe - Italy
Sales Emails - Q4 Jolene,Senior Social Media Editor/Writer,End User,1210.89,202006_Content,Social Media Editor,1. Sent,North America
Sales Emails - Q4 Emil,Social Media Editor,End User,945.07,202006_Content,Social Media Editor,1. Sent,Asia - Oceania
Sales Emails - Q4 Emil,Social Media Editor,End User,252.51,202006_Content,Social Media Editor,1. Sent,MENA - Middle East
Sales Emails - Q3 Ferdinand,Social Media Manager,End User,334.82,202006_Content,Social Media Manager,1. Sent,MENA - Middle East
Sales Emails - Q4 Jolene,Social Media Manager,End User,734.92,202006_Content,Social Media Manager,1. Sent,North America
Sales Emails - Q4 Jolene,Social Media Manager,End User,475.49,202006_Content,Social Media Manager,1. Sent,North America
Sales Emails - Q4 Jolene,Social Media Manager,End User,1041.24,202006_Content,Social Media Manager,1. Sent,North America
Sales Emails - Q4 Jolene,Writer And Social Media Manager,End User,450.5,202006_Content,Social Media Manager,1. Sent,North America
Sales Emails - Q4 Emil,Social Media Manager,End User,1007.08,202006_Content,Social Media Manager,1. Sent,Europe - Italy
Sales Emails - Q4 Jolene,VP of Digital,End User,0,202006_Content,Digital Manager,1. Sent,North America
Sales Emails - Q4 Jolene,Digital Media Manager,End User,205,202006_Content,Digital Manager,1. Sent,North America
Sales Emails - Q4 Jolene,Digital Manager,End User,205,202006_Content,Digital Manager,1. Sent,North America
Sales Emails - Q4 Jolene,Digital Manager,End User,919.14,202006_Content,Digital Manager,1. Sent,North America
Sales Emails - Q4 Emil,Digital Manager,End User,241,202006_Content,Digital Manager,1. Sent,Asia - Oceania
Sales Emails - Q4 Emil,"Digital specialist/ Scrum Master, Project & Product Management",End User,512.4,202006_Content,Digital Manager,1. Sent,Asia - East
Sales Emails - Q4 Emil,Digital Manager,End User,164.4,202006_Content,Digital Manager,1. Sent,Asia - East
Sales Emails - Q4 Alexander,Digital Manager,End User,157,202006_Content,Digital Manager,1. Sent,Europe - Spain & Portugal
Sales Emails - Q4 Jolene,Audience Development Manager,End User,282.13,202006_Content,Audience Development Manager,1. Sent,North America
Sales Emails - Q4 Jolene,Audience Development And Brand Manager,End User,256.24,202006_Content,Audience Development Manager,1. Sent,North America
Sales Emails - Q4 Jolene,Audience Engagement Manager,End User,216.97,202006_Content,Audience Development Manager,2. Negative,North America
Sales Emails - Q3 Ferdinand,Head of Operations,Other,124.6,202006_Content,Other,1. Sent,Europe - East
Sales Emails - Q3 Ferdinand,Editor,Other,164.4,202006_Content,Other,1. Sent,Asia - East
Sales Emails - Q4 Jolene,News Director,Other,205,202006_Content,Other,1. Sent,North America
Sales Emails - Q4 Jolene,Circulation,Other,205,202006_Content,Other,1. Sent,North America
Sales Emails - Q4 Jolene,Deputy Editor,Other,763.67,202006_Content,Other,1. Sent,North America
Sales Emails - Q4 Jolene,Executive Editor,Other,282.26,202006_Content,Other,1. Sent,North America
Sales Emails - Q4 Jolene,COO,Other,239.16,202006_Content,Other,1. Sent,North America
Sales Emails - Q4 Jolene,Director of Operations,Other,205,202006_Content,Other,1. Sent,North America
Sales Emails - Q4 Jolene,Social Media Team,Other,205,202006_Content,Other,1. Sent,North America
Sales Emails - Q4 Emil,Marketing Assistant,Other,0,202006_Content,Other,1. Sent,Asia - East
Sales Emails - Q4 Catherine,TBC,Other,362.43,202006_Content,Other,1. Sent,Europe - DACH
Sales Emails - Q4 Catherine,TBC,Other,278,202006_Content,Other,1. Sent,Europe - DACH
Sales Emails - Q4 Alexander,Commercial Manager,Other,123.8,202006_Content,Other,1. Sent,LatAm - Central
Sales Emails - Q4 Alexander,Editor,Other,4363.52,202006_Content,Other,1. Sent,LatAm - Central
Sales Emails - Q4 Catherine,TBC,Other,238,202006_Content,Other,3. Neutral,Europe - Nordics
Sales Emails - Q4 Catherine,Could not be found,,80,202006_Cost,,1. Sent,Africa
Sales Emails - Q4 Jacob,CEO,Senior Management,200,202006_Cost,CEO,1. Sent,Europe - France
Sales Emails - Q3 Jacob,CEO,Senior Management,352.96,202006_Cost,CEO,1. Sent,Africa
Sales Emails - Q3 Jacob,Associé fondateur,Senior Management,200,202006_Cost,CEO,1. Sent,Europe - France
Sales Emails - Q3 Jacob,Editor & Publisher Volkskrant,Senior Management,0,202006_Cost,CEO,1. Sent,Europe - Benelux
Sales Emails - Q3 Jacob,Co founder,Senior Management,409.02,202006_Cost,CEO,1. Sent,North America
Sales Emails - Q3 Jacob,CEO,Senior Management,205,202006_Cost,CEO,1. Sent,North America
Sales Emails - Q3 Jacob,CEO,Senior Management,274.75,202006_Cost,CEO,1. Sent,Europe - Spain & Portugal
Sales Emails - Q3 Jacob,CEO,Senior Management,157,202006_Cost,CEO,1. Sent,Europe - Spain & Portugal
Sales Emails - Q3 Jacob,Ceo,Senior Management,676.97,202006_Cost,CEO,1. Sent,LatAm - Central
Sales Emails - Q3 Jacob,De Chef,Senior Management,210,202006_Cost,CEO,1. Sent,Europe - Benelux
Sales Emails - Q3 Ferdinand,Publisher and project manager,Senior Management,188,202006_Cost,CEO,1. Sent,Europe - Italy
Sales Emails - Q3 Ferdinand,Chairman & CEO,Senior Management,388.45,202006_Cost,CEO,1. Sent,Asia - East
Sales Emails - Q3 Ferdinand,CEO,Senior Management,351.45,202006_Cost,CEO,1. Sent,Europe - DACH
Sales Emails - Q3 Ferdinand,Ceo,Senior Management,164.4,202006_Cost,CEO,1. Sent,Asia - East
Sales Emails - Q3 Ferdinand,Director In Charge,Senior Management,188,202006_Cost,CEO,1. Sent,Europe - Italy
Sales Emails - Q3 Delphine,Founder & CEO,Senior Management,487.89,202006_Cost,CEO,1. Sent,Europe - UK & Ireland
Sales Emails - Q3 Delphine,Founder,Senior Management,100,202006_Cost,CEO,1. Sent,Asia - South
Sales Emails - Q4 Jolene,Publisher,Senior Management,205,202006_Cost,CEO,1. Sent,North America
Sales Emails - Q4 Jolene,Co founder,Senior Management,382,202006_Cost,CEO,1. Sent,North America
Sales Emails - Q4 Jolene,Owner,Senior Management,571.38,202006_Cost,CEO,1. Sent,North America
Sales Emails - Q4 Jolene,Founder,Senior Management,502.51,202006_Cost,CEO,1. Sent,North America
Sales Emails - Q4 Jolene,CEO,Senior Management,397.63,202006_Cost,CEO,1. Sent,North America
Sales Emails - Q4 Jolene,CEO,Senior Management,0,202006_Cost,CEO,1. Sent,North America
Sales Emails - Q4 Jolene,CEO / cofounder,Senior Management,205,202006_Cost,CEO,1. Sent,North America
Sales Emails - Q4 Jolene,Editor & Publisher,Senior Management,205,202006_Cost,CEO,1. Sent,North America
Sales Emails - Q4 Jolene,CEO,Senior Management,270.54,202006_Cost,CEO,1. Sent,North America
Sales Emails - Q4 Jolene,Founder,Senior Management,205,202006_Cost,CEO,1. Sent,North America
Sales Emails - Q4 Jolene,Co-Owner,Senior Management,205,202006_Cost,CEO,1. Sent,North America
Sales Emails - Q4 Jolene,"Co-Founder, Coo",Senior Management,304.95,202006_Cost,CEO,1. Sent,North America
Sales Emails - Q4 Jolene,Ceo,Senior Management,573.77,202006_Cost,CEO,1. Sent,North America
Sales Emails - Q4 Jolene,"Ceo, Livingly Media",Senior Management,312.15,202006_Cost,CEO,1. Sent,North America
Sales Emails - Q4 Jolene,Publisher,Senior Management,538.05,202006_Cost,CEO,1. Sent,North America
Sales Emails - Q4 Jolene,Chief Executive Officer,Senior Management,231.8,202006_Cost,CEO,1. Sent,North America
Sales Emails - Q4 Delphine,CEO,Senior Management,0,202006_Cost,CEO,1. Sent,Asia - Russia and CIS
Sales Emails - Q4 Delphine,Founder,Senior Management,0,202006_Cost,CEO,1. Sent,Europe - UK & Ireland
Sales Emails - Q4 Delphine,CEO,Senior Management,230,202006_Cost,CEO,1. Sent,Europe - UK & Ireland
Sales Emails - Q4 Delphine,Owner,Senior Management,230,202006_Cost,CEO,1. Sent,Europe - UK & Ireland
Sales Emails - Q4 Delphine,Deputy CEO,Senior Management,119,202006_Cost,CEO,1. Sent,Asia - Russia and CIS
Sales Emails - Q4 Delphine,Founder,Senior Management,1437.11,202006_Cost,CEO,1. Sent,Asia - South
Sales Emails - Q4 Delphine,CEO,Senior Management,156,202006_Cost,CEO,1. Sent,Europe - Southeast
Sales Emails - Q4 Delphine,Co-founder,Senior Management,1003.32,202006_Cost,CEO,1. Sent,Asia - South
Sales Emails - Q4 Delphine,Ceo,Senior Management,156,202006_Cost,CEO,1. Sent,Europe - Southeast
Sales Emails - Q4 Delphine,Owner,Senior Management,249.55,202006_Cost,CEO,1. Sent,Asia - South
Sales Emails - Q4 Delphine,Co-Founder,Senior Management,516.61,202006_Cost,CEO,1. Sent,Asia - South
Sales Emails - Q4 Delphine,Director Genenral,Senior Management,377.2,202006_Cost,CEO,1. Sent,Europe - Southeast
Sales Emails - Q4 Delphine,Director General,Senior Management,478.73,202006_Cost,CEO,1. Sent,MENA - North Africa
Sales Emails - Q4 Delphine,TBD,Senior Management,426.28,202006_Cost,CEO,1. Sent,Asia - Russia and CIS
Sales Emails - Q4 Delphine,Director General,Senior Management,123.4,202006_Cost,CEO,1. Sent,MENA - North Africa
Sales Emails - Q4 Delphine,Publisher,Senior Management,123.4,202006_Cost,CEO,1. Sent,MENA - North Africa
Sales Emails - Q4 Delphine,CEO,Senior Management,0,202006_Cost,CEO,1. Sent,Europe - UK & Ireland
Sales Emails - Q4 Emil,CEO,Senior Management,164.4,202006_Cost,CEO,1. Sent,Asia - East
Sales Emails - Q4 Emil,CEO,Senior Management,241,202006_Cost,CEO,1. Sent,Asia - Oceania
Sales Emails - Q4 Emil,CEO,Senior Management,164.4,202006_Cost,CEO,1. Sent,Asia - East
Sales Emails - Q4 Emil,CEO,Senior Management,0,202006_Cost,CEO,1. Sent,Asia - Oceania
Sales Emails - Q4 Emil,CEO,Senior Management,164.4,202006_Cost,CEO,1. Sent,Asia - East
Sales Emails - Q4 Emil,CEO,Senior Management,164.4,202006_Cost,CEO,1. Sent,Asia - East
Sales Emails - Q4 Emil,Founder and director,Senior Management,188,202006_Cost,CEO,1. Sent,Europe - Italy
Sales Emails - Q4 Emil,CEO,Senior Management,188,202006_Cost,CEO,1. Sent,Europe - Italy
Sales Emails - Q4 Emil,CEO,Senior Management,188,202006_Cost,CEO,1. Sent,Europe - Italy
Sales Emails - Q4 Emil,CEO,Senior Management,1117.95,202006_Cost,CEO,1. Sent,Europe - Italy
Sales Emails - Q4 Emil,CEO & Founder,Senior Management,278.65,202006_Cost,CEO,1. Sent,Asia - East
Sales Emails - Q4 Emil,CEO,Senior Management,188,202006_Cost,CEO,1. Sent,Europe - Italy
Sales Emails - Q4 Emil,CEO,Senior Management,188,202006_Cost,CEO,1. Sent,Europe - Italy
Sales Emails - Q4 Emil,CEO & Founder,Senior Management,188,202006_Cost,CEO,1. Sent,Europe - Italy
Sales Emails - Q4 Emil,CEO,Senior Management,485.97,202006_Cost,CEO,1. Sent,Europe - Italy
Sales Emails - Q4 Emil,CEO,Senior Management,188,202006_Cost,CEO,1. Sent,Europe - Italy
Sales Emails - Q4 Emil,CEO,Senior Management,188,202006_Cost,CEO,1. Sent,Europe - Italy
Sales Emails - Q4 Emil,CEO,Senior Management,188,202006_Cost,CEO,1. Sent,Europe - Italy
Sales Emails - Q4 Emil,CEO,Senior Management,188,202006_Cost,CEO,1. Sent,Europe - Italy
Sales Emails - Q4 Emil,CEO,Senior Management,188,202006_Cost,CEO,1. Sent,Europe - Italy
Sales Emails - Q4 Emil,CEO,Senior Management,188,202006_Cost,CEO,1. Sent,Europe - Italy
Sales Emails - Q4 Emil,Ceo,Senior Management,241,202006_Cost,CEO,1. Sent,Asia - Oceania
Sales Emails - Q4 Emil,Director In Charge,Senior Management,188,202006_Cost,CEO,1. Sent,Europe - Italy
Sales Emails - Q4 Emil,Director General,Senior Management,188,202006_Cost,CEO,1. Sent,Europe - Italy
Sales Emails - Q4 Emil,Publisher,Senior Management,241,202006_Cost,CEO,1. Sent,Asia - Oceania
Sales Emails - Q4 Emil,Founder,Senior Management,188,202006_Cost,CEO,1. Sent,Europe - Italy
Sales Emails - Q4 Emil,Chief Executive Officer,Senior Management,0,202006_Cost,CEO,1. Sent,Asia - Oceania
Sales Emails - Q4 Emil,CEO,Senior Management,519.01,202006_Cost,CEO,1. Sent,Asia - Oceania
Sales Emails - Q4 Cyrus,Directrice Générale,Senior Management,200,202006_Cost,CEO,1. Sent,Europe - France
Sales Emails - Q4 Catherine,CEO,Senior Management,1084.1,202006_Cost,CEO,1. Sent,Europe - East
Sales Emails - Q4 Catherine,Owner,Senior Management,278,202006_Cost,CEO,1. Sent,Europe - DACH
Sales Emails - Q4 Catherine,CEO,Senior Management,222.31,202006_Cost,CEO,1. Sent,Europe - East
Sales Emails - Q4 Catherine,CEO,Senior Management,866.51,202006_Cost,CEO,1. Sent,Europe - East
Sales Emails - Q4 Catherine,CEO,Senior Management,220.4,202006_Cost,CEO,1. Sent,Europe - East
Sales Emails - Q4 Catherine,CEO,Senior Management,124.6,202006_Cost,CEO,1. Sent,Europe - East
Sales Emails - Q4 Catherine,co-founder,Senior Management,197.88,202006_Cost,CEO,1. Sent,Europe - East
Sales Emails - Q4 Catherine,Co-Founder,Senior Management,505.38,202006_Cost,CEO,1. Sent,Europe - East
Sales Emails - Q4 Alexander,CEO,Senior Management,666.46,202006_Cost,CEO,1. Sent,Europe - Spain & Portugal
Sales Emails - Q4 Alexander,Presidente,Senior Management,1953.91,202006_Cost,CEO,1. Sent,LatAm - Central
Sales Emails - Q4 Alexander,Director General,Senior Management,1489.32,202006_Cost,CEO,1. Sent,LatAm - Central
Sales Emails - Q4 Alexander,CEO,Senior Management,159.49,202006_Cost,CEO,1. Sent,Europe - Spain & Portugal
Sales Emails - Q4 Alexander,CEO,Senior Management,157,202006_Cost,CEO,1. Sent,Europe - Spain & Portugal
Sales Emails - Q4 Alexander,Founder & CEO,Senior Management,1174.96,202006_Cost,CEO,1. Sent,Europe - Spain & Portugal
Sales Emails - Q4 Alexander,Founder,Senior Management,123.8,202006_Cost,CEO,1. Sent,LatAm - South
Sales Emails - Q4 Alexander,CEO and General Manager,Senior Management,205,202006_Cost,CEO,1. Sent,North America
Sales Emails - Q4 Alexander,CEO,Senior Management,319.38,202006_Cost,CEO,1. Sent,Europe - Spain & Portugal
Sales Emails - Q4 Alexander,CEO,Senior Management,157,202006_Cost,CEO,1. Sent,Europe - Spain & Portugal
Sales Emails - Q4 Alexander,CEO,Senior Management,157,202006_Cost,CEO,1. Sent,Europe - Spain & Portugal
Sales Emails - Q4 Alexander,CEO,Senior Management,747.19,202006_Cost,CEO,1. Sent,LatAm - Central
Sales Emails - Q4 Alexander,Co-Founder,Senior Management,949.31,202006_Cost,CEO,1. Sent,North America
Sales Emails - Q4 Alexander,Co-founder,Senior Management,207.32,202006_Cost,CEO,1. Sent,North America
Sales Emails - Q4 Alexander,CEO,Senior Management,1247.79,202006_Cost,CEO,1. Sent,LatAm - Central
Sales Emails - Q4 Alexander,Owner,Senior Management,157,202006_Cost,CEO,1. Sent,Europe - Spain & Portugal
Sales Emails - Q4 Alexander,Ceo,Senior Management,157,202006_Cost,CEO,1. Sent,Europe - Spain & Portugal
Sales Emails - Q4 Alexander,Executive Director. Producer,Senior Management,123.8,202006_Cost,CEO,1. Sent,LatAm - South
Sales Emails - Q4 Alexander,Founder & Ceo,Senior Management,123.8,202006_Cost,CEO,1. Sent,LatAm - Central
Sales Emails - Q4 Alexander,Ceo,Senior Management,533.95,202006_Cost,CEO,1. Sent,LatAm - South
Sales Emails - Q4 Alexander,Ceo,Senior Management,1174.27,202006_Cost,CEO,1. Sent,Europe - Spain & Portugal
Sales Emails - Q4 Alexander,Ceo,Senior Management,123.8,202006_Cost,CEO,1. Sent,LatAm - Central
Sales Emails - Q4 Alexander,CEO,Senior Management,329.59,202006_Cost,CEO,1. Sent,North America
Sales Emails - Q4 Alexander,President and Chief Executive Officer,Senior Management,536.38,202006_Cost,CEO,1. Sent,North America
Sales Emails - Q4 Alexander,Owner,Senior Management,624.25,202006_Cost,CEO,1. Sent,LatAm - South
Sales Emails - Q4 Alexander,CEO,Senior Management,524.74,202006_Cost,CEO,1. Sent,LatAm - Central
Sales Emails - Q4 Alexander,President,Senior Management,892.05,202006_Cost,CEO,1. Sent,LatAm - Central
Sales Emails - Q3 Cyrus,Publisher,Senior Management,241,202006_Cost,CEO,1. Sent,Asia - Oceania
Sales Emails - Q3 Cyrus,CEO,Senior Management,205,202006_Cost,CEO,1. Sent,North America
Sales Emails - Q3 Cyrus,CEO,Senior Management,1416.31,202006_Cost,CEO,1. Sent,North America
Sales Emails - Q3 Cyrus,Digital Director and Co-founder,Senior Management,230,202006_Cost,CEO,1. Sent,Europe - UK & Ireland
Sales Emails - Q3 Cyrus,CEO,Senior Management,1608.74,202006_Cost,CEO,1. Sent,North America
Sales Emails - Q3 Cyrus,CEO,Senior Management,242.73,202006_Cost,CEO,1. Sent,Asia - Oceania
Sales Emails - Q3 Cyrus,President and Chief Marketing Officer,Senior Management,205,202006_Cost,CEO,1. Sent,North America
Sales Emails - Q3 Cyrus,CEO,Senior Management,3207.15,202006_Cost,CEO,1. Sent,North America
Sales Emails - Q3 Cyrus,CEO,Senior Management,3806.99,202006_Cost,CEO,1. Sent,Asia - Oceania
Sales Emails - Q3 Cyrus,Founder,Senior Management,534.46,202006_Cost,CEO,1. Sent,North America
Sales Emails - Q3 Cyrus,Publisher,Senior Management,914.54,202006_Cost,CEO,1. Sent,North America
Sales Emails - Q3 Cyrus,Ceo,Senior Management,205,202006_Cost,CEO,1. Sent,North America
Sales Emails - Q4 Jolene,CEO,Senior Management,205,202006_Cost,CEO,2. Negative,North America
Sales Emails - Q4 Jolene,Partner,Senior Management,582.88,202006_Cost,CEO,2. Negative,North America
Sales Emails - Q4 Emil,CEO,Senior Management,188,202006_Cost,CEO,2. Negative,Europe - Italy
Sales Emails - Q4 Catherine,CEO,Senior Management,80,202006_Cost,CEO,2. Negative,Africa
Sales Emails - Q4 Alexander,Executive Vice President of Content & Executive Producer,Senior Management,760.77,202006_Cost,CEO,2. Negative,North America
Sales Emails - Q3 Jacob,Chief Executive Officer & Chief Content Officer,Senior Management,425.26,202006_Cost,CEO,3. Neutral,LatAm - South
Sales Emails - Q4 Alexander,Director of Audience Development,Senior Specialist,483.33,202006_EbxVs,Audience Development Director,3. Neutral,North America
Sales Emails - Q4 Catherine,CEO,Senior Management,278,202006_Cost,CEO,3. Neutral,Europe - DACH
Sales Emails - Q4 Catherine,Geschäftsführer,Senior Management,278,202006_Cost,CEO,3. Neutral,Europe - DACH
Sales Emails - Q4 Catherine,CEO,Senior Management,186.9,202006_Cost,CEO,3. Neutral,Europe - East
Sales Emails - Q4 Catherine,CEO,Senior Management,278,202006_Cost,CEO,3. Neutral,Europe - DACH
Sales Emails - Q4 Catherine,Director General,Senior Management,447.04,202006_Cost,CEO,3. Neutral,Europe - East
Sales Emails - Q4 Catherine,Ceo,Senior Management,594.39,202006_Cost,CEO,3. Neutral,Europe - East
Sales Emails - Q4 Catherine,CEO,Senior Management,80,202006_Cost,CEO,3. Neutral,Africa
Sales Emails - Q4 Alexander,Director General,Senior Management,1139.61,202006_Cost,CEO,3. Neutral,LatAm - Central
Sales Emails - Q4 Delphine,Co-Founder,Senior Management,403.45,202006_Cost,CEO,4. Positive,Europe - UK & Ireland
Sales Emails - Q4 Delphine,Directeur de Publication,Senior Management,311.48,202006_Cost,CEO,4. Positive,MENA - North Africa
Sales Emails - Q4 Emil,Director General,Senior Management,300.29,202006_Cost,CEO,4. Positive,Europe - Italy
Sales Emails - Q4 Emil,Director General,Senior Management,300.29,202006_Cost,CEO,4. Positive,Europe - Italy
Sales Emails - Q4 Catherine,GF,Senior Management,278,202006_Cost,CEO,4. Positive,Europe - DACH
Sales Emails - Q3 Jacob,CTO,Senior Management,185.94,202006_Cost,Chief Technology Officer,1. Sent,LatAm - South
Sales Emails - Q3 Jacob,"Co-Founder, Cto",Senior Management,205,202006_Cost,Chief Technology Officer,1. Sent,North America
Sales Emails - Q3 Jacob,Cto,Senior Management,516.83,202006_Cost,Chief Technology Officer,1. Sent,North America
Sales Emails - Q4 Jolene,Director of Technology,Senior Management,388.22,202006_Cost,Chief Technology Officer,1. Sent,North America
Sales Emails - Q4 Jolene,Chief Technology Officer,Senior Management,838.31,202006_Cost,Chief Technology Officer,1. Sent,North America
Sales Emails - Q4 Jolene,Chief Technology Officer,Senior Management,707.98,202006_Cost,Chief Technology Officer,1. Sent,North America
Sales Emails - Q4 Delphine,CTO,Senior Management,0,202006_Cost,Chief Technology Officer,1. Sent,Europe - Southeast
Sales Emails - Q4 Delphine,CTO,Senior Management,100,202006_Cost,Chief Technology Officer,1. Sent,Asia - South
Sales Emails - Q4 Delphine,CTO,Senior Management,539.29,202006_Cost,Chief Technology Officer,1. Sent,Asia - South
Sales Emails - Q4 Alexander,CTO,Senior Management,157,202006_Cost,Chief Technology Officer,1. Sent,Europe - Spain & Portugal
Sales Emails - Q3 Cyrus,Cto,Senior Management,991.4,202006_Cost,Chief Technology Officer,1. Sent,North America
Sales Emails - Q4 Delphine,CMO,Senior Management,0,202006_Cost,Chief Marketing Officer,1. Sent,Asia - Russia and CIS
Sales Emails - Q3 Ferdinand,Deputy Managing Director,Senior Management,188,202006_Cost,Managing Director,1. Sent,Europe - Italy
Sales Emails - Q4 Jolene,Managing Director,Senior Management,205,202006_Cost,Managing Director,1. Sent,North America
Sales Emails - Q4 Delphine,General Manager,Senior Management,5000,202006_Cost,Managing Director,1. Sent,Asia - South
Sales Emails - Q4 Delphine,Asst. Vice President & Head,Senior Management,253.3,202006_Cost,Managing Director,1. Sent,Asia - South
Sales Emails - Q4 Emil,Managing Director,Senior Management,241,202006_Cost,Managing Director,1. Sent,Asia - Oceania
Sales Emails - Q4 Emil,Managing Director,Senior Management,613.34,202006_Cost,Managing Director,1. Sent,Asia - East
Sales Emails - Q4 Emil,Founder & Director,Senior Management,188,202006_Cost,Managing Director,1. Sent,Europe - Italy
Sales Emails - Q4 Catherine,Programme Director,Senior Management,874.32,202006_Cost,Managing Director,1. Sent,Europe - East
Sales Emails - Q4 Alexander,Director,Senior Management,157,202006_Cost,Managing Director,1. Sent,Europe - Spain & Portugal
Sales Emails - Q4 Alexander,Managing Director,Senior Management,157,202006_Cost,Managing Director,1. Sent,Europe - Spain & Portugal
Sales Emails - Q4 Emil,Director,Senior Management,1138.14,202006_Cost,Managing Director,2. Negative,Europe - Italy
Sales Emails - Q4 Jolene,Chief Digital Officer,Senior Management,205,202006_Cost,Chief Digital Officer,1. Sent,North America
Sales Emails - Q4 Jolene,Chief Digital Officer,Senior Management,205,202006_Cost,Chief Digital Officer,1. Sent,North America
Sales Emails - Q4 Jolene,Chief Digital Officer,Senior Management,370.08,202006_Cost,Chief Digital Officer,1. Sent,North America
Sales Emails - Q4 Delphine,COO,Senior Management,119,202006_Cost,Chief Digital Officer,1. Sent,Asia - Russia and CIS
Sales Emails - Q4 Alexander,Chief Digital Officer,Senior Management,1224.2,202006_Cost,Chief Digital Officer,1. Sent,LatAm - South
Sales Emails - Q4 Jacob,Rédacteur en chef associé,Senior Editorial,200,202006_Cost,Editor In Chief,1. Sent,Europe - France
Sales Emails - Q4 Jacob,Rédacteur en chef,Senior Editorial,3228.33,202006_Cost,Editor In Chief,1. Sent,Europe - France
Sales Emails - Q4 Jacob,Rédacteur en Chef,Senior Editorial,200,202006_Cost,Editor In Chief,1. Sent,Europe - France
Sales Emails - Q3 Jacob,Editor in Chief & COO,Senior Editorial,459.92,202006_Cost,Editor In Chief,1. Sent,Africa
Sales Emails - Q3 Jacob,Editor-in-Chief,Senior Editorial,503.02,202006_Cost,Editor In Chief,1. Sent,Europe - Benelux
Sales Emails - Q3 Jacob,Eindredacteur,Senior Editorial,339.43,202006_Cost,Editor In Chief,1. Sent,Europe - Benelux
Sales Emails - Q3 Jacob,Eindredacteur,Senior Editorial,210,202006_Cost,Editor In Chief,1. Sent,Europe - Benelux
Sales Emails - Q3 Jacob,Editor-in-Chief,Senior Editorial,240.29,202006_Cost,Editor In Chief,1. Sent,North America
Sales Emails - Q3 Jacob,Chief Editor,Senior Editorial,569.1,202006_Cost,Editor In Chief,1. Sent,Europe - Benelux
Sales Emails - Q3 Jacob,Editor in Chief,Senior Editorial,210,202006_Cost,Editor In Chief,1. Sent,Europe - Benelux
Sales Emails - Q3 Jacob,Editor in Chief,Senior Editorial,205,202006_Cost,Editor In Chief,1. Sent,North America
Sales Emails - Q3 Jacob,Editor In Chief,Senior Editorial,3527.78,202006_Cost,Editor In Chief,1. Sent,North America
Sales Emails - Q3 Jacob,Editora En Jefe,Senior Editorial,382.96,202006_Cost,Editor In Chief,1. Sent,LatAm - Central
Sales Emails - Q3 Jacob,Editor in Chief,Senior Editorial,523.7,202006_Cost,Editor In Chief,1. Sent,North America
Sales Emails - Q3 Ferdinand,Editor in Chief,Senior Editorial,492.06,202006_Cost,Editor In Chief,1. Sent,Europe - East
Sales Emails - Q3 Ferdinand,Chefredakteur,Senior Editorial,310.15,202006_Cost,Editor In Chief,1. Sent,Europe - DACH
Sales Emails - Q3 Ferdinand,Editor in Chief,Senior Editorial,222.4,202006_Cost,Editor In Chief,1. Sent,MENA - Middle East
Sales Emails - Q3 Ferdinand,Editor in Chief,Senior Editorial,407.33,202006_Cost,Editor In Chief,1. Sent,Europe - East
Sales Emails - Q3 Ferdinand,Editor in Chief,Senior Editorial,124.6,202006_Cost,Editor In Chief,1. Sent,Europe - East
Sales Emails - Q3 Ferdinand,Stv. Chefredakteur,Senior Editorial,278,202006_Cost,Editor In Chief,1. Sent,Europe - DACH
Sales Emails - Q3 Ferdinand,Editor-in-chief,Senior Editorial,188,202006_Cost,Editor In Chief,1. Sent,Europe - Italy
Sales Emails - Q3 Ferdinand,Editor in Chief,Senior Editorial,166.12,202006_Cost,Editor In Chief,1. Sent,Europe - East
Sales Emails - Q3 Ferdinand,Editor in Chief,Senior Editorial,124.6,202006_Cost,Editor In Chief,1. Sent,Europe - East
Sales Emails - Q3 Ferdinand,Editor in Chief,Senior Editorial,124.6,202006_Cost,Editor In Chief,1. Sent,Europe - East
Sales Emails - Q3 Ferdinand,Editor in Chief,Senior Editorial,124.6,202006_Cost,Editor In Chief,1. Sent,Europe - East
Sales Emails - Q3 Ferdinand,Editor In Chief,Senior Editorial,124.6,202006_Cost,Editor In Chief,1. Sent,Europe - East
Sales Emails - Q3 Delphine,Editor-in-chief,Senior Editorial,123.8,202006_Cost,Editor In Chief,1. Sent,LatAm - South
Sales Emails - Q3 Delphine,Chief Editor Promipool.com,Senior Editorial,4377,202006_Cost,Editor In Chief,1. Sent,Europe - UK & Ireland
Sales Emails - Q4 Jolene,Editor in Chief,Senior Editorial,205,202006_Cost,Editor In Chief,1. Sent,North America
Sales Emails - Q4 Jolene,Editor-in-Chief,Senior Editorial,205,202006_Cost,Editor In Chief,1. Sent,North America
Sales Emails - Q4 Jolene,President and Editor in Chief,Senior Editorial,205,202006_Cost,Editor In Chief,1. Sent,North America
Sales Emails - Q4 Jolene,Editor in Chief,Senior Editorial,610.93,202006_Cost,Editor In Chief,1. Sent,North America
Sales Emails - Q4 Jolene,Editor In Chief,Senior Editorial,653.52,202006_Cost,Editor In Chief,1. Sent,North America
Sales Emails - Q4 Delphine,Editor In Chief,Senior Editorial,2485.85,202006_Cost,Editor In Chief,1. Sent,Asia - Russia and CIS
Sales Emails - Q4 Delphine,Editor in Chief,Senior Editorial,156,202006_Cost,Editor In Chief,1. Sent,Europe - Southeast
Sales Emails - Q4 Delphine,Editor in Chief,Senior Editorial,156,202006_Cost,Editor In Chief,1. Sent,Europe - Southeast
Sales Emails - Q4 Delphine,Editor in Chief,Senior Editorial,487.15,202006_Cost,Editor In Chief,1. Sent,Europe - Southeast
Sales Emails - Q4 Delphine,Editor in Chief,Senior Editorial,156,202006_Cost,Editor In Chief,1. Sent,Europe - Southeast
Sales Emails - Q4 Delphine,Editor in Chief,Senior Editorial,156,202006_Cost,Editor In Chief,1. Sent,Europe - Southeast
Sales Emails - Q4 Delphine,Chief Editor,Senior Editorial,119,202006_Cost,Editor In Chief,1. Sent,Asia - Russia and CIS
Sales Emails - Q4 Delphine,Editor in Chief,Senior Editorial,119,202006_Cost,Editor In Chief,1. Sent,Asia - Russia and CIS
Sales Emails - Q4 Delphine,Chief Editor,Senior Editorial,119,202006_Cost,Editor In Chief,1. Sent,Asia - Russia and CIS
Sales Emails - Q4 Delphine,Editor in Chief,Senior Editorial,395.88,202006_Cost,Editor In Chief,1. Sent,MENA - North Africa
Sales Emails - Q4 Delphine,Editor-in-Chief,Senior Editorial,119,202006_Cost,Editor In Chief,1. Sent,Asia - Russia and CIS
Sales Emails - Q4 Delphine,"Founder, Editor-In-Chief",Senior Editorial,230,202006_Cost,Editor In Chief,1. Sent,Europe - UK & Ireland
Sales Emails - Q4 Delphine,Editor In Chief,Senior Editorial,512.36,202006_Cost,Editor In Chief,1. Sent,Asia - South
Sales Emails - Q4 Delphine,Editor In Chief,Senior Editorial,592.01,202006_Cost,Editor In Chief,1. Sent,Europe - UK & Ireland
Sales Emails - Q4 Delphine,Rédacteur en chef,Senior Editorial,123.4,202006_Cost,Editor In Chief,1. Sent,MENA - North Africa
Sales Emails - Q4 Delphine,Editor in Chief,Senior Editorial,805.21,202006_Cost,Editor In Chief,1. Sent,Europe - UK & Ireland
Sales Emails - Q4 Delphine,Chief Editor,Senior Editorial,137.94,202006_Cost,Editor In Chief,1. Sent,Asia - Russia and CIS
Sales Emails - Q4 Delphine,Editor in Chief (of the website),Senior Editorial,119,202006_Cost,Editor In Chief,1. Sent,Asia - Russia and CIS
Sales Emails - Q4 Emil,Editor in Chief - MEGA,Senior Editorial,1103.12,202006_Cost,Editor In Chief,1. Sent,Asia - East
Sales Emails - Q4 Emil,Editor,Senior Editorial,241,202006_Cost,Editor In Chief,1. Sent,Asia - Oceania
Sales Emails - Q4 Emil,the editor in chief,Senior Editorial,841.94,202006_Cost,Editor In Chief,1. Sent,Asia - East
Sales Emails - Q4 Emil,Editor-in-Chief WellBeing Magazine and EatWell Magazine,Senior Editorial,241,202006_Cost,Editor In Chief,1. Sent,Asia - Oceania
Sales Emails - Q4 Emil,Editor In Chief,Senior Editorial,188,202006_Cost,Editor In Chief,1. Sent,Europe - Italy
Sales Emails - Q4 Emil,Editor-in-Chief,Senior Editorial,188,202006_Cost,Editor In Chief,1. Sent,Europe - Italy
Sales Emails - Q4 Emil,Caporedattore,Senior Editorial,195.17,202006_Cost,Editor In Chief,1. Sent,Europe - Italy
Sales Emails - Q4 Emil,Editor In Chief,Senior Editorial,188,202006_Cost,Editor In Chief,1. Sent,Europe - Italy
Sales Emails - Q4 Emil,Editor in Chief,Senior Editorial,493.53,202006_Cost,Editor In Chief,1. Sent,Asia - East
Sales Emails - Q4 Emil,Editor in chief,Senior Editorial,976.65,202006_Cost,Editor In Chief,1. Sent,Europe - Italy
Sales Emails - Q4 Emil,Editor-in-chief,Senior Editorial,405.56,202006_Cost,Editor In Chief,1. Sent,Europe - Italy
Sales Emails - Q4 Emil,Editor in Chief,Senior Editorial,164.4,202006_Cost,Editor In Chief,1. Sent,Asia - East
Sales Emails - Q4 Emil,Editor-in-chief,Senior Editorial,188,202006_Cost,Editor In Chief,1. Sent,Europe - Italy
Sales Emails - Q4 Emil,Editor-in-Chief,Senior Editorial,188,202006_Cost,Editor In Chief,1. Sent,Europe - Italy
Sales Emails - Q4 Emil,Editor in Chief,Senior Editorial,188,202006_Cost,Editor In Chief,1. Sent,Europe - Italy
Sales Emails - Q4 Emil,Editor In Chief,Senior Editorial,241,202006_Cost,Editor In Chief,1. Sent,Asia - Oceania
Sales Emails - Q4 Emil,Editor-in-Chief,Senior Editorial,1062.98,202006_Cost,Editor In Chief,1. Sent,Asia - East
Sales Emails - Q4 Emil,editor in chief,Senior Editorial,1073.5,202006_Cost,Editor In Chief,1. Sent,Asia - East
Sales Emails - Q4 Emil,Senior Executive Editor,Senior Editorial,384.58,202006_Cost,Editor In Chief,1. Sent,Asia - Oceania
Sales Emails - Q4 Cyrus,Rédacteur En Chef,Senior Editorial,200,202006_Cost,Editor In Chief,1. Sent,Europe - France
Sales Emails - Q4 Catherine,Editor in Chief,Senior Editorial,124.6,202006_Cost,Editor In Chief,1. Sent,Europe - East
Sales Emails - Q4 Catherine,Editor-in-Chief,Senior Editorial,124.6,202006_Cost,Editor In Chief,1. Sent,Europe - East
Sales Emails - Q4 Catherine,Editor-in-Chief,Senior Editorial,124.6,202006_Cost,Editor In Chief,1. Sent,Europe - East
Sales Emails - Q4 Catherine,Chief Editor,Senior Editorial,238,202006_Cost,Editor In Chief,1. Sent,Europe - Nordics
Sales Emails - Q4 Catherine,Stellv. Chefredakteur,Senior Editorial,278,202006_Cost,Editor In Chief,1. Sent,Europe - DACH
Sales Emails - Q4 Catherine,Chefredakteur & Geschäftsführer,Senior Editorial,637.29,202006_Cost,Editor In Chief,1. Sent,Europe - DACH
Sales Emails - Q4 Catherine,Editor in Chief,Senior Editorial,124.6,202006_Cost,Editor In Chief,1. Sent,Europe - East
Sales Emails - Q4 Catherine,Editor in Chief,Senior Editorial,124.6,202006_Cost,Editor In Chief,1. Sent,Europe - East
Sales Emails - Q4 Catherine,Editor in Chief,Senior Editorial,124.6,202006_Cost,Editor In Chief,1. Sent,Europe - East
Sales Emails - Q4 Catherine,Editor in Chief,Senior Editorial,124.6,202006_Cost,Editor In Chief,1. Sent,Europe - East
Sales Emails - Q4 Catherine,Editor in Chief,Senior Editorial,352.29,202006_Cost,Editor In Chief,1. Sent,Europe - East
Sales Emails - Q4 Catherine,Chief Editor,Senior Editorial,238,202006_Cost,Editor In Chief,1. Sent,Europe - Nordics
Sales Emails - Q4 Catherine,Editor in Chief,Senior Editorial,278,202006_Cost,Editor In Chief,1. Sent,Europe - DACH
Sales Emails - Q4 Catherine,Editor in Chief,Senior Editorial,272.63,202006_Cost,Editor In Chief,1. Sent,Europe - East
Sales Emails - Q4 Catherine,Editor in Chief,Senior Editorial,278,202006_Cost,Editor In Chief,1. Sent,Europe - DACH
Sales Emails - Q4 Catherine,Editor-in-Chief,Senior Editorial,124.6,202006_Cost,Editor In Chief,1. Sent,Europe - East
Sales Emails - Q4 Catherine,Chief Editor,Senior Editorial,238,202006_Cost,Editor In Chief,1. Sent,Europe - Nordics
Sales Emails - Q4 Catherine,Editor in Chief,Senior Editorial,124.6,202006_Cost,Editor In Chief,1. Sent,Europe - East
Sales Emails - Q4 Catherine,Editor in Chief,Senior Editorial,193.47,202006_Cost,Editor In Chief,1. Sent,Europe - East
Sales Emails - Q4 Catherine,Editor in Chief - Trend.sk,Senior Editorial,124.6,202006_Cost,Editor In Chief,1. Sent,Europe - East
Sales Emails - Q4 Catherine,Editor in Chief,Senior Editorial,124.6,202006_Cost,Editor In Chief,1. Sent,Europe - East
Sales Emails - Q4 Catherine,Deputy Editor-in-Chief,Senior Editorial,124.6,202006_Cost,Editor In Chief,1. Sent,Europe - East
Sales Emails - Q4 Catherine,Editor-in-Chief,Senior Editorial,124.6,202006_Cost,Editor In Chief,1. Sent,Europe - East
Sales Emails - Q4 Catherine,Editor in Chief,Senior Editorial,612.99,202006_Cost,Editor In Chief,1. Sent,Europe - East
Sales Emails - Q4 Catherine,Editor In Chief,Senior Editorial,124.6,202006_Cost,Editor In Chief,1. Sent,Europe - East
Sales Emails - Q4 Catherine,Editor In Chief,Senior Editorial,278,202006_Cost,Editor In Chief,1. Sent,Europe - DACH
Sales Emails - Q4 Catherine,Editor in Chief,Senior Editorial,204.59,202006_Cost,Editor In Chief,1. Sent,Europe - East
Sales Emails - Q4 Catherine,Editor in CHief,Senior Editorial,313.56,202006_Cost,Editor In Chief,1. Sent,Europe - DACH
Sales Emails - Q4 Catherine,Editor in Chief,Senior Editorial,238,202006_Cost,Editor In Chief,1. Sent,Europe - Nordics
Sales Emails - Q4 Alexander,Editor In Chief Latin America,Senior Editorial,175.06,202006_Cost,Editor In Chief,1. Sent,Europe - Spain & Portugal
Sales Emails - Q4 Alexander,Editor in Chief,Senior Editorial,454.06,202006_Cost,Editor In Chief,1. Sent,LatAm - South
Sales Emails - Q4 Alexander,Editor In Chief,Senior Editorial,157,202006_Cost,Editor In Chief,1. Sent,Europe - Spain & Portugal
Sales Emails - Q4 Alexander,Editor In Chief,Senior Editorial,205,202006_Cost,Editor In Chief,1. Sent,North America
Sales Emails - Q3 Cyrus,Editor in Chief,Senior Editorial,205,202006_Cost,Editor In Chief,1. Sent,North America
Sales Emails - Q3 Cyrus,Co-Editor in Chief,Senior Editorial,205,202006_Cost,Editor In Chief,1. Sent,North America
Sales Emails - Q3 Cyrus,Editor in Chief,Senior Editorial,1239.66,202006_Cost,Editor In Chief,1. Sent,Asia - Oceania
Sales Emails - Q3 Cyrus,Editor-in-chief,Senior Editorial,850.51,202006_Cost,Editor In Chief,1. Sent,North America
Sales Emails - Q3 Cyrus,Editor In Chief,Senior Editorial,473.32,202006_Cost,Editor In Chief,1. Sent,North America
Sales Emails - Q3 Ferdinand,Chefredakteur,Senior Editorial,278,202006_Cost,Editor In Chief,2. Negative,Europe - DACH
Sales Emails - Q4 Jolene,Editor in Chief,Senior Editorial,205,202006_Cost,Editor In Chief,2. Negative,North America
Sales Emails - Q4 Catherine,Editor in Chief,Senior Editorial,278,202006_Cost,Editor In Chief,2. Negative,Europe - DACH
Sales Emails - Q4 Delphine,Chief Editor,Senior Editorial,,202006_Cost,Editor In Chief,3. Neutral,Europe - UK & Ireland
Sales Emails - Q4 Catherine,Stellv. CvD TT,Senior Editorial,278,202006_Cost,Editor In Chief,3. Neutral,Europe - DACH
Sales Emails - Q4 Catherine,Stellv. Chef vom Dienst,Senior Editorial,278,202006_Cost,Editor In Chief,3. Neutral,Europe - DACH
Sales Emails - Q4 Catherine,Chefredakteur,Senior Editorial,278,202006_Cost,Editor In Chief,3. Neutral,Europe - DACH
Sales Emails - Q4 Catherine,Stv. Chefredakteur,Senior Editorial,295.87,202006_Cost,Editor In Chief,3. Neutral,Europe - DACH
Sales Emails - Q4 Catherine,Chefredakteur,Senior Editorial,278,202006_Cost,Editor In Chief,3. Neutral,Europe - DACH
Sales Emails - Q3 Jacob,Director Editorial,Senior Editorial,278.72,202006_Cost,Managing Editor,1. Sent,LatAm - Central
Sales Emails - Q3 Jacob,Director Editorial,Senior Editorial,123.8,202006_Cost,Managing Editor,1. Sent,LatAm - Central
Sales Emails - Q3 Jacob,Managing Editor,Senior Editorial,210,202006_Cost,Managing Editor,1. Sent,Europe - Benelux
Sales Emails - Q3 Jacob,Managing editor,Senior Editorial,5511.09,202006_Cost,Managing Editor,1. Sent,North America
Sales Emails - Q3 Ferdinand,Deputy Managing Editor,Senior Editorial,188,202006_Cost,Managing Editor,1. Sent,Europe - Italy
Sales Emails - Q3 Ferdinand,Managing Editor,Senior Editorial,188,202006_Cost,Managing Editor,1. Sent,Europe - Italy
Sales Emails - Q3 Ferdinand,Managing Editor,Senior Editorial,626.4,202006_Cost,Managing Editor,1. Sent,Asia - East
Sales Emails - Q3 Ferdinand,Deputy Managing Editor,Senior Editorial,150.95,202006_Cost,Managing Editor,1. Sent,Europe - East
Sales Emails - Q3 Ferdinand,Managing Editor,Senior Editorial,2005.68,202006_Cost,Managing Editor,1. Sent,MENA - Middle East
Sales Emails - Q3 Delphine,Managing Editor,Senior Editorial,119,202006_Cost,Managing Editor,1. Sent,Asia - Russia and CIS
Sales Emails - Q4 Jolene,Managing Editor,Senior Editorial,205,202006_Cost,Managing Editor,1. Sent,North America
Sales Emails - Q4 Jolene,Director & Managing Editor,Senior Editorial,1007.43,202006_Cost,Managing Editor,1. Sent,North America
Sales Emails - Q4 Jolene,Deputy Managing Editor,Senior Editorial,205,202006_Cost,Managing Editor,1. Sent,North America
Sales Emails - Q4 Jolene,Managing editor,Senior Editorial,205,202006_Cost,Managing Editor,1. Sent,North America
Sales Emails - Q4 Jolene,Editorial Director,Senior Editorial,205,202006_Cost,Managing Editor,1. Sent,North America
Sales Emails - Q4 Jolene,Managing Editor,Senior Editorial,205,202006_Cost,Managing Editor,1. Sent,North America
Sales Emails - Q4 Jolene,Managing Editor,Senior Editorial,555.15,202006_Cost,Managing Editor,1. Sent,North America
Sales Emails - Q4 Jolene,Managing Editor,Senior Editorial,427.02,202006_Cost,Managing Editor,1. Sent,North America
Sales Emails - Q4 Jolene,Managing Editor,Senior Editorial,313.87,202006_Cost,Managing Editor,1. Sent,North America
Sales Emails - Q4 Jolene,Managing Editor,Senior Editorial,297.67,202006_Cost,Managing Editor,1. Sent,North America
Sales Emails - Q4 Jolene,Managing Editor,Senior Editorial,0,202006_Cost,Managing Editor,1. Sent,North America
Sales Emails - Q4 Jolene,Managing Editor,Senior Editorial,748.91,202006_Cost,Managing Editor,1. Sent,North America
Sales Emails - Q4 Jolene,Managing Editor,Senior Editorial,451.95,202006_Cost,Managing Editor,1. Sent,North America
Sales Emails - Q4 Jolene,Senior Editor,Senior Editorial,473.32,202006_Cost,Managing Editor,1. Sent,North America
Sales Emails - Q4 Jolene,Managing Editor,Senior Editorial,205,202006_Cost,Managing Editor,1. Sent,North America
Sales Emails - Q4 Delphine,Managing Editor,Senior Editorial,303.12,202006_Cost,Managing Editor,1. Sent,MENA - North Africa
Sales Emails - Q4 Delphine,Publishing Director,Senior Editorial,230,202006_Cost,Managing Editor,1. Sent,Europe - UK & Ireland
Sales Emails - Q4 Delphine,Managing Editor,Senior Editorial,570.38,202006_Cost,Managing Editor,1. Sent,MENA - North Africa
Sales Emails - Q4 Delphine,Managing Editor,Senior Editorial,277.47,202006_Cost,Managing Editor,1. Sent,Asia - South
Sales Emails - Q4 Delphine,Redacteur,Senior Editorial,349.6,202006_Cost,Managing Editor,1. Sent,MENA - North Africa
Sales Emails - Q4 Emil,Managing Editor,Senior Editorial,286.63,202006_Cost,Managing Editor,1. Sent,Asia - East
Sales Emails - Q4 Emil,Managing Editor,Senior Editorial,241,202006_Cost,Managing Editor,1. Sent,Asia - Oceania
Sales Emails - Q4 Emil,Managing Editor,Senior Editorial,241,202006_Cost,Managing Editor,1. Sent,Asia - Oceania
Sales Emails - Q4 Emil,Managing Editor,Senior Editorial,164.4,202006_Cost,Managing Editor,1. Sent,Asia - East
Sales Emails - Q4 Emil,Managing Editor,Senior Editorial,188,202006_Cost,Managing Editor,1. Sent,Europe - Italy
Sales Emails - Q4 Emil,Managing Editor,Senior Editorial,0,202006_Cost,Managing Editor,1. Sent,Europe - Italy
Sales Emails - Q4 Emil,Managing Editor,Senior Editorial,188,202006_Cost,Managing Editor,1. Sent,Europe - Italy
Sales Emails - Q4 Cyrus,Editorial Manager Print,Senior Editorial,226.85,202006_Cost,Managing Editor,1. Sent,Europe - Benelux
Sales Emails - Q4 Catherine,Managing Editor,Senior Editorial,721.59,202006_Cost,Managing Editor,1. Sent,Africa
Sales Emails - Q4 Catherine,Managing Editor,Senior Editorial,80,202006_Cost,Managing Editor,1. Sent,Africa
Sales Emails - Q4 Catherine,Managing Editor,Senior Editorial,124.6,202006_Cost,Managing Editor,1. Sent,Europe - East
Sales Emails - Q4 Catherine,Assistant Managing Editor,Senior Editorial,238,202006_Cost,Managing Editor,1. Sent,Europe - Nordics
Sales Emails - Q4 Catherine,Managing Editor,Senior Editorial,664.44,202006_Cost,Managing Editor,1. Sent,Europe - East
Sales Emails - Q4 Catherine,Stellv. Redaktionsleitung,Senior Editorial,278,202006_Cost,Managing Editor,1. Sent,Europe - DACH
Sales Emails - Q4 Alexander,Director Editorial,Senior Editorial,232.84,202006_Cost,Managing Editor,1. Sent,LatAm - Central
Sales Emails - Q4 Alexander,Managing Editor,Senior Editorial,157,202006_Cost,Managing Editor,1. Sent,Europe - Spain & Portugal
Sales Emails - Q4 Alexander,Editor General,Senior Editorial,242.18,202006_Cost,Managing Editor,1. Sent,LatAm - South
Sales Emails - Q4 Alexander,Editora realizadora,Senior Editorial,243.72,202006_Cost,Managing Editor,1. Sent,LatAm - South
Sales Emails - Q3 Cyrus,Deputy Managing Editor,Senior Editorial,773.1,202006_Cost,Managing Editor,1. Sent,North America
Sales Emails - Q3 Cyrus,Editorial Director,Senior Editorial,248.55,202006_Cost,Managing Editor,1. Sent,North America
Sales Emails - Q3 Cyrus,Managing Editor,Senior Editorial,10250,202006_Cost,Managing Editor,1. Sent,North America
Sales Emails - Q3 Cyrus,Managing Editor,Senior Editorial,242.73,202006_Cost,Managing Editor,1. Sent,Asia - Oceania
Sales Emails - Q3 Cyrus,Managing Editor,Senior Editorial,4428.38,202006_Cost,Managing Editor,1. Sent,Europe - UK & Ireland
Sales Emails - Q3 Cyrus,Senior Associate Editor,Senior Editorial,205,202006_Cost,Managing Editor,1. Sent,North America
Sales Emails - Q3 Cyrus,Managing Editor,Senior Editorial,494.17,202006_Cost,Managing Editor,1. Sent,North America
Sales Emails - Q4 Jolene,Managing Editor,Senior Editorial,0,202006_Cost,Managing Editor,2. Negative,North America
Sales Emails - Q4 Jolene,Deputy Managing Editor,Senior Editorial,1158.11,202006_Cost,Managing Editor,2. Negative,North America
Sales Emails - Q4 Emil,Managing Editor,Senior Editorial,188,202006_Cost,Managing Editor,2. Negative,Europe - Italy
Sales Emails - Q3 Cyrus,Managing Editor,Senior Editorial,205,202006_Cost,Managing Editor,2. Negative,North America
Sales Emails - Q4 Cyrus,Directeur des rédactions,Senior Editorial,200,202006_Cost,Managing Editor,3. Neutral,Europe - France
Sales Emails - Q3 Jacob,Digital Editor,Senior Editorial,210,202006_Cost,Digital Editor,1. Sent,Europe - Benelux
Sales Emails - Q3 Jacob,Digital Editor,Senior Editorial,157,202006_Cost,Digital Editor,1. Sent,Europe - Spain & Portugal
Sales Emails - Q3 Jacob,Digital Editor,Senior Editorial,200,202006_Cost,Digital Editor,1. Sent,Europe - France
Sales Emails - Q3 Ferdinand,Digital Editor,Senior Editorial,1301.4,202006_Cost,Digital Editor,1. Sent,Europe - Italy
Sales Emails - Q3 Ferdinand,Online Editor in Chief,Senior Editorial,141.52,202006_Cost,Digital Editor,1. Sent,Europe - East
Sales Emails - Q3 Ferdinand,Digital Editor,Senior Editorial,750.49,202006_Cost,Digital Editor,1. Sent,Asia - East
Sales Emails - Q3 Ferdinand,Editor webového obsahu,Senior Editorial,141.52,202006_Cost,Digital Editor,1. Sent,Europe - East
Sales Emails - Q3 Ferdinand,Digital Content Editor,Senior Editorial,384.05,202006_Cost,Digital Editor,1. Sent,Europe - East
Sales Emails - Q3 Delphine,Digital Editor,Senior Editorial,230,202006_Cost,Digital Editor,1. Sent,Europe - UK & Ireland
Sales Emails - Q3 Delphine,Digital Editor,Senior Editorial,1881.58,202006_Cost,Digital Editor,1. Sent,Europe - UK & Ireland
Sales Emails - Q3 Delphine,Digital Content Editor,Senior Editorial,230,202006_Cost,Digital Editor,1. Sent,Europe - UK & Ireland
Sales Emails - Q4 Jolene,Online Editor,Senior Editorial,205,202006_Cost,Digital Editor,1. Sent,North America
Sales Emails - Q4 Jolene,Digital Editor,Senior Editorial,897.36,202006_Cost,Digital Editor,1. Sent,North America
Sales Emails - Q4 Delphine,Digital Editor,Senior Editorial,186.81,202006_Cost,Digital Editor,1. Sent,Europe - Southeast
Sales Emails - Q4 Delphine,Digital Editor,Senior Editorial,156,202006_Cost,Digital Editor,1. Sent,Europe - Southeast
Sales Emails - Q4 Delphine,Digital Editor,Senior Editorial,156,202006_Cost,Digital Editor,1. Sent,Europe - Southeast
Sales Emails - Q4 Delphine,Digital Editor,Senior Editorial,1243.54,202006_Cost,Digital Editor,1. Sent,Asia - South
Sales Emails - Q4 Delphine,Digital Editor,Senior Editorial,119,202006_Cost,Digital Editor,1. Sent,Asia - Russia and CIS
Sales Emails - Q4 Delphine,Digital Editor,Senior Editorial,100,202006_Cost,Digital Editor,1. Sent,Asia - South
Sales Emails - Q4 Delphine,Digital Editor,Senior Editorial,123.4,202006_Cost,Digital Editor,1. Sent,MENA - North Africa
Sales Emails - Q4 Catherine,Digital Editor,Senior Editorial,124.6,202006_Cost,Digital Editor,1. Sent,Europe - East
Sales Emails - Q4 Catherine,Head of Online Editing,Senior Editorial,826.66,202006_Cost,Digital Editor,1. Sent,Europe - DACH
Sales Emails - Q4 Alexander,Digital Editor,Senior Editorial,157,202006_Cost,Digital Editor,1. Sent,Europe - Spain & Portugal
Sales Emails - Q4 Alexander,Digital Editor,Senior Editorial,123.8,202006_Cost,Digital Editor,1. Sent,LatAm - South
Sales Emails - Q4 Alexander,Digital Editor,Senior Editorial,524.74,202006_Cost,Digital Editor,1. Sent,LatAm - Central
Sales Emails - Q3 Cyrus,"Editor, Digital Arts + Head of Experience Design, IDG Tech Media at IDG UK",Senior Editorial,456.49,202006_Cost,Digital Editor,1. Sent,Europe - UK & Ireland
Sales Emails - Q4 Catherine,"Online-Redakteur (News, Video, Social)",Senior Editorial,278,202006_Cost,Digital Editor,2. Negative,Europe - DACH
Sales Emails - Q3 Ferdinand,Chefredakteur Online,Senior Editorial,278,202006_Cost,Digital Editor,3. Neutral,Europe - DACH
Sales Emails - Q3 Delphine,Digital Editor,Senior Editorial,230,202006_Cost,Digital Editor,3. Neutral,Europe - UK & Ireland
Sales Emails - Q4 Delphine,Digital editor,Senior Editorial,230,202006_Cost,Digital Editor,3. Neutral,Europe - UK & Ireland
Sales Emails - Q3 Jacob,"Director, Digital Technology",Senior Specialist,205,202006_Cost,Digital Director,1. Sent,North America
Sales Emails - Q3 Ferdinand,Digital Chefin,Senior Specialist,278,202006_Cost,Digital Director,1. Sent,Europe - DACH
Sales Emails - Q3 Ferdinand,Digital Director,Senior Specialist,764.8,202006_Cost,Digital Director,1. Sent,Asia - East
Sales Emails - Q3 Delphine,Head of Digital Media,Senior Specialist,3293.97,202006_Cost,Digital Director,1. Sent,Europe - UK & Ireland
Sales Emails - Q3 Delphine,Head of Digital,Senior Specialist,359.47,202006_Cost,Digital Director,1. Sent,LatAm - Central
Sales Emails - Q4 Jolene,Digital Director,Senior Specialist,205,202006_Cost,Digital Director,1. Sent,North America
Sales Emails - Q4 Jolene,Director Of Digital Media,Senior Specialist,478.46,202006_Cost,Digital Director,1. Sent,North America
Sales Emails - Q4 Jolene,"VP, Digital",Senior Specialist,205,202006_Cost,Digital Director,1. Sent,North America
Sales Emails - Q4 Jolene,Digital Director,Senior Specialist,290.7,202006_Cost,Digital Director,1. Sent,North America
Sales Emails - Q4 Jolene,Director Of National Digital Sales,Senior Specialist,320.19,202006_Cost,Digital Director,1. Sent,North America
Sales Emails - Q4 Delphine,Head of Digital,Senior Specialist,175.45,202006_Cost,Digital Director,1. Sent,MENA - North Africa
Sales Emails - Q4 Delphine,Digital Director,Senior Specialist,487.15,202006_Cost,Digital Director,1. Sent,Europe - Southeast
Sales Emails - Q4 Delphine,Head of Digital,Senior Specialist,0,202006_Cost,Digital Director,1. Sent,Europe - Southeast
Sales Emails - Q4 Delphine,Digital Director,Senior Specialist,600.08,202006_Cost,Digital Director,1. Sent,MENA - North Africa
Sales Emails - Q4 Catherine,Online Editor-in-Chief,Senior Specialist,0,202006_Cost,Digital Director,1. Sent,Europe - East
Sales Emails - Q3 Cyrus,Digital General Manager,Senior Specialist,205,202006_Cost,Digital Director,1. Sent,North America
Sales Emails - Q3 Cyrus,Digital Director,Senior Specialist,520.62,202006_Cost,Digital Director,1. Sent,North America
Sales Emails - Q3 Cyrus,Digital Director,Senior Specialist,205,202006_Cost,Digital Director,1. Sent,North America
Sales Emails - Q3 Jacob,Digital Director,Senior Specialist,205,202006_Cost,Digital Director,2. Negative,North America
Sales Emails - Q4 Cyrus,Head of digital,Senior Specialist,623.5,202006_Cost,Digital Director,2. Negative,Europe - France
Sales Emails - Q4 Alexander,Senior Director of Audience Development,Senior Specialist,623.36,202006_Traffic,Audience Development Director,3. Neutral,North America
Sales Emails - Q4 Jolene,Audience Engagement and Development Manager/ACLS Public Fellow,End User,205,202006_EbxVs,Audience Development Manager,3. Neutral,North America
Sales Emails - Q3 Ferdinand,Digital Content Manager,Senior Specialist,411,202006_Cost,Content Director,1. Sent,Asia - East
Sales Emails - Q3 Delphine,Head of Content,Senior Specialist,230,202006_Cost,Content Director,1. Sent,Europe - UK & Ireland
Sales Emails - Q4 Jolene,Digital Content Manager,Senior Specialist,205,202006_Cost,Content Director,1. Sent,North America
Sales Emails - Q4 Jolene,Content Director,Senior Specialist,205,202006_Cost,Content Director,1. Sent,North America
Sales Emails - Q4 Jolene,Vp Content,Senior Specialist,534.46,202006_Cost,Content Director,1. Sent,North America
Sales Emails - Q4 Delphine,Director and Chief Commercial Officer,Senior Specialist,80,202006_Cost,Content Director,1. Sent,Africa
Sales Emails - Q4 Delphine,Head of Content,Senior Specialist,235.77,202006_Cost,Content Director,1. Sent,Europe - UK & Ireland
Sales Emails - Q4 Emil,Content Director,Senior Specialist,188,202006_Cost,Content Director,1. Sent,Europe - Italy
Sales Emails - Q4 Cyrus,Founding Partner and Director,Senior Specialist,247.84,202006_Cost,Content Director,1. Sent,LatAm - Brazil
Sales Emails - Q4 Alexander,Digital Content Producer,Senior Specialist,463.18,202006_Cost,Content Director,1. Sent,North America
Sales Emails - Q3 Cyrus,Digital Content Manager,Senior Specialist,230,202006_Cost,Content Director,1. Sent,Europe - UK & Ireland
Sales Emails - Q4 Delphine,Content Editor at Edinburgh Live,Senior Specialist,230,202006_Cost,Content Director,3. Neutral,Europe - UK & Ireland
Sales Emails - Q3 Jacob,Head of Marketing,Senior Specialist,221.54,202006_Cost,Marketing Director,1. Sent,Europe - France
Sales Emails - Q3 Jacob,Director of Marketing and Communications,Senior Specialist,205,202006_Cost,Marketing Director,1. Sent,North America
Sales Emails - Q3 Jacob,Marketing Manager,Senior Specialist,205,202006_Cost,Marketing Director,1. Sent,North America
Sales Emails - Q3 Ferdinand,Director of Marketing,Senior Specialist,124.6,202006_Cost,Marketing Director,1. Sent,Europe - East
Sales Emails - Q3 Ferdinand,Marketing Operations Manager,Senior Specialist,164.4,202006_Cost,Marketing Director,1. Sent,Asia - East
Sales Emails - Q3 Delphine,Head of Marketing,Senior Specialist,132.54,202006_Cost,Marketing Director,1. Sent,Asia - South
Sales Emails - Q3 Delphine,Marketing Manager,Senior Specialist,230,202006_Cost,Marketing Director,1. Sent,Europe - UK & Ireland
Sales Emails - Q4 Jolene,Director Digital Marketing,Senior Specialist,0,202006_Cost,Marketing Director,1. Sent,North America
Sales Emails - Q4 Jolene,Marketing Manager,Senior Specialist,205,202006_Cost,Marketing Director,1. Sent,North America
Sales Emails - Q4 Jolene,Head of Marketing,Senior Specialist,207.4,202006_Cost,Marketing Director,1. Sent,North America
Sales Emails - Q4 Jolene,VP of Strategic Marketing,Senior Specialist,205,202006_Cost,Marketing Director,1. Sent,North America
Sales Emails - Q4 Jolene,"Associate Publisher, Director of Marketing",Senior Specialist,480.74,202006_Cost,Marketing Director,1. Sent,North America
Sales Emails - Q4 Jolene,Director of Advertising,Senior Specialist,0,202006_Cost,Marketing Director,1. Sent,North America
Sales Emails - Q4 Jolene,"VP, Marketing, Operations",Senior Specialist,341.14,202006_Cost,Marketing Director,1. Sent,North America
Sales Emails - Q4 Jolene,Market President/CRO,Senior Specialist,205,202006_Cost,Marketing Director,1. Sent,North America
Sales Emails - Q4 Delphine,Marketing Director,Senior Specialist,156,202006_Cost,Marketing Director,1. Sent,Europe - Southeast
Sales Emails - Q4 Delphine,Marketing Director,Senior Specialist,119,202006_Cost,Marketing Director,1. Sent,Asia - Russia and CIS
Sales Emails - Q4 Delphine,"VP, Marketing & Customer Experience, Transportation at Informa",Senior Specialist,0,202006_Cost,Marketing Director,1. Sent,Europe - UK & Ireland
Sales Emails - Q4 Delphine,Marketing Manager,Senior Specialist,100,202006_Cost,Marketing Director,1. Sent,Asia - South
Sales Emails - Q4 Delphine,Marketing Operations Manager,Senior Specialist,230,202006_Cost,Marketing Director,1. Sent,Europe - UK & Ireland
Sales Emails - Q4 Delphine,Digital Marketing Manager,Senior Specialist,528.91,202006_Cost,Marketing Director,1. Sent,MENA - North Africa
Sales Emails - Q4 Delphine,Market Administrator,Senior Specialist,119,202006_Cost,Marketing Director,1. Sent,Asia - Russia and CIS
Sales Emails - Q4 Delphine,"Vp, Marketing & Sales",Senior Specialist,100,202006_Cost,Marketing Director,1. Sent,Asia - South
Sales Emails - Q4 Delphine,Manager Marketing,Senior Specialist,238.38,202006_Cost,Marketing Director,1. Sent,Asia - South
Sales Emails - Q4 Emil,Sales&Marketing Manager,Senior Specialist,188,202006_Cost,Marketing Director,1. Sent,Europe - Italy
Sales Emails - Q4 Catherine,Marketing Director,Senior Specialist,238,202006_Cost,Marketing Director,1. Sent,Europe - Nordics
Sales Emails - Q4 Catherine,Director of Marketing,Senior Specialist,124.6,202006_Cost,Marketing Director,1. Sent,Europe - East
Sales Emails - Q4 Alexander,Director of Marketing,Senior Specialist,157,202006_Cost,Marketing Director,1. Sent,Europe - Spain & Portugal
Sales Emails - Q4 Alexander,Marketing Manager,Senior Specialist,123.8,202006_Cost,Marketing Director,1. Sent,LatAm - South
Sales Emails - Q4 Alexander,Marketing Director,Senior Specialist,205,202006_Cost,Marketing Director,1. Sent,North America
Sales Emails - Q4 Alexander,Directora Marketing,Senior Specialist,241.01,202006_Cost,Marketing Director,1. Sent,Europe - Spain & Portugal
Sales Emails - Q4 Alexander,Marketing Director,Senior Specialist,157,202006_Cost,Marketing Director,1. Sent,Europe - Spain & Portugal
Sales Emails - Q3 Cyrus,Marketing Manager,Senior Specialist,230,202006_Cost,Marketing Director,1. Sent,Europe - UK & Ireland
Sales Emails - Q3 Cyrus,Creative Director,Senior Specialist,555.13,202006_Cost,Marketing Director,1. Sent,Europe - UK & Ireland
Sales Emails - Q4 Delphine,Marketing Manager,Senior Specialist,123.49,202006_Cost,Marketing Director,2. Negative,Africa
Sales Emails - Q4 Emil,Marketing Director,Senior Specialist,241,202006_Cost,Marketing Director,2. Negative,Asia - Oceania
Sales Emails - Q4 Jolene,Audience Development Manager,End User,205,202006_Traffic,Audience Development Manager,3. Neutral,North America
Sales Emails - Q4 Jolene,Audience Development Manager,End User,1105.94,202010_Subscriptions,Audience Development Manager,3. Neutral,North America
Sales Emails - Q4 Catherine,Marketing Manager,Senior Specialist,157.38,202006_Cost,Marketing Director,3. Neutral,Europe - East
Sales Emails - Q4 Emil,Marketing Manager,Senior Specialist,632.3,202006_Cost,Marketing Director,4. Positive,Europe - Italy
Sales Emails - Q4 Catherine,Head Of Digital Marketing,Senior Specialist,594.39,202006_Cost,Marketing Director,4. Positive,Europe - East
Sales Emails - Q3 Delphine,Head of Social Media,Senior Specialist,230,202006_Cost,Social Media Director,1. Sent,Europe - UK & Ireland
Sales Emails - Q4 Jolene,Social Media Marketing Specialist,Senior Specialist,519.3,202006_Cost,Social Media Director,1. Sent,North America
Sales Emails - Q4 Jolene,Director Of Social Media And Creative Strategy,Senior Specialist,445.06,202006_Cost,Social Media Director,1. Sent,North America
Sales Emails - Q4 Delphine,SEO & Social Content Executive at Dennis,Senior Specialist,0,202006_Cost,Social Media Director,1. Sent,Europe - UK & Ireland
Sales Emails - Q4 Catherine,Head of Social & Community,Senior Specialist,664.42,202006_Cost,Social Media Director,1. Sent,Europe - DACH
Sales Emails - Q4 Catherine,Social Media Director,Senior Specialist,124.6,202006_Cost,Social Media Director,1. Sent,Europe - East
Sales Emails - Q4 Alexander,Jefe SEO,Senior Specialist,359.35,202006_Cost,Social Media Director,1. Sent,LatAm - South
Sales Emails - Q4 Jolene,"Vp, Revenue & Analytics",Senior Specialist,941.89,202006_Cost,Analytics Director,1. Sent,North America
Sales Emails - Q4 Alexander,Analytics Director,Senior Specialist,123.8,202006_Cost,Analytics Director,1. Sent,LatAm - South
Sales Emails - Q4 Jolene,Audience Development Editor at Honolulu Civil Beat,Senior Specialist,234.87,202006_Cost,Audience Development Director,1. Sent,North America
Sales Emails - Q4 Jolene,VP of Audience Development,Senior Specialist,282.13,202006_Cost,Audience Development Director,1. Sent,North America
Sales Emails - Q4 Delphine,"Head of audience, Scotland and Northern Ireland",Senior Specialist,277.35,202006_Cost,Audience Development Director,1. Sent,Europe - UK & Ireland
Sales Emails - Q4 Jolene,Audience Development and Community Manager,End User,1105.94,202010_TimeSavings,Audience Development Manager,4. Positive,North America
Sales Emails - Q4 Jolene,Strategy Manager,Senior Specialist,340.62,202006_Cost,VP Strategy,1. Sent,North America
Sales Emails - Q4 Emil,VP,Senior Specialist,366.53,202006_Cost,VP Strategy,1. Sent,MENA - Middle East
Sales Emails - Q4 Jacob,Chef de produit Web et Mobile,Senior Specialist,2406.66,202006_Cost,VP Product,1. Sent,Europe - France
Sales Emails - Q4 Jolene,SVP Product & Marketing,Senior Specialist,270.71,202006_Cost,VP Product,1. Sent,North America
Sales Emails - Q4 Delphine,VP of Products,Senior Specialist,291.34,202006_Cost,VP Product,1. Sent,Europe - Southeast
Sales Emails - Q4 Delphine,Product Manager,Senior Specialist,1095.6,202006_Cost,VP Product,1. Sent,Asia - South
Sales Emails - Q4 Catherine,"Director Product BurdaStyle (Elle, InStyle, Harper's Bazaar)",Senior Specialist,278,202006_Cost,VP Product,4. Positive,Europe - DACH
Sales Emails - Q3 Jacob,Social Media Editor,End User,205,202006_Cost,Social Media Editor,1. Sent,North America
Sales Emails - Q4 Jolene,Social Media Editor,End User,235,202006_Cost,Social Media Editor,1. Sent,North America
Sales Emails - Q4 Jolene,Social Media Coordinator,End User,205,202006_Cost,Social Media Editor,1. Sent,North America
Sales Emails - Q4 Jolene,Senior Social Media Editor,End User,205,202006_Cost,Social Media Editor,1. Sent,North America
Sales Emails - Q4 Delphine,Social Media Editor,End User,0,202006_Cost,Social Media Editor,1. Sent,Europe - UK & Ireland
Sales Emails - Q4 Delphine,Social Media Editor,End User,119,202006_Cost,Social Media Editor,1. Sent,Asia - Russia and CIS
Sales Emails - Q3 Delphine,Social Media Editor,End User,230,202006_Cost,Social Media Editor,2. Negative,Europe - UK & Ireland
Sales Emails - Q4 Jolene,Social Media Editor,End User,551.55,202006_Cost,Social Media Editor,2. Negative,North America
Sales Emails - Q3 Jacob,SOCIAL MEDIA MANAGER,End User,126.99,202006_Cost,Social Media Manager,1. Sent,LatAm - Central
Sales Emails - Q3 Ferdinand,Social Media Manager,End User,124.6,202006_Cost,Social Media Manager,1. Sent,Europe - East
Sales Emails - Q4 Delphine,Social Media Manager,End User,1086.27,202006_Cost,Social Media Manager,1. Sent,MENA - North Africa
Sales Emails - Q4 Delphine,Social Media Manager,End User,100,202006_Cost,Social Media Manager,1. Sent,Asia - South
Sales Emails - Q4 Delphine,Marketing Manager incl. Social,End User,1108.21,202006_Cost,Social Media Manager,1. Sent,Europe - UK & Ireland
Sales Emails - Q4 Delphine,Manager Pôle Médias,End User,311.48,202006_Cost,Social Media Manager,1. Sent,MENA - North Africa
Sales Emails - Q4 Catherine,Social Media Manager,End User,80,202006_Cost,Social Media Manager,1. Sent,Africa
Sales Emails - Q4 Catherine,social media manager,End User,553.77,202006_Cost,Social Media Manager,1. Sent,Europe - East
Sales Emails - Q3 Cyrus,Social Media Manager,End User,205,202006_Cost,Social Media Manager,1. Sent,North America
Sales Emails - Q3 Cyrus,Social Media Manager,End User,1795.25,202006_Cost,Social Media Manager,1. Sent,Asia - Oceania
Sales Emails - Q3 Jacob,Digital Manager,End User,96.91,202006_Cost,Digital Manager,1. Sent,Africa
Sales Emails - Q3 Delphine,Acting Digital Content Manager,End User,818,202006_Cost,Digital Manager,1. Sent,Europe - UK & Ireland
Sales Emails - Q4 Jolene,Executive Producer of Digital Content,End User,312.87,202006_Cost,Digital Manager,1. Sent,North America
Sales Emails - Q4 Jolene,Digital Manager,End User,897.4,202006_Cost,Digital Manager,1. Sent,North America
Sales Emails - Q4 Delphine,Digital Manager,End User,123.4,202006_Cost,Digital Manager,1. Sent,MENA - North Africa
Sales Emails - Q4 Delphine,Digital Media Manager,End User,230,202006_Cost,Digital Manager,1. Sent,Europe - UK & Ireland
Sales Emails - Q4 Delphine,Digital Content Producer,End User,417.9,202006_Cost,Digital Manager,1. Sent,Asia - South
Sales Emails - Q4 Catherine,Digital Manager,End User,278,202006_Cost,Digital Manager,1. Sent,Europe - DACH
Sales Emails - Q3 Cyrus,Digital Campaign Manager,End User,241,202006_Cost,Digital Manager,1. Sent,Asia - Oceania
Sales Emails - Q3 Delphine,Head of News,Other,230,202006_Cost,Other,1. Sent,Europe - UK & Ireland
Sales Emails - Q3 Delphine,Editor,Other,230,202006_Cost,Other,1. Sent,Europe - UK & Ireland
Sales Emails - Q3 Delphine,Digital Content Lead,Other,230,202006_Cost,Other,1. Sent,Europe - UK & Ireland
Sales Emails - Q3 Delphine,Head of Sales and Marketing,Other,0,202006_Cost,Other,1. Sent,Asia - South
Sales Emails - Q4 Delphine,Founder / Head of News and Social Media,Other,230,202006_Cost,Other,1. Sent,Europe - UK & Ireland
Sales Emails - Q4 Emil,Chairman of the Board,Other,188,202006_Cost,Other,1. Sent,Europe - Italy
Sales Emails - Q4 Catherine,Content Marketing,Other,1099.84,202006_Cost,Other,1. Sent,Africa
Sales Emails - Q4 Catherine,Online-Marketing & Social Media,Other,278,202006_Cost,Other,1. Sent,Europe - DACH
Sales Emails - Q4 Catherine,Head of Social/Comms,Other,0,202006_Cost,Other,1. Sent,Europe - East
Sales Emails - Q4 Catherine,Redaktør,Other,238,202006_Cost,Other,1. Sent,Europe - Nordics
Sales Emails - Q4 Catherine,Business Development Director,Other,272.29,202006_Cost,Other,1. Sent,Europe - East
Sales Emails - Q4 Catherine,Editor,Other,238,202006_Cost,Other,1. Sent,Europe - Nordics
Sales Emails - Q4 Catherine,Manager,Other,862.25,202006_Cost,Other,1. Sent,Europe - East
Sales Emails - Q4 Catherine,Social Media,Other,479.29,202006_Cost,Other,1. Sent,Europe - East
Sales Emails - Q4 Catherine,Editorial Team,Other,80,202006_Cost,Other,1. Sent,Africa
Sales Emails - Q4 Catherine,INFO,Other,80,202006_Cost,Other,1. Sent,Africa
Sales Emails - Q4 Catherine,Team,Other,548.87,202006_Cost,Other,1. Sent,Europe - East
Sales Emails - Q4 Catherine,Business development manager,Other,196,202006_Cost,Other,1. Sent,Europe - East
Sales Emails - Q4 Catherine,TBC,Other,278,202006_Cost,Other,1. Sent,Europe - DACH
Sales Emails - Q4 Catherine,TBC,Other,157.38,202006_Cost,Other,1. Sent,Europe - East
Sales Emails - Q4 Alexander,COO,Other,205,202006_Cost,Other,1. Sent,North America
Sales Emails - Q3 Delphine,Director of Business Development,Other,3729.45,202006_Cost,Other,3. Neutral,Europe - UK & Ireland
Sales Emails - Q4 Emil,General Manager Assistant,Other,632.3,202006_Cost,Other,4. Positive,Europe - Italy
Sales Emails - Q4 Catherine,Could not be found,,552.8,202006_EbxVs,,1. Sent,Europe - DACH
Sales Emails - Q3 Jacob,CEO,Senior Management,80,202006_EbxVs,CEO,1. Sent,Africa
Sales Emails - Q3 Jacob,Founder,Senior Management,418.58,202006_EbxVs,CEO,1. Sent,North America
Sales Emails - Q3 Jacob,Owner,Senior Management,3459.78,202006_EbxVs,CEO,1. Sent,North America
Sales Emails - Q3 Jacob,Ceo,Senior Management,218.97,202006_EbxVs,CEO,1. Sent,North America
Sales Emails - Q3 Delphine,Proprietor,Senior Management,269.83,202006_EbxVs,CEO,1. Sent,Europe - UK & Ireland
Sales Emails - Q4 Jolene,Owner,Senior Management,205,202006_EbxVs,CEO,1. Sent,North America
Sales Emails - Q4 Jolene,CEO,Senior Management,417.02,202006_EbxVs,CEO,1. Sent,North America
Sales Emails - Q4 Jolene,President & Chief Operating Officer,Senior Management,205,202006_EbxVs,CEO,1. Sent,North America
Sales Emails - Q4 Jolene,CEO,Senior Management,205,202006_EbxVs,CEO,1. Sent,North America
Sales Emails - Q4 Jolene,CEO,Senior Management,430.22,202006_EbxVs,CEO,1. Sent,North America
Sales Emails - Q4 Jolene,"Founder, CEO",Senior Management,205,202006_EbxVs,CEO,1. Sent,North America
Sales Emails - Q4 Jolene,Founder,Senior Management,2676.57,202006_EbxVs,CEO,1. Sent,North America
Sales Emails - Q4 Jolene,Founder,Senior Management,613.91,202006_EbxVs,CEO,1. Sent,North America
Sales Emails - Q4 Jolene,Vice President & General Manager,Senior Management,643.66,202006_EbxVs,CEO,1. Sent,North America
Sales Emails - Q4 Jolene,President and Publisher,Senior Management,205,202006_EbxVs,CEO,1. Sent,North America
Sales Emails - Q4 Jolene,President and Chief Executive Officer,Senior Management,4116.87,202006_EbxVs,CEO,1. Sent,North America
Sales Emails - Q4 Jolene,CEO,Senior Management,3836.94,202006_EbxVs,CEO,1. Sent,North America
Sales Emails - Q4 Jolene,CEO,Senior Management,2613.99,202006_EbxVs,CEO,1. Sent,North America
Sales Emails - Q4 Jolene,Founder and President,Senior Management,1336.89,202006_EbxVs,CEO,1. Sent,North America
Sales Emails - Q4 Jolene,CEO,Senior Management,205,202006_EbxVs,CEO,1. Sent,North America
Sales Emails - Q4 Delphine,CEO,Senior Management,80,202006_EbxVs,CEO,1. Sent,Africa
Sales Emails - Q4 Delphine,CEO,Senior Management,123.4,202006_EbxVs,CEO,1. Sent,MENA - North Africa
Sales Emails - Q4 Delphine,Founder & CEO,Senior Management,100,202006_EbxVs,CEO,1. Sent,Asia - South
Sales Emails - Q4 Delphine,Owner,Senior Management,230,202006_EbxVs,CEO,1. Sent,Europe - UK & Ireland
Sales Emails - Q4 Delphine,CEO,Senior Management,0,202006_EbxVs,CEO,1. Sent,Europe - UK & Ireland
Sales Emails - Q4 Delphine,Co-Founder,Senior Management,230,202006_EbxVs,CEO,1. Sent,Europe - UK & Ireland
Sales Emails - Q4 Emil,CEO,Senior Management,188,202006_EbxVs,CEO,1. Sent,Europe - Italy
Sales Emails - Q4 Emil,"Publisher, Ceo",Senior Management,474.3,202006_EbxVs,CEO,1. Sent,Asia - East
Sales Emails - Q4 Cyrus,CEO,Senior Management,10971.22,202006_EbxVs,CEO,1. Sent,Asia - Oceania
Sales Emails - Q4 Cyrus,CEO,Senior Management,971.89,202006_EbxVs,CEO,1. Sent,North America
Sales Emails - Q4 Cyrus,CEO,Senior Management,200,202006_EbxVs,CEO,1. Sent,Europe - France
Sales Emails - Q4 Cyrus,Owner,Senior Management,200,202006_EbxVs,CEO,1. Sent,Europe - France
Sales Emails - Q4 Cyrus,Ceo,Senior Management,499.37,202006_EbxVs,CEO,1. Sent,LatAm - Brazil
Sales Emails - Q4 Cyrus,Founder,Senior Management,123.8,202006_EbxVs,CEO,1. Sent,LatAm - Brazil
Sales Emails - Q4 Cyrus,Chief Executive Officer,Senior Management,650.8,202006_EbxVs,CEO,1. Sent,LatAm - Brazil
Sales Emails - Q4 Catherine,GF & Chefredakteur,Senior Management,278,202006_EbxVs,CEO,1. Sent,Europe - DACH
Sales Emails - Q4 Alexander,Co-founder,Senior Management,930.79,202006_EbxVs,CEO,1. Sent,Europe - Spain & Portugal
Sales Emails - Q4 Alexander,CEO,Senior Management,968.97,202006_EbxVs,CEO,1. Sent,Europe - Spain & Portugal
Sales Emails - Q4 Alexander,CEO,Senior Management,0,202006_EbxVs,CEO,1. Sent,Europe - Spain & Portugal
Sales Emails - Q4 Alexander,CEO,Senior Management,0,202006_EbxVs,CEO,1. Sent,Europe - Spain & Portugal
Sales Emails - Q4 Alexander,Director Gerente Internet,Senior Management,157,202006_EbxVs,CEO,1. Sent,Europe - Spain & Portugal
Sales Emails - Q4 Alexander,CEO,Senior Management,157,202006_EbxVs,CEO,1. Sent,Europe - Spain & Portugal
Sales Emails - Q4 Alexander,CEO,Senior Management,444.36,202006_EbxVs,CEO,1. Sent,North America
Sales Emails - Q3 Cyrus,CEO,Senior Management,1291,202006_EbxVs,CEO,1. Sent,North America
Sales Emails - Q3 Cyrus,CEO and Co-Founder,Senior Management,1624.28,202006_EbxVs,CEO,1. Sent,Asia - Oceania
Sales Emails - Q4 Jolene,CEO,Senior Management,575.09,202006_EbxVs,CEO,2. Negative,North America
Sales Emails - Q4 Alexander,CEO,Senior Management,502.66,202006_EbxVs,CEO,3. Neutral,LatAm - Central
Sales Emails - Q4 Delphine,Owner,Senior Management,210.58,202006_EbxVs,CEO,4. Positive,Europe - Southeast
Sales Emails - Q4 Cyrus,Ceo,Senior Management,773.67,202006_EbxVs,CEO,4. Positive,LatAm - Brazil
Sales Emails - Q4 Cyrus,Directeur de Publicité chez Groupe 1981,Senior Management,576.41,202006_EbxVs,CEO,4. Positive,Europe - France
Sales Emails - Q4 Alexander,CEO,Senior Management,123.8,202006_EbxVs,CEO,4. Positive,LatAm - South
Sales Emails - Q4 Delphine,CTO,Senior Management,119,202006_EbxVs,Chief Technology Officer,1. Sent,Asia - Russia and CIS
Sales Emails - Q4 Delphine,It Browser,Senior Management,395.38,202006_EbxVs,Chief Technology Officer,1. Sent,Asia - Russia and CIS
Sales Emails - Q4 Alexander,Chief Technology Officer,Senior Management,561.84,202006_EbxVs,Chief Technology Officer,1. Sent,North America
Sales Emails - Q4 Cyrus,CMO,Senior Management,6190,202006_EbxVs,Chief Marketing Officer,1. Sent,LatAm - Brazil
Sales Emails - Q4 Jolene,News Director,Senior Management,205,202006_EbxVs,Managing Director,1. Sent,North America
Sales Emails - Q4 Jolene,General Manager,Senior Management,1240.78,202006_EbxVs,Managing Director,1. Sent,North America
Sales Emails - Q4 Delphine,Managing Director,Senior Management,0,202006_EbxVs,Managing Director,1. Sent,Europe - UK & Ireland
Sales Emails - Q4 Cyrus,"VP, General Manager",Senior Management,205,202006_EbxVs,Managing Director,1. Sent,North America
Sales Emails - Q4 Alexander,Managing Director,Senior Management,157,202006_EbxVs,Managing Director,1. Sent,Europe - Spain & Portugal
Sales Emails - Q4 Alexander,Managing Director,Senior Management,123.8,202006_EbxVs,Managing Director,1. Sent,LatAm - Central
Sales Emails - Q4 Alexander,Director,Senior Management,157,202006_EbxVs,Managing Director,1. Sent,Europe - Spain & Portugal
Sales Emails - Q4 Alexander,Director,Senior Management,123.8,202006_EbxVs,Managing Director,1. Sent,LatAm - Central
Sales Emails - Q4 Jolene,Director of Operations and Business Development,Senior Management,546,202006_EbxVs,Managing Director,2. Negative,North America
Sales Emails - Q4 Emil,Director,Senior Management,188,202006_EbxVs,Managing Director,4. Positive,Europe - Italy
Sales Emails - Q3 Jacob,Chief Digital Officer,Senior Management,1037.2,202006_EbxVs,Chief Digital Officer,1. Sent,North America
Sales Emails - Q3 Jacob,Editor-in-Chief,Senior Editorial,205,202006_EbxVs,Editor In Chief,1. Sent,North America
Sales Emails - Q3 Jacob,Editor in Chief,Senior Editorial,791.83,202006_EbxVs,Editor In Chief,1. Sent,LatAm - South
Sales Emails - Q3 Jacob,Editor-in-Chief,Senior Editorial,205,202006_EbxVs,Editor In Chief,1. Sent,North America
Sales Emails - Q3 Jacob,Publisher And Editor-In-Chief,Senior Editorial,205,202006_EbxVs,Editor In Chief,1. Sent,North America
Sales Emails - Q3 Jacob,Editor-In-Chief,Senior Editorial,1104.53,202006_EbxVs,Editor In Chief,1. Sent,North America
Sales Emails - Q4 Jolene,President and EDITOR-IN-CHIEF,Senior Editorial,1069.88,202006_EbxVs,Editor In Chief,1. Sent,North America
Sales Emails - Q4 Jolene,EDITOR IN CHIEF,Senior Editorial,205,202006_EbxVs,Editor In Chief,1. Sent,North America
Sales Emails - Q4 Jolene,Chief Editor,Senior Editorial,231.33,202006_EbxVs,Editor In Chief,1. Sent,North America
Sales Emails - Q4 Jolene,Editor in Chief,Senior Editorial,205,202006_EbxVs,Editor In Chief,1. Sent,North America
Sales Emails - Q4 Jolene,Editor in Chief,Senior Editorial,1235.5,202006_EbxVs,Editor In Chief,1. Sent,North America
Sales Emails - Q4 Jolene,Editor In Chief,Senior Editorial,776.35,202006_EbxVs,Editor In Chief,1. Sent,North America
Sales Emails - Q4 Jolene,Editor-In-Chief,Senior Editorial,474.46,202006_EbxVs,Editor In Chief,1. Sent,North America
Sales Emails - Q4 Jolene,Senior Editor,Senior Editorial,2065.37,202006_EbxVs,Editor In Chief,1. Sent,North America
Sales Emails - Q4 Jolene,Editor in Chief,Senior Editorial,1020.82,202006_EbxVs,Editor In Chief,1. Sent,North America
Sales Emails - Q4 Jolene,Executive Editor and Director of Editorial Strategy,Senior Editorial,326.86,202006_EbxVs,Editor In Chief,1. Sent,North America
Sales Emails - Q4 Delphine,Editor in Chief,Senior Editorial,123.4,202006_EbxVs,Editor In Chief,1. Sent,MENA - North Africa
Sales Emails - Q4 Delphine,Editor in Chief,Senior Editorial,100,202006_EbxVs,Editor In Chief,1. Sent,Asia - South
Sales Emails - Q4 Delphine,Editor in Chief,Senior Editorial,179.68,202006_EbxVs,Editor In Chief,1. Sent,Asia - Russia and CIS
Sales Emails - Q4 Delphine,Editor-in-Chief,Senior Editorial,119,202006_EbxVs,Editor In Chief,1. Sent,Asia - Russia and CIS
Sales Emails - Q4 Delphine,Editor-In-Chief,Senior Editorial,156,202006_EbxVs,Editor In Chief,1. Sent,Europe - Southeast
Sales Emails - Q4 Delphine,Editor In Chief,Senior Editorial,156,202006_EbxVs,Editor In Chief,1. Sent,Europe - Southeast
Sales Emails - Q4 Delphine,Editor In Chief,Senior Editorial,119,202006_EbxVs,Editor In Chief,1. Sent,Asia - Russia and CIS
Sales Emails - Q4 Delphine,Editor-at-large at AOPA Pilot magazine,Senior Editorial,205,202006_EbxVs,Editor In Chief,1. Sent,North America
Sales Emails - Q4 Emil,Editor in chief,Senior Editorial,,202006_EbxVs,Editor In Chief,1. Sent,Asia - Oceania
Sales Emails - Q4 Emil,Editor In Chief,Senior Editorial,188,202006_EbxVs,Editor In Chief,1. Sent,Europe - Italy
Sales Emails - Q4 Emil,Editor in chief,Senior Editorial,188,202006_EbxVs,Editor In Chief,1. Sent,Europe - Italy
Sales Emails - Q4 Emil,Editorial Director,Senior Editorial,3327.91,202006_EbxVs,Editor In Chief,1. Sent,Asia - East
Sales Emails - Q4 Cyrus,Editor-Chefe,Senior Editorial,156.12,202006_EbxVs,Editor In Chief,1. Sent,LatAm - Brazil
Sales Emails - Q4 Cyrus,Editor in Chief,Senior Editorial,547.16,202006_EbxVs,Editor In Chief,1. Sent,LatAm - Brazil
Sales Emails - Q4 Cyrus,Editor in Chief,Senior Editorial,205,202006_EbxVs,Editor In Chief,1. Sent,North America
Sales Emails - Q4 Catherine,Editor in Chief,Senior Editorial,278,202006_EbxVs,Editor In Chief,1. Sent,Europe - DACH
Sales Emails - Q4 Catherine,Chief Editor,Senior Editorial,238,202006_EbxVs,Editor In Chief,1. Sent,Europe - Nordics
Sales Emails - Q4 Catherine,Chief Editor,Senior Editorial,238,202006_EbxVs,Editor In Chief,1. Sent,Europe - Nordics
Sales Emails - Q4 Alexander,Editor in Chief,Senior Editorial,157,202006_EbxVs,Editor In Chief,1. Sent,Europe - Spain & Portugal
Sales Emails - Q4 Alexander,Editor in Chief,Senior Editorial,205,202006_EbxVs,Editor In Chief,1. Sent,North America
Sales Emails - Q4 Alexander,Editor in Chief,Senior Editorial,989.02,202006_EbxVs,Editor In Chief,1. Sent,North America
Sales Emails - Q4 Alexander,Editor-in-chief,Senior Editorial,364.52,202006_EbxVs,Editor In Chief,1. Sent,North America
Sales Emails - Q4 Alexander,Editor in Chief,Senior Editorial,0,202006_EbxVs,Editor In Chief,1. Sent,North America
Sales Emails - Q3 Cyrus,Editor In Chief,Senior Editorial,562.37,202006_EbxVs,Editor In Chief,1. Sent,North America
Sales Emails - Q3 Cyrus,Editor In Chief,Senior Editorial,3754.62,202006_EbxVs,Editor In Chief,1. Sent,North America
Sales Emails - Q4 Jolene,Editor in Chief,Senior Editorial,205,202006_EbxVs,Editor In Chief,2. Negative,North America
Sales Emails - Q4 Cyrus,Founder & Editor,Senior Editorial,906.29,202006_EbxVs,Editor In Chief,2. Negative,LatAm - Brazil
Sales Emails - Q4 Cyrus,Editor In Chief,Senior Editorial,2105.9,202006_EbxVs,Editor In Chief,3. Neutral,LatAm - Brazil
Sales Emails - Q4 Jolene,Ceo,Senior Management,1020.12,202006_Content,CEO,3. Neutral,North America
Sales Emails - Q3 Jacob,Managing Editor,Senior Editorial,205,202006_EbxVs,Managing Editor,1. Sent,North America
Sales Emails - Q3 Jacob,Managing Editor,Senior Editorial,256.47,202006_EbxVs,Managing Editor,1. Sent,North America
Sales Emails - Q3 Jacob,Managing Editor,Senior Editorial,123.8,202006_EbxVs,Managing Editor,1. Sent,LatAm - South
Sales Emails - Q3 Jacob,Editorial Director,Senior Editorial,466,202006_EbxVs,Managing Editor,1. Sent,North America
Sales Emails - Q4 Jolene,Managing Editor,Senior Editorial,205,202006_EbxVs,Managing Editor,1. Sent,North America
Sales Emails - Q4 Jolene,Managing editor,Senior Editorial,676.2,202006_EbxVs,Managing Editor,1. Sent,North America
Sales Emails - Q4 Jolene,Editorial Director,Senior Editorial,903.88,202006_EbxVs,Managing Editor,1. Sent,North America
Sales Emails - Q4 Jolene,Managing Editor,Senior Editorial,205,202006_EbxVs,Managing Editor,1. Sent,North America
Sales Emails - Q4 Jolene,Managing Editor,Senior Editorial,205,202006_EbxVs,Managing Editor,1. Sent,North America
Sales Emails - Q4 Jolene,Managing Editor,Senior Editorial,1416.31,202006_EbxVs,Managing Editor,1. Sent,North America
Sales Emails - Q4 Jolene,Managing Editor,Senior Editorial,560.04,202006_EbxVs,Managing Editor,1. Sent,North America
Sales Emails - Q4 Jolene,Managing Editor,Senior Editorial,205,202006_EbxVs,Managing Editor,1. Sent,North America
Sales Emails - Q4 Jolene,managing editor,Senior Editorial,208.83,202006_EbxVs,Managing Editor,1. Sent,North America
Sales Emails - Q4 Jolene,Assistant News Director/Managing Editor,Senior Editorial,867.99,202006_EbxVs,Managing Editor,1. Sent,North America
Sales Emails - Q4 Delphine,Managing Editor,Senior Editorial,230,202006_EbxVs,Managing Editor,1. Sent,Europe - UK & Ireland
Sales Emails - Q4 Delphine,Managing Editor,Senior Editorial,215.98,202006_EbxVs,Managing Editor,1. Sent,Asia - South
Sales Emails - Q4 Delphine,Managing Editor,Senior Editorial,660.46,202006_EbxVs,Managing Editor,1. Sent,Europe - UK & Ireland
Sales Emails - Q4 Delphine,Editorial Director,Senior Editorial,0,202006_EbxVs,Managing Editor,1. Sent,Europe - UK & Ireland
Sales Emails - Q4 Delphine,Global Managing Editor,Senior Editorial,0,202006_EbxVs,Managing Editor,1. Sent,Europe - UK & Ireland
Sales Emails - Q4 Emil,"Managing Editor, Life",Senior Editorial,241,202006_EbxVs,Managing Editor,1. Sent,Asia - Oceania
Sales Emails - Q4 Emil,Managing Editor - Current affairs,Senior Editorial,241,202006_EbxVs,Managing Editor,1. Sent,Asia - Oceania
Sales Emails - Q4 Emil,Managing Editor,Senior Editorial,222.4,202006_EbxVs,Managing Editor,1. Sent,MENA - Middle East
Sales Emails - Q4 Cyrus,Managing Editor,Senior Editorial,205,202006_EbxVs,Managing Editor,1. Sent,North America
Sales Emails - Q4 Alexander,Managing Editor/Sports & Features,Senior Editorial,205,202006_EbxVs,Managing Editor,1. Sent,North America
Sales Emails - Q4 Alexander,Managing Editor,Senior Editorial,930.79,202006_EbxVs,Managing Editor,1. Sent,Europe - Spain & Portugal
Sales Emails - Q4 Alexander,Director Editorial,Senior Editorial,123.8,202006_EbxVs,Managing Editor,1. Sent,LatAm - Central
Sales Emails - Q4 Alexander,Editorial Director,Senior Editorial,608.96,202006_EbxVs,Managing Editor,1. Sent,Europe - Spain & Portugal
Sales Emails - Q4 Alexander,Managing Editor,Senior Editorial,123.8,202006_EbxVs,Managing Editor,1. Sent,LatAm - South
Sales Emails - Q4 Alexander,Managing Editor,Senior Editorial,2990.66,202006_EbxVs,Managing Editor,1. Sent,North America
Sales Emails - Q4 Alexander,Managing Editor,Senior Editorial,205,202006_EbxVs,Managing Editor,1. Sent,North America
Sales Emails - Q4 Alexander,Managing Editor,Senior Editorial,205,202006_EbxVs,Managing Editor,1. Sent,North America
Sales Emails - Q4 Alexander,Editora General,Senior Editorial,1073.39,202006_EbxVs,Managing Editor,1. Sent,LatAm - South
Sales Emails - Q4 Alexander,Managing Editor,Senior Editorial,205,202006_EbxVs,Managing Editor,1. Sent,North America
Sales Emails - Q4 Alexander,Managing Editor,Senior Editorial,205,202006_EbxVs,Managing Editor,1. Sent,North America
Sales Emails - Q4 Alexander,Managing Editor,Senior Editorial,409.02,202006_EbxVs,Managing Editor,1. Sent,North America
Sales Emails - Q4 Alexander,Managing Editor,Senior Editorial,205,202006_EbxVs,Managing Editor,1. Sent,North America
Sales Emails - Q3 Cyrus,Managing Editor,Senior Editorial,532.77,202006_EbxVs,Managing Editor,1. Sent,North America
Sales Emails - Q3 Cyrus,Managing Editor,Senior Editorial,2105.9,202006_EbxVs,Managing Editor,1. Sent,LatAm - Brazil
Sales Emails - Q4 Alexander,Managing Editor,Senior Editorial,801,202006_EbxVs,Managing Editor,2. Negative,LatAm - South
Sales Emails - Q4 Alexander,Managing Editor,Senior Editorial,157,202006_EbxVs,Managing Editor,3. Neutral,Europe - Spain & Portugal
Sales Emails - Q3 Jacob,Digital Editor,Senior Editorial,402.85,202006_EbxVs,Digital Editor,1. Sent,North America
Sales Emails - Q3 Delphine,"Digital Editor, Scottish Weeklies",Senior Editorial,230,202006_EbxVs,Digital Editor,1. Sent,Europe - UK & Ireland
Sales Emails - Q4 Jolene,Digital Editor,Senior Editorial,205,202006_EbxVs,Digital Editor,1. Sent,North America
Sales Emails - Q4 Jolene,Digital News Editor,Senior Editorial,205,202006_EbxVs,Digital Editor,1. Sent,North America
Sales Emails - Q4 Jolene,Digital executive editor,Senior Editorial,4142.97,202006_EbxVs,Digital Editor,1. Sent,North America
Sales Emails - Q4 Jolene,Digital News Director,Senior Editorial,400.07,202006_EbxVs,Digital Editor,1. Sent,North America
Sales Emails - Q4 Jolene,Digital Editor,Senior Editorial,205,202006_EbxVs,Digital Editor,1. Sent,North America
Sales Emails - Q4 Delphine,Digital Editor,Senior Editorial,1104.46,202006_EbxVs,Digital Editor,1. Sent,Europe - UK & Ireland
Sales Emails - Q4 Delphine,Online Editor,Senior Editorial,196.6,202006_EbxVs,Digital Editor,1. Sent,Europe - Other
Sales Emails - Q4 Delphine,Digital Editor,Senior Editorial,119,202006_EbxVs,Digital Editor,1. Sent,Asia - Russia and CIS
Sales Emails - Q4 Emil,Senior Editor & Digital Strategist,Senior Editorial,164.4,202006_EbxVs,Digital Editor,1. Sent,Asia - East
Sales Emails - Q4 Emil,Digital Editor,Senior Editorial,173.17,202006_EbxVs,Digital Editor,1. Sent,Asia - East
Sales Emails - Q4 Emil,Digital Editor,Senior Editorial,222.4,202006_EbxVs,Digital Editor,1. Sent,MENA - Middle East
Sales Emails - Q4 Emil,Digital and Media editor,Senior Editorial,0,202006_EbxVs,Digital Editor,1. Sent,Europe - Italy
Sales Emails - Q4 Cyrus,Responsable Editoriale Web,Senior Editorial,352.04,202006_EbxVs,Digital Editor,1. Sent,Europe - France
Sales Emails - Q4 Catherine,Digital Editor,Senior Editorial,0,202006_EbxVs,Digital Editor,1. Sent,Europe - Nordics
Sales Emails - Q4 Alexander,Editora Web,Senior Editorial,123.8,202006_EbxVs,Digital Editor,1. Sent,LatAm - Central
Sales Emails - Q4 Alexander,Digital Editor,Senior Editorial,599.61,202006_EbxVs,Digital Editor,1. Sent,Europe - Spain & Portugal
Sales Emails - Q4 Alexander,Online Editor,Senior Editorial,573.79,202006_EbxVs,Digital Editor,1. Sent,North America
Sales Emails - Q4 Alexander,Online Editor,Senior Editorial,205,202006_EbxVs,Digital Editor,1. Sent,North America
Sales Emails - Q4 Jolene,Managing Digital Editor,Senior Editorial,205,202006_EbxVs,Digital Editor,2. Negative,North America
Sales Emails - Q4 Jolene,Managing Editor - Digital | Bay Area News Group,Senior Editorial,205,202006_EbxVs,Digital Editor,2. Negative,North America
Sales Emails - Q4 Catherine,Online Editor,Senior Editorial,0,202006_EbxVs,Digital Editor,3. Neutral,Europe - Nordics
Sales Emails - Q4 Delphine,Online Editor,Senior Editorial,196.6,202006_EbxVs,Digital Editor,4. Positive,Europe - Other
Sales Emails - Q3 Jacob,Digital Director,Senior Specialist,1025,202006_EbxVs,Digital Director,1. Sent,North America
Sales Emails - Q3 Jacob,Digital Director,Senior Specialist,205,202006_EbxVs,Digital Director,1. Sent,North America
Sales Emails - Q4 Jolene,Director of Digital Experiences,Senior Specialist,205,202006_EbxVs,Digital Director,1. Sent,North America
Sales Emails - Q4 Jolene,Digital Media Director,Senior Specialist,205,202006_EbxVs,Digital Director,1. Sent,North America
Sales Emails - Q4 Jolene,"VP, Digital",Senior Specialist,205,202006_EbxVs,Digital Director,1. Sent,North America
Sales Emails - Q4 Jolene,director of digital operations,Senior Specialist,205,202006_EbxVs,Digital Director,1. Sent,North America
Sales Emails - Q4 Delphine,Digital Director,Senior Specialist,196.39,202006_EbxVs,Digital Director,1. Sent,Asia - Russia and CIS
Sales Emails - Q4 Delphine,Head of Online,Senior Specialist,0,202006_EbxVs,Digital Director,1. Sent,Europe - UK & Ireland
Sales Emails - Q4 Emil,First Vice President – Digital Media Technology,Senior Specialist,757.62,202006_EbxVs,Digital Director,1. Sent,Asia - East
Sales Emails - Q4 Cyrus,Directeur des antennes délégué aux radios régionales,Senior Specialist,576.41,202006_EbxVs,Digital Director,1. Sent,Europe - France
Sales Emails - Q4 Alexander,Web Director,Senior Specialist,215.83,202006_EbxVs,Digital Director,1. Sent,Europe - Spain & Portugal
Sales Emails - Q4 Alexander,Digital Director,Senior Specialist,205,202006_EbxVs,Digital Director,1. Sent,North America
Sales Emails - Q4 Alexander,Digital Director,Senior Specialist,297.25,202006_EbxVs,Digital Director,1. Sent,North America
Sales Emails - Q4 Alexander,Executive Vice President & Chief Digital Officer,Senior Specialist,6013.03,202006_EbxVs,Digital Director,1. Sent,North America
Sales Emails - Q3 Cyrus,VP of Digital Media,Senior Specialist,205,202006_EbxVs,Digital Director,2. Negative,North America
Sales Emails - Q3 Jacob,Content Manager,Senior Specialist,447.23,202006_EbxVs,Content Director,1. Sent,North America
Sales Emails - Q3 Jacob,Social Media Editor; Director of Content/Audience and Analytics,Senior Specialist,205,202006_EbxVs,Content Director,1. Sent,North America
Sales Emails - Q4 Jolene,Global News Manager,Senior Specialist,758.88,202006_EbxVs,Content Director,1. Sent,North America
Sales Emails - Q4 Jolene,"Vp, Content",Senior Specialist,1061.46,202006_EbxVs,Content Director,1. Sent,North America
Sales Emails - Q4 Jolene,Creative Director,Senior Specialist,205,202006_EbxVs,Content Director,1. Sent,North America
Sales Emails - Q4 Emil,Digital Content Producer,Senior Specialist,0,202006_EbxVs,Content Director,1. Sent,Asia - Oceania
Sales Emails - Q4 Emil,"GM - PR, Social, Content",Senior Specialist,9539.13,202006_EbxVs,Content Director,1. Sent,Asia - Oceania
Sales Emails - Q4 Cyrus,Conten Manager,Senior Specialist,773.67,202006_EbxVs,Content Director,1. Sent,LatAm - Brazil
Sales Emails - Q4 Catherine,Head of Content,Senior Specialist,1153.81,202006_EbxVs,Content Director,1. Sent,Europe - DACH
Sales Emails - Q4 Alexander,Editor and director of content,Senior Specialist,205,202006_EbxVs,Content Director,1. Sent,North America
Sales Emails - Q4 Alexander,Regional Digital Content Manager,Senior Specialist,205,202006_EbxVs,Content Director,1. Sent,North America
Sales Emails - Q4 Alexander,Content Strategist,Senior Specialist,205,202006_EbxVs,Content Director,1. Sent,North America
Sales Emails - Q4 Alexander,Digital Content Manager,Senior Specialist,380.83,202006_EbxVs,Content Director,1. Sent,North America
Sales Emails - Q3 Jacob,Director Of Marketing,Senior Specialist,504.78,202006_EbxVs,Marketing Director,1. Sent,North America
Sales Emails - Q3 Delphine,Marketing Manager,Senior Specialist,2528.3,202006_EbxVs,Marketing Director,1. Sent,Europe - UK & Ireland
Sales Emails - Q3 Delphine,Head of Marketing,Senior Specialist,230,202006_EbxVs,Marketing Director,1. Sent,Europe - UK & Ireland
Sales Emails - Q4 Jolene,Director of Strategic Communications and Marketing,Senior Specialist,372.5,202006_EbxVs,Marketing Director,1. Sent,North America
Sales Emails - Q4 Jolene,Senior Director Product and Marketing,Senior Specialist,205,202006_EbxVs,Marketing Director,1. Sent,North America
Sales Emails - Q4 Delphine,Partnerships and Business Development Manager,Senior Specialist,266.54,202006_EbxVs,Marketing Director,1. Sent,Europe - UK & Ireland
Sales Emails - Q4 Delphine,Marketing Director,Senior Specialist,205.1,202006_EbxVs,Marketing Director,1. Sent,Asia - South
Sales Emails - Q4 Delphine,Marketing Manager,Senior Specialist,329,202006_EbxVs,Marketing Director,1. Sent,Asia - Russia and CIS
Sales Emails - Q4 Emil,Marketing Manager - Strategic Marketing and Digital Innovation Specialist,Senior Specialist,206.61,202006_EbxVs,Marketing Director,1. Sent,Europe - Italy
Sales Emails - Q4 Emil,Director of Marketing,Senior Specialist,2437.66,202006_EbxVs,Marketing Director,1. Sent,Asia - Oceania
Sales Emails - Q4 Cyrus,Regional Marketing Consultant Manager,Senior Specialist,205,202006_EbxVs,Marketing Director,1. Sent,North America
Sales Emails - Q4 Cyrus,VP Marketing,Senior Specialist,205,202006_EbxVs,Marketing Director,1. Sent,North America
Sales Emails - Q4 Cyrus,Marketing Director,Senior Specialist,6190,202006_EbxVs,Marketing Director,1. Sent,LatAm - Brazil
Sales Emails - Q4 Alexander,VP of Marketing (and Sales),Senior Specialist,336.46,202006_EbxVs,Marketing Director,1. Sent,North America
Sales Emails - Q4 Alexander,Director of Marketing,Senior Specialist,539.02,202006_EbxVs,Marketing Director,1. Sent,Europe - Spain & Portugal
Sales Emails - Q4 Alexander,Digital Marketing Manager,Senior Specialist,157,202006_EbxVs,Marketing Director,1. Sent,Europe - Spain & Portugal
Sales Emails - Q4 Alexander,Director of Marketing,Senior Specialist,656.33,202006_EbxVs,Marketing Director,1. Sent,Europe - Spain & Portugal
Sales Emails - Q4 Alexander,Marketing Director,Senior Specialist,205,202006_EbxVs,Marketing Director,1. Sent,North America
Sales Emails - Q4 Alexander,Marketing Manager,Senior Specialist,205,202006_EbxVs,Marketing Director,1. Sent,North America
Sales Emails - Q4 Alexander,Marketing Manager,Senior Specialist,205,202006_EbxVs,Marketing Director,1. Sent,North America
Sales Emails - Q4 Alexander,Marketing Director,Senior Specialist,532.77,202006_EbxVs,Marketing Director,1. Sent,North America
Sales Emails - Q4 Alexander,Marketing Manager,Senior Specialist,205,202006_EbxVs,Marketing Director,1. Sent,North America
Sales Emails - Q4 Alexander,Advertising Director,Senior Specialist,256.25,202006_EbxVs,Marketing Director,1. Sent,North America
Sales Emails - Q4 Alexander,Marketing Director,Senior Specialist,406.05,202006_EbxVs,Marketing Director,1. Sent,North America
Sales Emails - Q4 Alexander,Director de Marketing y Comercial,Senior Specialist,273.35,202006_EbxVs,Marketing Director,1. Sent,LatAm - South
Sales Emails - Q3 Cyrus,Marketing Manager,Senior Specialist,1965.2,202006_EbxVs,Marketing Director,1. Sent,LatAm - Brazil
Sales Emails - Q4 Emil,Digital Marketing Manager,Senior Specialist,198.59,202006_EbxVs,Marketing Director,2. Negative,Europe - Italy
Sales Emails - Q3 Cyrus,Public Relations and Global Campaigns Managers,Senior Specialist,931.49,202006_EbxVs,Marketing Director,2. Negative,LatAm - Brazil
Sales Emails - Q4 Alexander,Director of Marketing,Senior Specialist,157,202006_EbxVs,Marketing Director,4. Positive,Europe - Spain & Portugal
Sales Emails - Q4 Jolene,Director of Social Media,Senior Specialist,497.34,202006_EbxVs,Social Media Director,1. Sent,North America
Sales Emails - Q4 Jolene,Social and Digital Strategist,Senior Specialist,205,202006_EbxVs,Social Media Director,1. Sent,North America
Sales Emails - Q4 Jolene,Global Head of Social Media,Senior Specialist,794.6,202006_EbxVs,Social Media Director,2. Negative,North America
Sales Emails - Q4 Cyrus,Directeur De La Strategie Social Media,Senior Specialist,394.02,202006_EbxVs,Social Media Director,2. Negative,Europe - France
Sales Emails - Q4 Jolene,Regional Media Analytics Director,Senior Specialist,306.27,202006_EbxVs,Analytics Director,1. Sent,North America
Sales Emails - Q4 Cyrus,CDO,Senior Specialist,1150,202006_EbxVs,Analytics Director,1. Sent,Europe - France
Sales Emails - Q4 Alexander,Media Analytics Director,Senior Specialist,457.6,202006_EbxVs,Analytics Director,1. Sent,North America
Sales Emails - Q4 Delphine,Audience Engagement Editor,Senior Specialist,0,202006_EbxVs,Audience Development Director,1. Sent,Europe - UK & Ireland
Sales Emails - Q4 Alexander,Audience growth and Distribution Director,Senior Specialist,205,202006_EbxVs,Audience Development Director,1. Sent,North America
Sales Emails - Q4 Alexander,"Head of Fan Development, Group VP Audience - East Region",Senior Specialist,205,202006_EbxVs,Audience Development Director,1. Sent,North America
Sales Emails - Q4 Jolene,Ceo,Senior Management,205,202006_Content,CEO,4. Positive,North America
Sales Emails - Q4 Jolene,Co-Founder,Senior Management,0,202006_Cost,CEO,3. Neutral,North America
Sales Emails - Q3 Jacob,Publisher,Senior Management,205,202006_Traffic,CEO,4. Positive,North America
Sales Emails - Q4 Delphine,Head of Engagement,Senior Specialist,0,202006_EbxVs,Audience Development Director,4. Positive,Europe - UK & Ireland
Sales Emails - Q3 Cyrus,Head of content strategy and audience development,Senior Specialist,1624.28,202006_EbxVs,Audience Development Director,4. Positive,Asia - Oceania
Sales Emails - Q4 Jolene,Chief Strategist,Senior Specialist,1025,202006_EbxVs,VP Strategy,1. Sent,North America
Sales Emails - Q4 Jolene,Publisher and VP Sales and Marketing,Senior Specialist,205,202006_EbxVs,VP Strategy,1. Sent,North America
Sales Emails - Q4 Jolene,Vice-President,Senior Specialist,1285,202006_EbxVs,VP Strategy,1. Sent,North America
Sales Emails - Q4 Jolene,Director Of Strategic,Senior Specialist,252.66,202006_EbxVs,VP Strategy,1. Sent,North America
Sales Emails - Q4 Delphine,Head of Strategy,Senior Specialist,100,202006_EbxVs,VP Strategy,1. Sent,Asia - South
Sales Emails - Q4 Delphine,Head Of Strategy And Insights,Senior Specialist,1450.41,202006_EbxVs,VP Strategy,1. Sent,Europe - UK & Ireland
Sales Emails - Q4 Delphine,Executive Director For Strategic Growth,Senior Specialist,563.4,202006_EbxVs,VP Strategy,1. Sent,Europe - UK & Ireland
Sales Emails - Q4 Alexander,Head of Digital Strategy,Senior Specialist,205,202006_EbxVs,VP Strategy,1. Sent,North America
Sales Emails - Q3 Cyrus,"Manager, Content Strategy",Senior Specialist,205,202006_EbxVs,VP Strategy,1. Sent,North America
Sales Emails - Q4 Alexander,Head of Strategy,Senior Specialist,157,202006_EbxVs,VP Strategy,2. Negative,Europe - Spain & Portugal
Sales Emails - Q4 Jolene,Product Manager,Senior Specialist,1608.74,202006_EbxVs,VP Product,1. Sent,North America
Sales Emails - Q4 Cyrus,Product manager,Senior Specialist,1291,202006_EbxVs,VP Product,1. Sent,North America
Sales Emails - Q4 Alexander,Product Manager MegaStar.fm,Senior Specialist,157,202006_EbxVs,VP Product,1. Sent,Europe - Spain & Portugal
Sales Emails - Q4 Jolene,Head of Social Media,End User,1567.64,202006_EbxVs,Social Media Editor,1. Sent,North America
Sales Emails - Q4 Jolene,Social Media Coordinator,End User,1038.41,202006_EbxVs,Social Media Editor,1. Sent,North America
Sales Emails - Q4 Jolene,Social Media Editor,End User,388.22,202006_EbxVs,Social Media Editor,1. Sent,North America
Sales Emails - Q4 Delphine,"Social Media Manager, Editorial",End User,230,202006_EbxVs,Social Media Editor,1. Sent,Europe - UK & Ireland
Sales Emails - Q4 Emil,Social Media Editor,End User,988.74,202006_EbxVs,Social Media Editor,1. Sent,Europe - Italy
Sales Emails - Q4 Alexander,Social Media Coordinator,End User,331.32,202006_EbxVs,Social Media Editor,1. Sent,North America
Sales Emails - Q4 Alexander,Social Media Manager / Editor,End User,215.83,202006_EbxVs,Social Media Editor,1. Sent,Europe - Spain & Portugal
Sales Emails - Q4 Alexander,Subeditora de Medios Sociales,End User,420.83,202006_EbxVs,Social Media Editor,1. Sent,LatAm - South
Sales Emails - Q3 Cyrus,Social Media Producer,End User,3125.33,202006_EbxVs,Social Media Editor,1. Sent,Asia - Oceania
Sales Emails - Q3 Jacob,Social Feed Manager,End User,1104.53,202006_EbxVs,Social Media Manager,1. Sent,North America
Sales Emails - Q4 Jolene,Social Media Manager,End User,1377.87,202006_EbxVs,Social Media Manager,1. Sent,North America
Sales Emails - Q4 Delphine,Social Media Manager,End User,3165.06,202006_EbxVs,Social Media Manager,1. Sent,Europe - UK & Ireland
Sales Emails - Q4 Emil,SEO/Social Manager,End User,405.56,202006_EbxVs,Social Media Manager,1. Sent,Europe - Italy
Sales Emails - Q4 Emil,Social Media Manager,End User,957.71,202006_EbxVs,Social Media Manager,1. Sent,Asia - East
Sales Emails - Q4 Cyrus,Responsable des réseaux sociaux,End User,1150,202006_EbxVs,Social Media Manager,1. Sent,Europe - France
Sales Emails - Q4 Alexander,Social Media Manager,End User,631.58,202006_EbxVs,Social Media Manager,1. Sent,North America
Sales Emails - Q3 Jacob,Social Media Manager,End User,5844.19,202006_EbxVs,Social Media Manager,2. Negative,North America
Sales Emails - Q4 Cyrus,Social Media Officer,End User,352.04,202006_EbxVs,Social Media Manager,2. Negative,Europe - France
Sales Emails - Q4 Delphine,CEO,End User,80,202006_EbxVs,Social Media Manager,4. Positive,Africa
Sales Emails - Q3 Delphine,Digital Content Creator,End User,230,202006_EbxVs,Digital Manager,1. Sent,Europe - UK & Ireland
Sales Emails - Q4 Jolene,Digital Content Manager,End User,205,202006_EbxVs,Digital Manager,1. Sent,North America
Sales Emails - Q4 Delphine,Digital Manager,End User,156,202006_EbxVs,Digital Manager,1. Sent,Europe - Southeast
Sales Emails - Q4 Delphine,Digital Manager,End User,1230.86,202006_EbxVs,Digital Manager,1. Sent,Asia - South
Sales Emails - Q4 Delphine,Digital Media Manager,End User,156,202006_EbxVs,Digital Manager,1. Sent,Europe - Southeast
Sales Emails - Q4 Alexander,Digital Manager,End User,1436.4,202006_EbxVs,Digital Manager,1. Sent,North America
Sales Emails - Q4 Alexander,Digital Growth Manager,End User,205,202006_EbxVs,Digital Manager,1. Sent,North America
Sales Emails - Q4 Alexander,Digital Account Manager,End User,246.79,202006_EbxVs,Digital Manager,1. Sent,North America
Sales Emails - Q4 Jolene,CEO,Senior Management,292.97,202006_Traffic,CEO,4. Positive,North America
Sales Emails - Q4 Cyrus,Community Manager,End User,200,202006_EbxVs,Community Manager,1. Sent,Europe - France
Sales Emails - Q4 Alexander,Community manager,End User,0,202006_EbxVs,Community Manager,1. Sent,Europe - Spain & Portugal
Sales Emails - Q4 Alexander,Community Manager,End User,593.19,202006_EbxVs,Community Manager,1. Sent,North America
Sales Emails - Q4 Jolene,CEO,Senior Management,,202006_Traffic,CEO,4. Positive,North America
Sales Emails - Q4 Jolene,Executive Editor,Other,205,202006_EbxVs,Other,1. Sent,North America
Sales Emails - Q4 Jolene,TBC,Other,325.34,202006_EbxVs,Other,1. Sent,North America
Sales Emails - Q4 Jolene,Executive Editor,Other,339.79,202006_EbxVs,Other,1. Sent,North America
Sales Emails - Q4 Jolene,TBC,Other,205,202006_EbxVs,Other,1. Sent,North America
Sales Emails - Q4 Jolene,DIGITAL SALES MANAGER,Other,312.87,202006_EbxVs,Other,1. Sent,North America
Sales Emails - Q4 Jolene,Head of Partnerships,Other,412.73,202006_EbxVs,Other,1. Sent,North America
Sales Emails - Q4 Jolene,Tech editor,Other,9225,202006_EbxVs,Other,1. Sent,North America
Sales Emails - Q4 Jolene,Creative Director,Other,205,202006_EbxVs,Other,1. Sent,North America
Sales Emails - Q4 Delphine,Editor,Other,230,202006_EbxVs,Other,1. Sent,Europe - UK & Ireland
Sales Emails - Q4 Delphine,General Editor,Other,156,202006_EbxVs,Other,1. Sent,Europe - Southeast
Sales Emails - Q4 Delphine,Content Specialist,Other,230,202006_EbxVs,Other,1. Sent,Europe - UK & Ireland
Sales Emails - Q4 Delphine,Editor,Other,230,202006_EbxVs,Other,1. Sent,Europe - UK & Ireland
Sales Emails - Q4 Delphine,Editor,Other,561.66,202006_EbxVs,Other,1. Sent,Europe - UK & Ireland
Sales Emails - Q4 Delphine,Editorial,Other,358.85,202006_EbxVs,Other,1. Sent,Asia - Russia and CIS
Sales Emails - Q4 Emil,Executive Editor,Other,2033.05,202006_EbxVs,Other,1. Sent,Asia - East
Sales Emails - Q4 Cyrus,Executive Editor,Other,123.8,202006_EbxVs,Other,1. Sent,LatAm - Brazil
Sales Emails - Q4 Catherine,Team,Other,80,202006_EbxVs,Other,1. Sent,Africa
Sales Emails - Q4 Alexander,Digicom,Other,123.8,202006_EbxVs,Other,1. Sent,LatAm - Central
Sales Emails - Q4 Alexander,Jornalista,Other,214.95,202006_EbxVs,Other,1. Sent,Europe - Spain & Portugal
Sales Emails - Q4 Alexander,TBC,Other,,202006_EbxVs,Other,1. Sent,LatAm - Central
Sales Emails - Q4 Alexander,Chief Operating Officer,Other,1166.49,202006_EbxVs,Other,1. Sent,North America
Sales Emails - Q4 Jolene,Executive Assistant to the CEO,Other,2613.99,202006_EbxVs,Other,2. Negative,North America
Sales Emails - Q4 Delphine,Social Media & Business Development,Other,561.66,202006_EbxVs,Other,2. Negative,Europe - UK & Ireland
Sales Emails - Q4 Cyrus,Directrice de la rédaction,Other,973.32,202006_EbxVs,Other,2. Negative,Europe - France
Sales Emails - Q4 Cyrus,TBC,Other,141.8,202006_EbxVs,Other,2. Negative,LatAm - Brazil
Sales Emails - Q4 Jolene,"Co-Founder, Ceo",Senior Management,205,202006_Traffic,CEO,4. Positive,North America
Sales Emails - Q4 Delphine,TBD,Other,80,202006_EbxVs,Other,3. Neutral,Africa
Sales Emails - Q4 Catherine,News Editor,Other,238,202006_EbxVs,Other,3. Neutral,Europe - Nordics
Sales Emails - Q4 Catherine,TBC,Other,552.8,202006_EbxVs,Other,3. Neutral,Europe - DACH
Sales Emails - Q4 Alexander,TBC,Other,0,202006_EbxVs,Other,3. Neutral,LatAm - Central
Sales Emails - Q4 Alexander,TBC,Other,157,202006_EbxVs,Other,4. Positive,Europe - Spain & Portugal
Sales Emails - Q4 Cyrus,Président de Neomedia,Senior Management,205,202006_Traffic,CEO,4. Positive,North America
Sales Emails - Q4 Jacob,Co-Founder,Senior Management,200,202006_Traffic,CEO,1. Sent,Europe - France
Sales Emails - Q4 Jacob,Founder,Senior Management,200,202006_Traffic,CEO,1. Sent,Europe - France
Sales Emails - Q3 Jacob,CEO,Senior Management,210,202006_Traffic,CEO,1. Sent,Europe - Benelux
Sales Emails - Q3 Jacob,Founder,Senior Management,325.34,202006_Traffic,CEO,1. Sent,North America
Sales Emails - Q3 Jacob,Président,Senior Management,214.21,202006_Traffic,CEO,1. Sent,Europe - France
Sales Emails - Q3 Jacob,CEO,Senior Management,2053.48,202006_Traffic,CEO,1. Sent,Europe - Spain & Portugal
Sales Emails - Q3 Jacob,CEO,Senior Management,292.54,202006_Traffic,CEO,1. Sent,Africa
Sales Emails - Q3 Jacob,Ceo,Senior Management,818.92,202006_Traffic,CEO,1. Sent,Europe - Spain & Portugal
Sales Emails - Q3 Ferdinand,CEO,Senior Management,124.6,202006_Traffic,CEO,1. Sent,Europe - East
Sales Emails - Q3 Ferdinand,CEO,Senior Management,124.6,202006_Traffic,CEO,1. Sent,Europe - East
Sales Emails - Q3 Ferdinand,CEO,Senior Management,188,202006_Traffic,CEO,1. Sent,Europe - Italy
Sales Emails - Q3 Ferdinand,CEO,Senior Management,124.6,202006_Traffic,CEO,1. Sent,Europe - East
Sales Emails - Q3 Ferdinand,CEO,Senior Management,188,202006_Traffic,CEO,1. Sent,Europe - Italy
Sales Emails - Q3 Ferdinand,CEO,Senior Management,124.6,202006_Traffic,CEO,1. Sent,Europe - East
Sales Emails - Q3 Ferdinand,CEO,Senior Management,188,202006_Traffic,CEO,1. Sent,Europe - Italy
Sales Emails - Q3 Ferdinand,"President, Managing Director",Senior Management,890.97,202006_Traffic,CEO,1. Sent,Europe - Italy
Sales Emails - Q3 Ferdinand,CEO,Senior Management,124.6,202006_Traffic,CEO,1. Sent,Europe - East
Sales Emails - Q3 Ferdinand,Ceo,Senior Management,494.45,202006_Traffic,CEO,1. Sent,Europe - DACH
Sales Emails - Q3 Ferdinand,Founder,Senior Management,124.6,202006_Traffic,CEO,1. Sent,Europe - East
Sales Emails - Q3 Ferdinand,Co-Founder,Senior Management,541.18,202006_Traffic,CEO,1. Sent,Asia - East
Sales Emails - Q3 Ferdinand,Co-Founder And Ceo,Senior Management,1051.03,202006_Traffic,CEO,1. Sent,MENA - North Africa
Sales Emails - Q3 Delphine,CEO,Senior Management,230,202006_Traffic,CEO,1. Sent,Europe - UK & Ireland
Sales Emails - Q3 Delphine,CEO,Senior Management,3194.8,202006_Traffic,CEO,1. Sent,Europe - UK & Ireland
Sales Emails - Q3 Delphine,CEO,Senior Management,5750,202006_Traffic,CEO,1. Sent,Europe - UK & Ireland
Sales Emails - Q4 Jolene,Founder & CEO,Senior Management,840.59,202006_Traffic,CEO,1. Sent,North America
Sales Emails - Q4 Jolene,Owner / Publisher,Senior Management,205,202006_Traffic,CEO,1. Sent,North America
Sales Emails - Q4 Jolene,Founder of One Green Planet,Senior Management,1110.86,202006_Traffic,CEO,1. Sent,North America
Sales Emails - Q4 Jolene,Owner,Senior Management,279.82,202006_Traffic,CEO,1. Sent,North America
Sales Emails - Q4 Jolene,Publisher/Editor,Senior Management,418.56,202006_Traffic,CEO,1. Sent,North America
Sales Emails - Q4 Jolene,Owner and Managing Editor,Senior Management,205,202006_Traffic,CEO,1. Sent,North America
Sales Emails - Q4 Jolene,CEO,Senior Management,571.38,202006_Traffic,CEO,1. Sent,North America
Sales Emails - Q4 Jolene,President and co-CEO,Senior Management,826.01,202006_Traffic,CEO,1. Sent,North America
Sales Emails - Q4 Jolene,CEO,Senior Management,205,202006_Traffic,CEO,1. Sent,North America
Sales Emails - Q4 Jolene,Founder & CEO,Senior Management,1052.25,202006_Traffic,CEO,1. Sent,North America
Sales Emails - Q4 Jolene,Founder & CEO,Senior Management,548.7,202006_Traffic,CEO,1. Sent,North America
Sales Emails - Q4 Jolene,CEO,Senior Management,461.21,202006_Traffic,CEO,1. Sent,North America
Sales Emails - Q4 Jolene,CEO,Senior Management,205,202006_Traffic,CEO,1. Sent,North America
Sales Emails - Q4 Jolene,CEO,Senior Management,205,202006_Traffic,CEO,1. Sent,North America
Sales Emails - Q4 Jolene,Founder,Senior Management,903.88,202006_Traffic,CEO,1. Sent,North America
Sales Emails - Q4 Jolene,CEO,Senior Management,205,202006_Traffic,CEO,1. Sent,North America
Sales Emails - Q4 Jolene,Co founder,Senior Management,925.99,202006_Traffic,CEO,1. Sent,North America
Sales Emails - Q4 Jolene,Founder,Senior Management,205,202006_Traffic,CEO,1. Sent,North America
Sales Emails - Q4 Jolene,CEO,Senior Management,0,202006_Traffic,CEO,1. Sent,North America
Sales Emails - Q4 Jolene,CEO,Senior Management,205,202006_Traffic,CEO,1. Sent,North America
Sales Emails - Q4 Jolene,"Publisher and Editor, Alexandria Times newspaper",Senior Management,0,202006_Traffic,CEO,1. Sent,North America
Sales Emails - Q4 Jolene,CEO,Senior Management,205,202006_Traffic,CEO,1. Sent,North America
Sales Emails - Q4 Jolene,CEO,Senior Management,237.94,202006_Traffic,CEO,1. Sent,North America
Sales Emails - Q4 Jolene,CEO,Senior Management,707.86,202006_Traffic,CEO,1. Sent,North America
Sales Emails - Q4 Jolene,CEO,Senior Management,205,202006_Traffic,CEO,1. Sent,North America
Sales Emails - Q4 Jolene,CEO,Senior Management,1182.61,202006_Traffic,CEO,1. Sent,North America
Sales Emails - Q4 Jolene,CEO,Senior Management,205,202006_Traffic,CEO,1. Sent,North America
Sales Emails - Q4 Jolene,Co-Founder,Senior Management,957.35,202006_Traffic,CEO,1. Sent,North America
Sales Emails - Q4 Jolene,Publisher,Senior Management,1876.73,202006_Traffic,CEO,1. Sent,North America
Sales Emails - Q4 Jolene,CEO,Senior Management,462.63,202006_Traffic,CEO,1. Sent,North America
Sales Emails - Q4 Jolene,"Co-Founder, Ceo & Editor-In-Chief",Senior Management,205,202006_Traffic,CEO,1. Sent,North America
Sales Emails - Q4 Jolene,Ceo,Senior Management,205,202006_Traffic,CEO,1. Sent,North America
Sales Emails - Q4 Jolene,President & CEO,Senior Management,270.61,202006_Traffic,CEO,1. Sent,North America
Sales Emails - Q4 Jolene,Co-Owner  Founder  Publisher  Co-Editor,Senior Management,205,202006_Traffic,CEO,1. Sent,North America
Sales Emails - Q4 Jolene,Founder,Senior Management,511.14,202006_Traffic,CEO,1. Sent,North America
Sales Emails - Q4 Jolene,President,Senior Management,484.73,202006_Traffic,CEO,1. Sent,North America
Sales Emails - Q4 Jolene,"Vp, General Manager",Senior Management,417.77,202006_Traffic,CEO,1. Sent,North America
Sales Emails - Q4 Jolene,CEO,Senior Management,561.09,202006_Traffic,CEO,1. Sent,North America
Sales Emails - Q4 Jolene,Ceo,Senior Management,859.72,202006_Traffic,CEO,1. Sent,North America
Sales Emails - Q4 Jolene,CEO,Senior Management,0,202006_Traffic,CEO,1. Sent,North America
Sales Emails - Q4 Jolene,CEO,Senior Management,205,202006_Traffic,CEO,1. Sent,North America
Sales Emails - Q4 Jolene,Co-Founder,Senior Management,5565.33,202006_Traffic,CEO,1. Sent,North America
Sales Emails - Q4 Delphine,CEO,Senior Management,0,202006_Traffic,CEO,1. Sent,MENA - North Africa
Sales Emails - Q4 Delphine,Co-Founder and CEO,Senior Management,0,202006_Traffic,CEO,1. Sent,Europe - UK & Ireland
Sales Emails - Q4 Delphine,Publisher,Senior Management,0,202006_Traffic,CEO,1. Sent,Europe - UK & Ireland
Sales Emails - Q4 Delphine,CEO,Senior Management,0,202006_Traffic,CEO,1. Sent,Europe - UK & Ireland
Sales Emails - Q4 Delphine,CEO,Senior Management,230,202006_Traffic,CEO,1. Sent,Europe - UK & Ireland
Sales Emails - Q4 Delphine,CEO,Senior Management,0,202006_Traffic,CEO,1. Sent,Europe - UK & Ireland
Sales Emails - Q4 Delphine,Founder,Senior Management,230,202006_Traffic,CEO,1. Sent,Europe - UK & Ireland
Sales Emails - Q4 Delphine,Founder & CEO,Senior Management,926.81,202006_Traffic,CEO,1. Sent,MENA - North Africa
Sales Emails - Q4 Delphine,CEO,Senior Management,487.89,202006_Traffic,CEO,1. Sent,Europe - UK & Ireland
Sales Emails - Q4 Delphine,CEO,Senior Management,230,202006_Traffic,CEO,1. Sent,Europe - UK & Ireland
Sales Emails - Q4 Delphine,CEO,Senior Management,100,202006_Traffic,CEO,1. Sent,Asia - South
Sales Emails - Q4 Delphine,CEO,Senior Management,123.4,202006_Traffic,CEO,1. Sent,MENA - North Africa
Sales Emails - Q4 Delphine,CEO,Senior Management,528.91,202006_Traffic,CEO,1. Sent,MENA - North Africa
Sales Emails - Q4 Delphine,Ceo,Senior Management,156,202006_Traffic,CEO,1. Sent,Europe - Southeast
Sales Emails - Q4 Delphine,"Founder, Ceo",Senior Management,100,202006_Traffic,CEO,1. Sent,Asia - South
Sales Emails - Q4 Delphine,Founder,Senior Management,230,202006_Traffic,CEO,1. Sent,Europe - UK & Ireland
Sales Emails - Q4 Delphine,Ceo,Senior Management,395.68,202006_Traffic,CEO,1. Sent,Asia - South
Sales Emails - Q4 Delphine,Co-Owner,Senior Management,249.55,202006_Traffic,CEO,1. Sent,Asia - South
Sales Emails - Q4 Delphine,"Founder, Ceo",Senior Management,123.4,202006_Traffic,CEO,1. Sent,MENA - North Africa
Sales Emails - Q4 Delphine,Ceo,Senior Management,686.11,202006_Traffic,CEO,1. Sent,Europe - UK & Ireland
Sales Emails - Q4 Delphine,General Manager,Senior Management,119,202006_Traffic,CEO,1. Sent,Asia - Russia and CIS
Sales Emails - Q4 Delphine,Founder,Senior Management,230,202006_Traffic,CEO,1. Sent,Europe - UK & Ireland
Sales Emails - Q4 Delphine,Deputy Chief Executive Officer (DCEO) at 1TV,Senior Management,341.24,202006_Traffic,CEO,1. Sent,Asia - South
Sales Emails - Q4 Emil,Founder,Senior Management,0,202006_Traffic,CEO,1. Sent,Asia - East
Sales Emails - Q4 Emil,Founder,Senior Management,286.63,202006_Traffic,CEO,1. Sent,Asia - East
Sales Emails - Q4 Emil,CEO,Senior Management,279.77,202006_Traffic,CEO,1. Sent,Asia - East
Sales Emails - Q4 Emil,CEO,Senior Management,164.4,202006_Traffic,CEO,1. Sent,Asia - East
Sales Emails - Q4 Emil,CEO,Senior Management,369.46,202006_Traffic,CEO,1. Sent,Asia - East
Sales Emails - Q4 Emil,Founder,Senior Management,619.93,202006_Traffic,CEO,1. Sent,Asia - Oceania
Sales Emails - Q4 Emil,CEO,Senior Management,0,202006_Traffic,CEO,1. Sent,Asia - Oceania
Sales Emails - Q4 Emil,CEO,Senior Management,188,202006_Traffic,CEO,1. Sent,Europe - Italy
Sales Emails - Q4 Emil,Chief Executive Officer,Senior Management,334.82,202006_Traffic,CEO,1. Sent,MENA - Middle East
Sales Emails - Q4 Emil,CEO,Senior Management,123.8,202006_Traffic,CEO,1. Sent,LatAm - Central
Sales Emails - Q4 Emil,Publisher,Senior Management,726.38,202006_Traffic,CEO,1. Sent,Asia - Oceania
Sales Emails - Q4 Emil,Founder,Senior Management,164.4,202006_Traffic,CEO,1. Sent,Asia - East
Sales Emails - Q4 Emil,Founder,Senior Management,164.4,202006_Traffic,CEO,1. Sent,Asia - East
Sales Emails - Q4 Emil,Publisher,Senior Management,164.4,202006_Traffic,CEO,1. Sent,Asia - East
Sales Emails - Q4 Emil,CEO,Senior Management,188,202006_Traffic,CEO,1. Sent,Europe - Italy
Sales Emails - Q4 Emil,CEO,Senior Management,188,202006_Traffic,CEO,1. Sent,Europe - Italy
Sales Emails - Q4 Emil,CEO,Senior Management,188,202006_Traffic,CEO,1. Sent,Europe - Italy
Sales Emails - Q4 Emil,Ceo,Senior Management,890.97,202006_Traffic,CEO,1. Sent,Europe - Italy
Sales Emails - Q4 Emil,"Technical Director, Founder",Senior Management,241,202006_Traffic,CEO,1. Sent,Asia - Oceania
Sales Emails - Q4 Emil,Owner,Senior Management,188,202006_Traffic,CEO,1. Sent,Europe - Italy
Sales Emails - Q4 Emil,Ceo,Senior Management,164.4,202006_Traffic,CEO,1. Sent,Asia - East
Sales Emails - Q4 Emil,CEO & Founder,Senior Management,223.77,202006_Traffic,CEO,1. Sent,Asia - East
Sales Emails - Q4 Emil,Director General,Senior Management,222.4,202006_Traffic,CEO,1. Sent,MENA - Middle East
Sales Emails - Q4 Emil,Director General,Senior Management,188,202006_Traffic,CEO,1. Sent,Europe - Italy
Sales Emails - Q4 Emil,Publisher,Senior Management,188,202006_Traffic,CEO,1. Sent,Europe - Italy
Sales Emails - Q4 Emil,Owner,Senior Management,188,202006_Traffic,CEO,1. Sent,Europe - Italy
Sales Emails - Q4 Emil,Ceo,Senior Management,188,202006_Traffic,CEO,1. Sent,Europe - Italy
Sales Emails - Q4 Emil,"President, Ceo",Senior Management,188,202006_Traffic,CEO,1. Sent,Europe - Italy
Sales Emails - Q4 Emil,Publisher,Senior Management,188,202006_Traffic,CEO,1. Sent,Europe - Italy
Sales Emails - Q4 Emil,Ceo,Senior Management,937.53,202006_Traffic,CEO,1. Sent,Europe - Italy
Sales Emails - Q4 Emil,Founder & Creative Director,Senior Management,241,202006_Traffic,CEO,1. Sent,Asia - Oceania
Sales Emails - Q4 Emil,President,Senior Management,188,202006_Traffic,CEO,1. Sent,Europe - Italy
Sales Emails - Q4 Emil,Director General,Senior Management,188,202006_Traffic,CEO,1. Sent,Europe - Italy
Sales Emails - Q4 Emil,Owner,Senior Management,641.79,202006_Traffic,CEO,1. Sent,Asia - Oceania
Sales Emails - Q4 Emil,Ceo & Co-Founder,Senior Management,843.23,202006_Traffic,CEO,1. Sent,MENA - Middle East
Sales Emails - Q4 Emil,Owner,Senior Management,804.93,202006_Traffic,CEO,1. Sent,Asia - East
Sales Emails - Q4 Emil,Ceo,Senior Management,884.54,202006_Traffic,CEO,1. Sent,Asia - East
Sales Emails - Q4 Emil,Ceo,Senior Management,481.01,202006_Traffic,CEO,1. Sent,Asia - East
Sales Emails - Q4 Emil,Ceo,Senior Management,596.63,202006_Traffic,CEO,1. Sent,Asia - Oceania
Sales Emails - Q4 Emil,Chief Executive Officer,Senior Management,506.32,202006_Traffic,CEO,1. Sent,MENA - Middle East
Sales Emails - Q4 Emil,Founder And Ceo,Senior Management,241,202006_Traffic,CEO,1. Sent,Asia - Oceania
Sales Emails - Q4 Emil,Ceo,Senior Management,164.4,202006_Traffic,CEO,1. Sent,Asia - East
Sales Emails - Q4 Emil,Ceo,Senior Management,222.4,202006_Traffic,CEO,1. Sent,MENA - Middle East
Sales Emails - Q4 Emil,Executive Owner-Grantee,Senior Management,1057.7,202006_Traffic,CEO,1. Sent,MENA - Middle East
Sales Emails - Q4 Cyrus,Founder,Senior Management,519.01,202006_Traffic,CEO,1. Sent,Asia - Oceania
Sales Emails - Q4 Cyrus,CEO,Senior Management,336.21,202006_Traffic,CEO,1. Sent,Asia - Oceania
Sales Emails - Q4 Cyrus,CEO,Senior Management,2392.42,202006_Traffic,CEO,1. Sent,North America
Sales Emails - Q4 Cyrus,CEO,Senior Management,2359.28,202006_Traffic,CEO,1. Sent,Europe - France
Sales Emails - Q4 Cyrus,CEO,Senior Management,200,202006_Traffic,CEO,1. Sent,Europe - France
Sales Emails - Q4 Cyrus,CEO,Senior Management,200,202006_Traffic,CEO,1. Sent,Europe - France
Sales Emails - Q4 Cyrus,CEO,Senior Management,0,202006_Traffic,CEO,1. Sent,Europe - France
Sales Emails - Q4 Cyrus,Publisher,Senior Management,205,202006_Traffic,CEO,1. Sent,North America
Sales Emails - Q4 Cyrus,Co-Founder,Senior Management,6190,202006_Traffic,CEO,1. Sent,LatAm - Brazil
Sales Emails - Q4 Cyrus,Ceo,Senior Management,605.34,202006_Traffic,CEO,1. Sent,LatAm - Brazil
Sales Emails - Q4 Cyrus,"Directeur Général, M6 Publicité",Senior Management,766.36,202006_Traffic,CEO,1. Sent,Europe - France
Sales Emails - Q4 Cyrus,"President, Ceo",Senior Management,0,202006_Traffic,CEO,1. Sent,North America
Sales Emails - Q4 Cyrus,"Publisher, Ceo",Senior Management,670.4,202006_Traffic,CEO,1. Sent,LatAm - Brazil
Sales Emails - Q4 Cyrus,Founding Partner,Senior Management,484.99,202006_Traffic,CEO,1. Sent,LatAm - Brazil
Sales Emails - Q4 Cyrus,Founder,Senior Management,1391.18,202006_Traffic,CEO,1. Sent,Europe - France
Sales Emails - Q4 Cyrus,Founder & Ceo,Senior Management,200,202006_Traffic,CEO,1. Sent,Europe - France
Sales Emails - Q4 Cyrus,CEO,Senior Management,535.56,202006_Traffic,CEO,1. Sent,North America
Sales Emails - Q4 Cyrus,CEO,Senior Management,1843.43,202006_Traffic,CEO,1. Sent,Europe - France
Sales Emails - Q4 Cyrus,Publisher,Senior Management,205,202006_Traffic,CEO,1. Sent,North America
Sales Emails - Q4 Cyrus,Co Founder,Senior Management,210,202006_Traffic,CEO,1. Sent,Europe - Benelux
Sales Emails - Q4 Catherine,CEO,Senior Management,124.6,202006_Traffic,CEO,1. Sent,Europe - East
Sales Emails - Q4 Catherine,Co-Founder,Senior Management,278,202006_Traffic,CEO,1. Sent,Europe - DACH
Sales Emails - Q4 Catherine,Geschäftsführerin,Senior Management,278,202006_Traffic,CEO,1. Sent,Europe - DACH
Sales Emails - Q4 Catherine,Co-Founder / Comm Manager,Senior Management,215.79,202006_Traffic,CEO,1. Sent,Europe - East
Sales Emails - Q4 Catherine,CEO,Senior Management,124.6,202006_Traffic,CEO,1. Sent,Europe - East
Sales Emails - Q4 Catherine,CEO,Senior Management,238,202006_Traffic,CEO,1. Sent,Europe - Nordics
Sales Emails - Q4 Catherine,CEO,Senior Management,124.6,202006_Traffic,CEO,1. Sent,Europe - East
Sales Emails - Q4 Catherine,CEO,Senior Management,253.13,202006_Traffic,CEO,1. Sent,Africa
Sales Emails - Q4 Catherine,CEO,Senior Management,124.6,202006_Traffic,CEO,1. Sent,Europe - East
Sales Emails - Q4 Catherine,Managing Director,Senior Management,569.53,202006_Traffic,CEO,1. Sent,Europe - East
Sales Emails - Q4 Catherine,Co-Founder,Senior Management,693.6,202006_Traffic,CEO,1. Sent,Europe - East
Sales Emails - Q4 Catherine,Owner,Senior Management,505.38,202006_Traffic,CEO,1. Sent,Europe - East
Sales Emails - Q4 Alexander,CEO,Senior Management,157,202006_Traffic,CEO,1. Sent,Europe - Spain & Portugal
Sales Emails - Q4 Alexander,CEO,Senior Management,123.8,202006_Traffic,CEO,1. Sent,LatAm - Central
Sales Emails - Q4 Alexander,Owner,Senior Management,157,202006_Traffic,CEO,1. Sent,Europe - Spain & Portugal
Sales Emails - Q4 Alexander,CEO,Senior Management,1152.04,202006_Traffic,CEO,1. Sent,Europe - Spain & Portugal
Sales Emails - Q4 Alexander,Founder & CEO,Senior Management,334.09,202006_Traffic,CEO,1. Sent,Europe - Spain & Portugal
Sales Emails - Q4 Alexander,CEO,Senior Management,389.9,202006_Traffic,CEO,1. Sent,LatAm - South
Sales Emails - Q4 Alexander,Director General,Senior Management,123.8,202006_Traffic,CEO,1. Sent,LatAm - South
Sales Emails - Q4 Alexander,Director General,Senior Management,243.72,202006_Traffic,CEO,1. Sent,LatAm - South
Sales Emails - Q4 Alexander,Owner,Senior Management,570.99,202006_Traffic,CEO,1. Sent,North America
Sales Emails - Q4 Alexander,CEO,Senior Management,643.44,202006_Traffic,CEO,1. Sent,Europe - UK & Ireland
Sales Emails - Q4 Alexander,Co-founder,Senior Management,923.28,202006_Traffic,CEO,1. Sent,Europe - Spain & Portugal
Sales Emails - Q4 Alexander,Owner,Senior Management,157,202006_Traffic,CEO,1. Sent,Europe - Spain & Portugal
Sales Emails - Q4 Alexander,CEO,Senior Management,1147.69,202006_Traffic,CEO,1. Sent,LatAm - Central
Sales Emails - Q4 Alexander,Owner,Senior Management,205,202006_Traffic,CEO,1. Sent,North America
Sales Emails - Q4 Alexander,Ceo,Senior Management,467.23,202006_Traffic,CEO,1. Sent,North America
Sales Emails - Q4 Alexander,Ceo,Senior Management,946.99,202006_Traffic,CEO,1. Sent,Europe - Spain & Portugal
Sales Emails - Q4 Alexander,Ceo,Senior Management,157,202006_Traffic,CEO,1. Sent,Europe - Spain & Portugal
Sales Emails - Q4 Alexander,CEO,Senior Management,524.74,202006_Traffic,CEO,1. Sent,LatAm - Central
Sales Emails - Q3 Cyrus,Founder & CEO,Senior Management,241,202006_Traffic,CEO,1. Sent,Asia - Oceania
Sales Emails - Q3 Cyrus,CEO & Publisher,Senior Management,774.79,202006_Traffic,CEO,1. Sent,Asia - Oceania
Sales Emails - Q3 Cyrus,"Contributing Editor, D CEO",Senior Management,205,202006_Traffic,CEO,1. Sent,North America
Sales Emails - Q3 Cyrus,CEO,Senior Management,546,202006_Traffic,CEO,1. Sent,North America
Sales Emails - Q3 Cyrus,CEO,Senior Management,434.7,202006_Traffic,CEO,1. Sent,North America
Sales Emails - Q3 Cyrus,Chairman Of The Board and CEO,Senior Management,1309.82,202006_Traffic,CEO,1. Sent,North America
Sales Emails - Q3 Cyrus,Founder,Senior Management,205,202006_Traffic,CEO,1. Sent,North America
Sales Emails - Q3 Cyrus,Founder,Senior Management,1372.13,202006_Traffic,CEO,1. Sent,North America
Sales Emails - Q3 Cyrus,CEO,Senior Management,241,202006_Traffic,CEO,1. Sent,Asia - Oceania
Sales Emails - Q3 Cyrus,CEO,Senior Management,205,202006_Traffic,CEO,1. Sent,North America
Sales Emails - Q3 Cyrus,Ceo,Senior Management,205,202006_Traffic,CEO,1. Sent,North America
Sales Emails - Q3 Cyrus,Co-Founder & Ceo,Senior Management,1119.9,202006_Traffic,CEO,1. Sent,North America
Sales Emails - Q3 Cyrus,Ceo,Senior Management,0,202006_Traffic,CEO,1. Sent,North America
Sales Emails - Q3 Cyrus,Owner,Senior Management,513.13,202006_Traffic,CEO,1. Sent,North America
Sales Emails - Q3 Cyrus,Ceo,Senior Management,205,202006_Traffic,CEO,1. Sent,North America
Sales Emails - Q3 Cyrus,Publisher,Senior Management,205,202006_Traffic,CEO,1. Sent,North America
Sales Emails - Q3 Jacob,Ceo,Senior Management,157,202006_Traffic,CEO,2. Negative,Europe - Spain & Portugal
Sales Emails - Q3 Ferdinand,CEO,Senior Management,188,202006_Traffic,CEO,2. Negative,Europe - Italy
Sales Emails - Q4 Jolene,Founder,Senior Management,205,202006_Traffic,CEO,2. Negative,North America
Sales Emails - Q4 Jolene,CEO,Senior Management,0,202006_Traffic,CEO,2. Negative,North America
Sales Emails - Q4 Delphine,Chairman,Senior Management,180.7,202006_Traffic,CEO,2. Negative,Africa
Sales Emails - Q4 Emil,Founder & Managing Editor,Senior Management,222.4,202006_Traffic,CEO,2. Negative,MENA - Middle East
Sales Emails - Q4 Emil,Founder,Senior Management,222.4,202006_Traffic,CEO,2. Negative,MENA - Middle East
Sales Emails - Q4 Emil,CEO,Senior Management,164.4,202006_Traffic,CEO,2. Negative,Asia - East
Sales Emails - Q4 Cyrus,CEO,Senior Management,205,202006_Traffic,CEO,2. Negative,North America
Sales Emails - Q4 Cyrus,Fondateur,Senior Management,200,202006_Traffic,CEO,2. Negative,Europe - France
Sales Emails - Q4 Catherine,CEO,Senior Management,238,202006_Traffic,CEO,2. Negative,Europe - Nordics
Sales Emails - Q4 Catherine,CEO,Senior Management,347.5,202006_Traffic,CEO,2. Negative,Europe - DACH
Sales Emails - Q3 Cyrus,Présidente,Senior Management,205,202006_Traffic,CEO,2. Negative,North America
Sales Emails - Q3 Ferdinand,CEO,Senior Management,278,202006_Traffic,CEO,3. Neutral,Europe - DACH
Sales Emails - Q4 Catherine,CEO,Senior Management,278,202006_Traffic,CEO,3. Neutral,Europe - DACH
Sales Emails - Q4 Catherine,Geschäftsführer (former Tagesspiegel),Senior Management,278,202006_Traffic,CEO,3. Neutral,Europe - DACH
Sales Emails - Q4 Catherine,CEO,Senior Management,505.38,202006_Traffic,CEO,3. Neutral,Europe - East
Sales Emails - Q4 Catherine,CEO,Senior Management,0,202006_Traffic,CEO,3. Neutral,Europe - East
Sales Emails - Q3 Jacob,Director General,Senior Management,123.8,202006_Traffic,CEO,4. Positive,LatAm - Central
Sales Emails - Q4 Jolene,CEO,Senior Management,776.35,202008_FB,CEO,4. Positive,North America
Sales Emails - Q3 Jacob,Fondateur - CEO,Senior Management,696.43,202006_Traffic,CEO,4. Positive,Europe - France
Sales Emails - Q3 Jacob,Ceo,Senior Management,400.81,202006_Traffic,CEO,4. Positive,Europe - France
Sales Emails - Q3 Ferdinand,Publisher,Senior Management,124.6,202006_Traffic,CEO,4. Positive,Europe - East
Sales Emails - Q3 Jacob,Director of Community Relations,End User,205,2020XX_Customised Email,Community Manager,4. Positive,North America
Sales Emails - Q4 Alexander,Web Content Producer,Senior Specialist,1436.4,202010_TimeSavings,Content Director,3. Neutral,North America
Sales Emails - Q4 Jolene,Digital Director,Senior Specialist,920.77,202006_Cost,Digital Director,3. Neutral,North America
Sales Emails - Q4 Emil,Founder,Senior Management,164.4,202006_Traffic,CEO,4. Positive,Asia - East
Sales Emails - Q4 Cyrus,Director of Digital Media,Senior Specialist,205,202006_Cost,Digital Director,4. Positive,North America
Sales Emails - Q4 Cyrus,Cofondatrice,Senior Management,1270.45,202006_Traffic,CEO,4. Positive,Europe - France
Sales Emails - Q3 Ferdinand,CTO,Senior Management,188,202006_Traffic,Chief Technology Officer,1. Sent,Europe - Italy
Sales Emails - Q4 Jolene,CTO,Senior Management,420.61,202006_Traffic,Chief Technology Officer,1. Sent,North America
Sales Emails - Q4 Jolene,CTO,Senior Management,205,202006_Traffic,Chief Technology Officer,1. Sent,North America
Sales Emails - Q4 Jolene,Chief Technology Officer,Senior Management,920.77,202006_Traffic,Chief Technology Officer,1. Sent,North America
Sales Emails - Q4 Jolene,VP Technology,Senior Management,0,202006_Traffic,Chief Technology Officer,1. Sent,North America
Sales Emails - Q4 Jolene,"SVP, Head of Design & Technology",Senior Management,205.11,202006_Traffic,Chief Technology Officer,1. Sent,North America
Sales Emails - Q4 Emil,CTO,Senior Management,0,202006_Traffic,Chief Technology Officer,1. Sent,Europe - Italy
Sales Emails - Q4 Cyrus,CTO,Senior Management,205,202006_Traffic,Chief Technology Officer,1. Sent,North America
Sales Emails - Q4 Cyrus,CTO,Senior Management,205,202006_Traffic,Chief Technology Officer,1. Sent,North America
Sales Emails - Q4 Alexander,CTO,Senior Management,157,202006_Traffic,Chief Technology Officer,1. Sent,Europe - Spain & Portugal
Sales Emails - Q3 Cyrus,CTO,Senior Management,205,202006_Traffic,Chief Technology Officer,1. Sent,North America
Sales Emails - Q3 Delphine,"Brand, Broadcast and Marketing chief",Senior Management,230,202006_Traffic,Chief Marketing Officer,1. Sent,Europe - UK & Ireland
Sales Emails - Q4 Jolene,Chief Marketing Officer,Senior Management,540.26,202006_Traffic,Chief Marketing Officer,1. Sent,North America
Sales Emails - Q4 Delphine,Chief Marketing Officer,Senior Management,0,202006_Traffic,Chief Marketing Officer,1. Sent,Europe - UK & Ireland
Sales Emails - Q4 Delphine,Global Head of Marketing,Senior Management,270.47,202006_Traffic,Chief Marketing Officer,1. Sent,Europe - UK & Ireland
Sales Emails - Q4 Cyrus,Chief Marketing Officer,Senior Management,1312.08,202006_Traffic,Chief Marketing Officer,1. Sent,Europe - Benelux
Sales Emails - Q4 Cyrus,Chief marketing and digital officer,Senior Management,2257.55,202006_Traffic,Chief Marketing Officer,1. Sent,Europe - France
Sales Emails - Q4 Catherine,Chief Marketing Officer,Senior Management,719.57,202006_Traffic,Chief Marketing Officer,1. Sent,Europe - East
Sales Emails - Q4 Alexander,Vice President - Chief Marketing Officer,Senior Management,2362.39,202006_Traffic,Chief Marketing Officer,1. Sent,North America
Sales Emails - Q4 Emil,Chief Marketing Officer,Senior Management,485.97,202006_Traffic,Chief Marketing Officer,4. Positive,Europe - Italy
Sales Emails - Q4 Emil,Chief Marketing Officer,Senior Management,485.97,202006_Traffic,Chief Marketing Officer,4. Positive,Europe - Italy
Sales Emails - Q3 Ferdinand,Managing Director,Senior Management,278,202006_Traffic,Managing Director,1. Sent,Europe - DACH
Sales Emails - Q3 Ferdinand,Managing Director,Senior Management,210.15,202006_Traffic,Managing Director,1. Sent,Europe - Italy
Sales Emails - Q3 Ferdinand,Director,Senior Management,283.75,202006_Traffic,Managing Director,1. Sent,Europe - Italy
Sales Emails - Q3 Ferdinand,Managing Director,Senior Management,188,202006_Traffic,Managing Director,1. Sent,Europe - Italy
Sales Emails - Q3 Ferdinand,General Manager,Senior Management,124.6,202006_Traffic,Managing Director,1. Sent,Europe - East
Sales Emails - Q4 Jolene,General Manager,Senior Management,205,202006_Traffic,Managing Director,1. Sent,North America
Sales Emails - Q4 Jolene,General Manager,Senior Management,1323.13,202006_Traffic,Managing Director,1. Sent,North America
Sales Emails - Q4 Jolene,General Manager,Senior Management,1074.31,202006_Traffic,Managing Director,1. Sent,North America
Sales Emails - Q4 Jolene,General Manager,Senior Management,793.62,202006_Traffic,Managing Director,1. Sent,North America
Sales Emails - Q4 Jolene,General Manager,Senior Management,205,202006_Traffic,Managing Director,1. Sent,North America
Sales Emails - Q4 Jolene,General Manager,Senior Management,205,202006_Traffic,Managing Director,1. Sent,North America
Sales Emails - Q4 Delphine,Managing Director,Senior Management,296.1,202006_Traffic,Managing Director,1. Sent,MENA - North Africa
Sales Emails - Q4 Emil,MD,Senior Management,169.33,202006_Traffic,Managing Director,1. Sent,Asia - East
Sales Emails - Q4 Emil,Managing Director,Senior Management,323.34,202006_Traffic,Managing Director,1. Sent,MENA - Middle East
Sales Emails - Q4 Emil,Director,Senior Management,188,202006_Traffic,Managing Director,1. Sent,Europe - Italy
Sales Emails - Q4 Cyrus,"Managing Director, The Los Angeles Times Magazine",Senior Management,2966.1,202006_Traffic,Managing Director,1. Sent,North America
Sales Emails - Q4 Cyrus,Global Managing Director,Senior Management,2257.55,202006_Traffic,Managing Director,1. Sent,Europe - France
Sales Emails - Q4 Cyrus,Directrice générale régionale,Senior Management,205,202006_Traffic,Managing Director,1. Sent,North America
Sales Emails - Q4 Catherine,Director,Senior Management,278,202006_Traffic,Managing Director,1. Sent,Europe - DACH
Sales Emails - Q4 Catherine,GF,Senior Management,278,202006_Traffic,Managing Director,1. Sent,Europe - DACH
Sales Emails - Q4 Catherine,Director,Senior Management,262.24,202006_Traffic,Managing Director,1. Sent,Europe - East
Sales Emails - Q4 Catherine,Managing Director And Business Editor,Senior Management,203.82,202006_Traffic,Managing Director,1. Sent,Africa
Sales Emails - Q4 Alexander,Director,Senior Management,0,202006_Traffic,Managing Director,1. Sent,Europe - Spain & Portugal
Sales Emails - Q3 Cyrus,Managing Director,Senior Management,241,202006_Traffic,Managing Director,1. Sent,Asia - Oceania
Sales Emails - Q3 Cyrus,Managing Director,Senior Management,370.8,202006_Traffic,Managing Director,1. Sent,Europe - UK & Ireland
Sales Emails - Q4 Jolene,Head of Digital,Senior Specialist,205,202006_Traffic,Digital Director,4. Positive,North America
Sales Emails - Q4 Catherine,Managing Director,Senior Management,1080.52,202006_Traffic,Managing Director,3. Neutral,Europe - DACH
Sales Emails - Q4 Delphine,Owner / Managing Director,Senior Management,0,202006_Traffic,Managing Director,4. Positive,Europe - UK & Ireland
Sales Emails - Q4 Emil,Managing Director,Senior Management,0,202006_Traffic,Managing Director,4. Positive,Europe - Italy
Sales Emails - Q4 Alexander,Managing Director,Senior Management,955.47,202006_Traffic,Managing Director,4. Positive,Europe - Spain & Portugal
Sales Emails - Q3 Jacob,Chief Digital Officer,Senior Management,3362.08,202006_Traffic,Chief Digital Officer,1. Sent,Europe - Spain & Portugal
Sales Emails - Q3 Jacob,Chief of Digital Media & Products,Senior Management,123.8,202006_Traffic,Chief Digital Officer,1. Sent,LatAm - Central
Sales Emails - Q4 Jolene,Publisher and Chief Digital Officer,Senior Management,205,202006_Traffic,Chief Digital Officer,1. Sent,North America
Sales Emails - Q4 Delphine,Chief Digital Officer,Senior Management,0,202006_Traffic,Chief Digital Officer,1. Sent,Europe - UK & Ireland
Sales Emails - Q4 Cyrus,Directeur Général Digital Innovation Technologie - CDO,Senior Management,766.36,202006_Traffic,Chief Digital Officer,1. Sent,Europe - France
Sales Emails - Q4 Alexander,Chief Digital Officer,Senior Management,1224.2,202006_Traffic,Chief Digital Officer,1. Sent,LatAm - South
Sales Emails - Q3 Cyrus,Chief Digital Officer,Senior Management,2731.74,202006_Traffic,Chief Digital Officer,4. Positive,Asia - Oceania
Sales Emails - Q3 Jacob,Editor-in-chief,Senior Editorial,157,202006_Traffic,Editor In Chief,1. Sent,Europe - Spain & Portugal
Sales Emails - Q3 Jacob,Editor-in-Chief,Senior Editorial,210,202006_Traffic,Editor In Chief,1. Sent,Europe - Benelux
Sales Emails - Q3 Jacob,Hoofdredacteur,Senior Editorial,210,202006_Traffic,Editor In Chief,1. Sent,Europe - Benelux
Sales Emails - Q3 Jacob,Publisher & Editor in Chief,Senior Editorial,519.3,202006_Traffic,Editor In Chief,1. Sent,North America
Sales Emails - Q3 Jacob,Editor In Chief,Senior Editorial,205,202006_Traffic,Editor In Chief,1. Sent,North America
Sales Emails - Q3 Jacob,Rédacteur en Chef,Senior Editorial,80,202006_Traffic,Editor In Chief,1. Sent,Africa
Sales Emails - Q3 Jacob,Rédacteur en Chef,Senior Editorial,200,202006_Traffic,Editor In Chief,1. Sent,Europe - France
Sales Emails - Q3 Jacob,Editor In Chief,Senior Editorial,205,202006_Traffic,Editor In Chief,1. Sent,North America
Sales Emails - Q3 Jacob,Editor-in-Chief,Senior Editorial,157,202006_Traffic,Editor In Chief,1. Sent,Europe - Spain & Portugal
Sales Emails - Q3 Jacob,Editor in Chief,Senior Editorial,2382.65,202006_Traffic,Editor In Chief,1. Sent,North America
Sales Emails - Q3 Jacob,Editor in Chief,Senior Editorial,2633.23,202006_Traffic,Editor In Chief,1. Sent,North America
Sales Emails - Q3 Jacob,Editor in Chief,Senior Editorial,378.9,202006_Traffic,Editor In Chief,1. Sent,North America
Sales Emails - Q3 Jacob,Editor In Chief,Senior Editorial,157,202006_Traffic,Editor In Chief,1. Sent,Europe - Spain & Portugal
Sales Emails - Q3 Jacob,Editor In Chief,Senior Editorial,625.5,202006_Traffic,Editor In Chief,1. Sent,North America
Sales Emails - Q3 Jacob,Editor In Chief,Senior Editorial,524.71,202006_Traffic,Editor In Chief,1. Sent,North America
Sales Emails - Q3 Jacob,Editor-in-Chief,Senior Editorial,1336.89,202006_Traffic,Editor In Chief,1. Sent,North America
Sales Emails - Q3 Ferdinand,Editor in Chief,Senior Editorial,124.6,202006_Traffic,Editor In Chief,1. Sent,Europe - East
Sales Emails - Q3 Ferdinand,Editor In Chief,Senior Editorial,238,202006_Traffic,Editor In Chief,1. Sent,Europe - Nordics
Sales Emails - Q3 Ferdinand,Editor in Chief,Senior Editorial,124.6,202006_Traffic,Editor In Chief,1. Sent,Europe - East
Sales Emails - Q3 Ferdinand,Editor in chief,Senior Editorial,124.6,202006_Traffic,Editor In Chief,1. Sent,Europe - East
Sales Emails - Q3 Ferdinand,Editor in Chief,Senior Editorial,124.6,202006_Traffic,Editor In Chief,1. Sent,Europe - East
Sales Emails - Q3 Ferdinand,Editor in Chief,Senior Editorial,3147.71,202006_Traffic,Editor In Chief,1. Sent,Europe - DACH
Sales Emails - Q3 Ferdinand,Editor in Chief,Senior Editorial,124.6,202006_Traffic,Editor In Chief,1. Sent,Europe - East
Sales Emails - Q3 Ferdinand,Editor In Chief,Senior Editorial,124.6,202006_Traffic,Editor In Chief,1. Sent,Europe - East
Sales Emails - Q3 Ferdinand,Editor In Chief,Senior Editorial,188,202006_Traffic,Editor In Chief,1. Sent,Europe - Italy
Sales Emails - Q3 Ferdinand,Editor-In-Chief,Senior Editorial,124.6,202006_Traffic,Editor In Chief,1. Sent,Europe - East
Sales Emails - Q3 Delphine,Chief Editor,Senior Editorial,230,202006_Traffic,Editor In Chief,1. Sent,Europe - UK & Ireland
Sales Emails - Q3 Delphine,Chief Editor,Senior Editorial,230,202006_Traffic,Editor In Chief,1. Sent,Europe - UK & Ireland
Sales Emails - Q3 Delphine,Editor In Chief,Senior Editorial,100,202006_Traffic,Editor In Chief,1. Sent,Asia - South
Sales Emails - Q3 Delphine,Founder and Editor-in-Chief,Senior Editorial,230,202006_Traffic,Editor In Chief,1. Sent,Europe - UK & Ireland
Sales Emails - Q4 Jolene,Editor in Chief,Senior Editorial,470.65,202006_Traffic,Editor In Chief,1. Sent,North America
Sales Emails - Q4 Jolene,Editor in Chief,Senior Editorial,357.77,202006_Traffic,Editor In Chief,1. Sent,North America
Sales Emails - Q4 Jolene,Editor in Chief,Senior Editorial,760.78,202006_Traffic,Editor In Chief,1. Sent,North America
Sales Emails - Q4 Jolene,Editor in Chief,Senior Editorial,205,202006_Traffic,Editor In Chief,1. Sent,North America
Sales Emails - Q4 Jolene,Editor in Chief,Senior Editorial,205,202006_Traffic,Editor In Chief,1. Sent,North America
Sales Emails - Q4 Jolene,Editor-in-Chief,Senior Editorial,852.32,202006_Traffic,Editor In Chief,1. Sent,North America
Sales Emails - Q4 Jolene,Editor-In-Chief,Senior Editorial,0,202006_Traffic,Editor In Chief,1. Sent,North America
Sales Emails - Q4 Jolene,Editor In Chief,Senior Editorial,489.73,202006_Traffic,Editor In Chief,1. Sent,North America
Sales Emails - Q4 Jolene,Editor In Chief,Senior Editorial,838.31,202006_Traffic,Editor In Chief,1. Sent,North America
Sales Emails - Q4 Jolene,"Editor In Chief, Co-Owner",Senior Editorial,761.5,202006_Traffic,Editor In Chief,1. Sent,North America
Sales Emails - Q4 Jolene,Editor in Chief,Senior Editorial,205,202006_Traffic,Editor In Chief,1. Sent,North America
Sales Emails - Q4 Jolene,Editor-in-Chief,Senior Editorial,205,202006_Traffic,Editor In Chief,1. Sent,North America
Sales Emails - Q4 Delphine,Editor in Chief,Senior Editorial,119,202006_Traffic,Editor In Chief,1. Sent,Asia - Russia and CIS
Sales Emails - Q4 Delphine,Editor in Chief,Senior Editorial,130.76,202006_Traffic,Editor In Chief,1. Sent,MENA - North Africa
Sales Emails - Q4 Delphine,Editor in Chief,Senior Editorial,175.45,202006_Traffic,Editor In Chief,1. Sent,MENA - North Africa
Sales Emails - Q4 Delphine,Editor in Chief,Senior Editorial,230,202006_Traffic,Editor In Chief,1. Sent,Europe - UK & Ireland
Sales Emails - Q4 Delphine,Editor in Chief / Founder,Senior Editorial,0,202006_Traffic,Editor In Chief,1. Sent,Europe - UK & Ireland
Sales Emails - Q4 Delphine,Editor in Chief,Senior Editorial,230,202006_Traffic,Editor In Chief,1. Sent,Europe - UK & Ireland
Sales Emails - Q4 Delphine,Editor in Chief,Senior Editorial,1152.37,202006_Traffic,Editor In Chief,1. Sent,Europe - UK & Ireland
Sales Emails - Q4 Delphine,Editor-in-chief,Senior Editorial,156,202006_Traffic,Editor In Chief,1. Sent,Europe - Southeast
Sales Emails - Q4 Delphine,Editor in Chief,Senior Editorial,156,202006_Traffic,Editor In Chief,1. Sent,Europe - Southeast
Sales Emails - Q4 Delphine,Co-Editor in chief,Senior Editorial,123.4,202006_Traffic,Editor In Chief,1. Sent,MENA - North Africa
Sales Emails - Q4 Delphine,Editor In Chief,Senior Editorial,156,202006_Traffic,Editor In Chief,1. Sent,Europe - Southeast
Sales Emails - Q4 Delphine,Deputy Editor in Chief,Senior Editorial,119,202006_Traffic,Editor In Chief,1. Sent,Asia - Russia and CIS
Sales Emails - Q4 Delphine,Editor In Chief,Senior Editorial,1077.32,202006_Traffic,Editor In Chief,1. Sent,Europe - UK & Ireland
Sales Emails - Q4 Delphine,Editor-in-Chief,Senior Editorial,156,202006_Traffic,Editor In Chief,1. Sent,Europe - Southeast
Sales Emails - Q4 Delphine,Editor In Chief,Senior Editorial,144.4,202006_Traffic,Editor In Chief,1. Sent,Asia - South
Sales Emails - Q4 Delphine,Editor In Chief,Senior Editorial,119,202006_Traffic,Editor In Chief,1. Sent,Asia - Russia and CIS
Sales Emails - Q4 Delphine,Editor In Chief,Senior Editorial,419.08,202006_Traffic,Editor In Chief,1. Sent,Asia - South
Sales Emails - Q4 Delphine,Chief Editor & Founder,Senior Editorial,0,202006_Traffic,Editor In Chief,1. Sent,Europe - UK & Ireland
Sales Emails - Q4 Delphine,Editor In Chief,Senior Editorial,417.9,202006_Traffic,Editor In Chief,1. Sent,Asia - South
Sales Emails - Q4 Delphine,Head Editor,Senior Editorial,304.85,202006_Traffic,Editor In Chief,1. Sent,Asia - Russia and CIS
Sales Emails - Q4 Delphine,Chief editor of the site,Senior Editorial,119,202006_Traffic,Editor In Chief,1. Sent,Asia - Russia and CIS
Sales Emails - Q4 Delphine,"Founder, Editor, Publisher",Senior Editorial,0,202006_Traffic,Editor In Chief,1. Sent,North America
Sales Emails - Q4 Emil,Editor in Chief,Senior Editorial,1564.91,202006_Traffic,Editor In Chief,1. Sent,Asia - East
Sales Emails - Q4 Emil,Editor in Chief - Lifestyle Asia,Senior Editorial,1103.12,202006_Traffic,Editor In Chief,1. Sent,Asia - East
Sales Emails - Q4 Emil,Editor-in-chief,Senior Editorial,241,202006_Traffic,Editor In Chief,1. Sent,Asia - Oceania
Sales Emails - Q4 Emil,Editor-in-Chief,Senior Editorial,303.08,202006_Traffic,Editor In Chief,1. Sent,Europe - Italy
Sales Emails - Q4 Emil,Editor in chief,Senior Editorial,188,202006_Traffic,Editor In Chief,1. Sent,Europe - Italy
Sales Emails - Q4 Emil,Editor in Chief,Senior Editorial,188,202006_Traffic,Editor In Chief,1. Sent,Europe - Italy
Sales Emails - Q4 Emil,Editor in Chief,Senior Editorial,123.8,202006_Traffic,Editor In Chief,1. Sent,LatAm - Central
Sales Emails - Q4 Emil,Editor in Chief,Senior Editorial,222.4,202006_Traffic,Editor In Chief,1. Sent,MENA - Middle East
Sales Emails - Q4 Emil,Editor in Chief,Senior Editorial,222.4,202006_Traffic,Editor In Chief,1. Sent,MENA - Middle East
Sales Emails - Q4 Emil,Editor-in-chief,Senior Editorial,222.4,202006_Traffic,Editor In Chief,1. Sent,MENA - Middle East
Sales Emails - Q4 Emil,Editor-in-Chief,Senior Editorial,164.4,202006_Traffic,Editor In Chief,1. Sent,Asia - East
Sales Emails - Q4 Emil,Editor-in-chief,Senior Editorial,739.55,202006_Traffic,Editor In Chief,1. Sent,MENA - Middle East
Sales Emails - Q4 Emil,Editor in Chief,Senior Editorial,326.97,202006_Traffic,Editor In Chief,1. Sent,MENA - Middle East
Sales Emails - Q4 Emil,Editor in Chief,Senior Editorial,290.43,202006_Traffic,Editor In Chief,1. Sent,MENA - Middle East
Sales Emails - Q4 Emil,Editor in Chief,Senior Editorial,164.4,202006_Traffic,Editor In Chief,1. Sent,Asia - East
Sales Emails - Q4 Emil,Editor in chief,Senior Editorial,188,202006_Traffic,Editor In Chief,1. Sent,Europe - Italy
Sales Emails - Q4 Emil,Editor-in-Chief,Senior Editorial,164.4,202006_Traffic,Editor In Chief,1. Sent,Asia - East
Sales Emails - Q4 Emil,Editor-in-Chief,Senior Editorial,188,202006_Traffic,Editor In Chief,1. Sent,Europe - Italy
Sales Emails - Q4 Emil,Editor in Chief,Senior Editorial,188,202006_Traffic,Editor In Chief,1. Sent,Europe - Italy
Sales Emails - Q4 Emil,Editor In Chief,Senior Editorial,164.4,202006_Traffic,Editor In Chief,1. Sent,Asia - East
Sales Emails - Q4 Emil,Editor In Chief,Senior Editorial,188,202006_Traffic,Editor In Chief,1. Sent,Europe - Italy
Sales Emails - Q4 Emil,Editor In Chief,Senior Editorial,188,202006_Traffic,Editor In Chief,1. Sent,Europe - Italy
Sales Emails - Q4 Emil,Editor-In-Chief,Senior Editorial,868.86,202006_Traffic,Editor In Chief,1. Sent,Asia - East
Sales Emails - Q4 Emil,Editor In Chief,Senior Editorial,222.4,202006_Traffic,Editor In Chief,1. Sent,MENA - Middle East
Sales Emails - Q4 Emil,Editor-In-Chief,Senior Editorial,123.8,202006_Traffic,Editor In Chief,1. Sent,LatAm - Central
Sales Emails - Q4 Emil,Editor In Chief,Senior Editorial,708.26,202006_Traffic,Editor In Chief,1. Sent,Asia - East
Sales Emails - Q4 Cyrus,Social Media Editor/Rédactrice en chef,Senior Editorial,977.68,202006_Traffic,Editor In Chief,1. Sent,Europe - France
Sales Emails - Q4 Cyrus,Rédacteur en chef,Senior Editorial,200,202006_Traffic,Editor In Chief,1. Sent,Europe - France
Sales Emails - Q4 Cyrus,Editor-in-Chief,Senior Editorial,200,202006_Traffic,Editor In Chief,1. Sent,Europe - France
Sales Emails - Q4 Cyrus,Rédactrice en chef,Senior Editorial,1496.94,202006_Traffic,Editor In Chief,1. Sent,Europe - France
Sales Emails - Q4 Cyrus,Deputy Editor-in-Chief,Senior Editorial,210,202006_Traffic,Editor In Chief,1. Sent,Europe - Benelux
Sales Emails - Q4 Cyrus,Editor in Chief,Senior Editorial,210,202006_Traffic,Editor In Chief,1. Sent,Europe - Benelux
Sales Emails - Q4 Cyrus,Editor-in-chief,Senior Editorial,210,202006_Traffic,Editor In Chief,1. Sent,Europe - Benelux
Sales Emails - Q4 Cyrus,Eindredacteur,Senior Editorial,538.65,202006_Traffic,Editor In Chief,1. Sent,Europe - Benelux
Sales Emails - Q4 Cyrus,Eindredacteur,Senior Editorial,538.65,202006_Traffic,Editor In Chief,1. Sent,Europe - Benelux
Sales Emails - Q4 Cyrus,Editor in Chief,Senior Editorial,210,202006_Traffic,Editor In Chief,1. Sent,Europe - Benelux
Sales Emails - Q4 Cyrus,Editor in Chief,Senior Editorial,210,202006_Traffic,Editor In Chief,1. Sent,Europe - Benelux
Sales Emails - Q4 Cyrus,Editor in Chief,Senior Editorial,205,202006_Traffic,Editor In Chief,1. Sent,North America
Sales Emails - Q4 Cyrus,Rédactrice en Chef,Senior Editorial,200,202006_Traffic,Editor In Chief,1. Sent,Europe - France
Sales Emails - Q4 Cyrus,Rédactrice en chef adjointe,Senior Editorial,200,202006_Traffic,Editor In Chief,1. Sent,Europe - France
Sales Emails - Q4 Cyrus,Editor in Chief,Senior Editorial,535.56,202006_Traffic,Editor In Chief,1. Sent,North America
Sales Emails - Q4 Cyrus,Editor in Chief,Senior Editorial,1284.48,202006_Traffic,Editor In Chief,1. Sent,Europe - France
Sales Emails - Q4 Catherine,Editor in Chief,Senior Editorial,238,202006_Traffic,Editor In Chief,1. Sent,Europe - Nordics
Sales Emails - Q4 Catherine,Editor in Chief,Senior Editorial,238,202006_Traffic,Editor In Chief,1. Sent,Europe - Nordics
Sales Emails - Q4 Catherine,Deputy Editor- In-Chief,Senior Editorial,238,202006_Traffic,Editor In Chief,1. Sent,Europe - Nordics
Sales Emails - Q4 Catherine,Editor in Chief,Senior Editorial,278,202006_Traffic,Editor In Chief,1. Sent,Europe - DACH
Sales Emails - Q4 Catherine,Stellv. Chefredakteur BI,Senior Editorial,413.7,202006_Traffic,Editor In Chief,1. Sent,Europe - DACH
Sales Emails - Q4 Catherine,Chief Editor,Senior Editorial,238,202006_Traffic,Editor In Chief,1. Sent,Europe - Nordics
Sales Emails - Q4 Catherine,Editor-In-Chief,Senior Editorial,238,202006_Traffic,Editor In Chief,1. Sent,Europe - Nordics
Sales Emails - Q4 Catherine,Editor in Chief - Online,Senior Editorial,278,202006_Traffic,Editor In Chief,1. Sent,Europe - DACH
Sales Emails - Q4 Catherine,Editor in Chief,Senior Editorial,222.31,202006_Traffic,Editor In Chief,1. Sent,Europe - East
Sales Emails - Q4 Catherine,Chief Editor,Senior Editorial,238,202006_Traffic,Editor In Chief,1. Sent,Europe - Nordics
Sales Emails - Q4 Catherine,Editor in Chief,Senior Editorial,124.6,202006_Traffic,Editor In Chief,1. Sent,Europe - East
Sales Emails - Q4 Catherine,Editor in Chief,Senior Editorial,124.6,202006_Traffic,Editor In Chief,1. Sent,Europe - East
Sales Emails - Q4 Catherine,Editor in Chief,Senior Editorial,124.6,202006_Traffic,Editor In Chief,1. Sent,Europe - East
Sales Emails - Q4 Catherine,Deputy Editor in Chief,Senior Editorial,309.74,202006_Traffic,Editor In Chief,1. Sent,Europe - East
Sales Emails - Q4 Catherine,Editor in Chief,Senior Editorial,278,202006_Traffic,Editor In Chief,1. Sent,Europe - DACH
Sales Emails - Q4 Catherine,Deputy Editor in Chief,Senior Editorial,407.33,202006_Traffic,Editor In Chief,1. Sent,Europe - East
Sales Emails - Q4 Catherine,Editor in Chief,Senior Editorial,124.6,202006_Traffic,Editor In Chief,1. Sent,Europe - East
Sales Emails - Q4 Catherine,Editor in Chief,Senior Editorial,1190.51,202006_Traffic,Editor In Chief,1. Sent,Europe - East
Sales Emails - Q4 Catherine,Editor in Chief,Senior Editorial,192.58,202006_Traffic,Editor In Chief,1. Sent,Europe - East
Sales Emails - Q4 Catherine,Editor in chief,Senior Editorial,124.6,202006_Traffic,Editor In Chief,1. Sent,Europe - East
Sales Emails - Q4 Catherine,Editor-in-Chief,Senior Editorial,124.6,202006_Traffic,Editor In Chief,1. Sent,Europe - East
Sales Emails - Q4 Catherine,Editor-in-Chief,Senior Editorial,238,202006_Traffic,Editor In Chief,1. Sent,Europe - Nordics
Sales Emails - Q4 Catherine,Editor-in-Chief,Senior Editorial,124.6,202006_Traffic,Editor In Chief,1. Sent,Europe - East
Sales Emails - Q4 Catherine,Editor-in-Chief,Senior Editorial,124.6,202006_Traffic,Editor In Chief,1. Sent,Europe - East
Sales Emails - Q4 Catherine,Editor In Chief,Senior Editorial,238,202006_Traffic,Editor In Chief,1. Sent,Europe - Nordics
Sales Emails - Q4 Catherine,Editor In Chief,Senior Editorial,278,202006_Traffic,Editor In Chief,1. Sent,Europe - DACH
Sales Emails - Q4 Catherine,Herausgeber,Senior Editorial,278,202006_Traffic,Editor In Chief,1. Sent,Europe - DACH
Sales Emails - Q4 Catherine,Editor-In-Chief,Senior Editorial,278,202006_Traffic,Editor In Chief,1. Sent,Europe - DACH
Sales Emails - Q4 Catherine,Editor In Chief	( Poem),Senior Editorial,317.05,202006_Traffic,Editor In Chief,1. Sent,Europe - East
Sales Emails - Q4 Catherine,Editor In Chief,Senior Editorial,278,202006_Traffic,Editor In Chief,1. Sent,Europe - DACH
Sales Emails - Q4 Catherine,Stv. Chefredakteurin,Senior Editorial,278,202006_Traffic,Editor In Chief,1. Sent,Europe - DACH
Sales Emails - Q4 Catherine,Managing Editor,Senior Editorial,227.07,202006_Traffic,Editor In Chief,1. Sent,Africa
Sales Emails - Q4 Catherine,Editor in Chief,Senior Editorial,278,202006_Traffic,Editor In Chief,1. Sent,Europe - DACH
Sales Emails - Q4 Catherine,Chefredakteur,Senior Editorial,278,202006_Traffic,Editor In Chief,1. Sent,Europe - DACH
Sales Emails - Q4 Catherine,ansv. chefredaktør,Senior Editorial,0,202006_Traffic,Editor In Chief,1. Sent,Europe - Nordics
Sales Emails - Q4 Alexander,Editor-in-Chief,Senior Editorial,123.8,202006_Traffic,Editor In Chief,1. Sent,LatAm - Central
Sales Emails - Q4 Alexander,Editor-in-chief,Senior Editorial,157,202006_Traffic,Editor In Chief,1. Sent,Europe - Spain & Portugal
Sales Emails - Q4 Alexander,Jefe de Redacción,Senior Editorial,311.76,202006_Traffic,Editor In Chief,1. Sent,LatAm - South
Sales Emails - Q4 Alexander,Editor-in-chief,Senior Editorial,997.62,202006_Traffic,Editor In Chief,1. Sent,North America
Sales Emails - Q4 Alexander,Editor-in-Chief of Metro World News,Senior Editorial,359.35,202006_Traffic,Editor In Chief,1. Sent,LatAm - South
Sales Emails - Q4 Alexander,Editor in Chief,Senior Editorial,499.87,202006_Traffic,Editor In Chief,1. Sent,North America
Sales Emails - Q4 Alexander,Editor in Chief,Senior Editorial,123.8,202006_Traffic,Editor In Chief,1. Sent,LatAm - South
Sales Emails - Q4 Alexander,Editor in Chief,Senior Editorial,1139.61,202006_Traffic,Editor In Chief,1. Sent,LatAm - Central
Sales Emails - Q4 Alexander,Editor In Chief,Senior Editorial,205,202006_Traffic,Editor In Chief,1. Sent,North America
Sales Emails - Q4 Alexander,Editor In Chief,Senior Editorial,425.26,202006_Traffic,Editor In Chief,1. Sent,LatAm - South
Sales Emails - Q4 Alexander,Publisher,Senior Editorial,123.8,202006_Traffic,Editor In Chief,1. Sent,LatAm - Caribbean
Sales Emails - Q4 Alexander,Editor In Chief,Senior Editorial,205,202006_Traffic,Editor In Chief,1. Sent,North America
Sales Emails - Q4 Alexander,Editor in Chief,Senior Editorial,157,202006_Traffic,Editor In Chief,1. Sent,Europe - Spain & Portugal
Sales Emails - Q3 Cyrus,Editor in Chief,Senior Editorial,205,202006_Traffic,Editor In Chief,1. Sent,North America
Sales Emails - Q3 Cyrus,Editor In Chief,Senior Editorial,271.18,202006_Traffic,Editor In Chief,1. Sent,North America
Sales Emails - Q3 Cyrus,Editor-In-Chief,Senior Editorial,477.07,202006_Traffic,Editor In Chief,1. Sent,North America
Sales Emails - Q3 Cyrus,Editor and Chief Content Officer,Senior Editorial,205,202006_Traffic,Editor In Chief,1. Sent,North America
Sales Emails - Q4 Jolene,"Founder, Editor-in-Chief",Senior Editorial,262.37,202006_Traffic,Editor In Chief,2. Negative,North America
Sales Emails - Q4 Jolene,Editor In Chief,Senior Editorial,513.13,202006_Traffic,Editor In Chief,2. Negative,North America
Sales Emails - Q4 Emil,Editor in Chief,Senior Editorial,188,202006_Traffic,Editor In Chief,2. Negative,Europe - Italy
Sales Emails - Q4 Cyrus,Editor in Chief,Senior Editorial,205,202006_Traffic,Editor In Chief,2. Negative,North America
Sales Emails - Q4 Cyrus,Journaliste / Rédacteur en chef adjoint,Senior Editorial,477.85,202006_Traffic,Editor In Chief,2. Negative,North America
Sales Emails - Q4 Catherine,Editor In Chief,Senior Editorial,278,202006_Traffic,Editor In Chief,2. Negative,Europe - DACH
Sales Emails - Q4 Catherine,Editor in Chief,Senior Editorial,927.08,202006_Traffic,Editor In Chief,2. Negative,Europe - DACH
Sales Emails - Q4 Alexander,Editor In Chief,Senior Editorial,239.04,202006_Traffic,Editor In Chief,2. Negative,Europe - Spain & Portugal
Sales Emails - Q3 Ferdinand,Redaktionsleiter t3n.de,Senior Editorial,278,202006_Traffic,Editor In Chief,3. Neutral,Europe - DACH
Sales Emails - Q4 Delphine,Editor in Chief,Senior Editorial,0,202006_Traffic,Editor In Chief,3. Neutral,Europe - East
Sales Emails - Q4 Delphine,Editor in Chief,Senior Editorial,119,202006_Traffic,Editor In Chief,3. Neutral,Asia - Russia and CIS
Sales Emails - Q4 Cyrus,Chef Uit / Plaatsvervangend Hoofdredacteur,Senior Editorial,210,202006_Traffic,Editor In Chief,3. Neutral,Europe - Benelux
Sales Emails - Q4 Catherine,Editor in Chief,Senior Editorial,281.25,202006_Traffic,Editor In Chief,3. Neutral,Europe - DACH
Sales Emails - Q4 Catherine,Stellv. Chefredaktion,Senior Editorial,884.63,202006_Traffic,Editor In Chief,3. Neutral,Europe - DACH
Sales Emails - Q4 Catherine,Chefredakteur,Senior Editorial,278,202006_Traffic,Editor In Chief,3. Neutral,Europe - DACH
Sales Emails - Q4 Catherine,Chief Editor,Senior Editorial,278,202006_Traffic,Editor In Chief,3. Neutral,Europe - DACH
Sales Emails - Q4 Catherine,Editor-in-Chief,Senior Editorial,124.6,202006_Traffic,Editor In Chief,3. Neutral,Europe - East
Sales Emails - Q4 Alexander,Redactor Jefe,Senior Editorial,157,202006_Traffic,Editor In Chief,3. Neutral,Europe - Spain & Portugal
Sales Emails - Q4 Emil,Editor In Chief,Senior Editorial,188,202006_Traffic,Editor In Chief,4. Positive,Europe - Italy
Sales Emails - Q4 Catherine,Redaktionsleitung,Senior Editorial,278,202006_Traffic,Editor In Chief,4. Positive,Europe - DACH
Sales Emails - Q4 Delphine,Chief Online Editor,Senior Editorial,205,202006_Traffic,Digital Editor,3. Neutral,North America
Sales Emails - Q3 Jacob,Managing Editor,Senior Editorial,205,202006_Traffic,Managing Editor,1. Sent,North America
Sales Emails - Q3 Jacob,Managing Editor,Senior Editorial,377.63,202006_Traffic,Managing Editor,1. Sent,Africa
Sales Emails - Q3 Jacob,Managing Editor,Senior Editorial,157,202006_Traffic,Managing Editor,1. Sent,Europe - Spain & Portugal
Sales Emails - Q3 Jacob,Managing Editor,Senior Editorial,373.21,202006_Traffic,Managing Editor,1. Sent,Africa
Sales Emails - Q3 Jacob,Managing Editor,Senior Editorial,123.8,202006_Traffic,Managing Editor,1. Sent,LatAm - Caribbean
Sales Emails - Q3 Jacob,Managing Editor,Senior Editorial,821.47,202006_Traffic,Managing Editor,1. Sent,North America
Sales Emails - Q3 Jacob,Deputy Editor,Senior Editorial,821.47,202006_Traffic,Managing Editor,1. Sent,North America
Sales Emails - Q3 Jacob,"Executive Vice President, Managing Editor",Senior Editorial,467.77,202006_Traffic,Managing Editor,1. Sent,North America
Sales Emails - Q3 Ferdinand,Managing Editor,Senior Editorial,307.06,202006_Traffic,Managing Editor,1. Sent,Asia - East
Sales Emails - Q3 Ferdinand,Managing Editror,Senior Editorial,534.32,202006_Traffic,Managing Editor,1. Sent,Asia - East
Sales Emails - Q3 Ferdinand,Managing Editor,Senior Editorial,124.6,202006_Traffic,Managing Editor,1. Sent,Europe - East
Sales Emails - Q3 Ferdinand,Managing Editor,Senior Editorial,222.4,202006_Traffic,Managing Editor,1. Sent,MENA - Middle East
Sales Emails - Q3 Ferdinand,Managing Editor,Senior Editorial,254.86,202006_Traffic,Managing Editor,1. Sent,MENA - North Africa
Sales Emails - Q3 Ferdinand,Deputy Managing Editor,Senior Editorial,124.6,202006_Traffic,Managing Editor,1. Sent,Europe - East
Sales Emails - Q3 Ferdinand,Managing Editor,Senior Editorial,222.4,202006_Traffic,Managing Editor,1. Sent,MENA - Middle East
Sales Emails - Q3 Delphine,Men's & Women's Running Editorial Director,Senior Editorial,258.75,202006_Traffic,Managing Editor,1. Sent,Europe - UK & Ireland
Sales Emails - Q4 Jolene,Managing Editor,Senior Editorial,205,202006_Traffic,Managing Editor,1. Sent,North America
Sales Emails - Q4 Jolene,Managing editor,Senior Editorial,205,202006_Traffic,Managing Editor,1. Sent,North America
Sales Emails - Q4 Jolene,Managing Editor,Senior Editorial,205,202006_Traffic,Managing Editor,1. Sent,North America
Sales Emails - Q4 Jolene,Managing Editor,Senior Editorial,205,202006_Traffic,Managing Editor,1. Sent,North America
Sales Emails - Q4 Jolene,Managing Editor,Senior Editorial,230.31,202006_Traffic,Managing Editor,1. Sent,North America
Sales Emails - Q4 Jolene,Managing Editor,Senior Editorial,483.65,202006_Traffic,Managing Editor,1. Sent,North America
Sales Emails - Q4 Jolene,Managing Editor,Senior Editorial,205,202006_Traffic,Managing Editor,1. Sent,North America
Sales Emails - Q4 Jolene,Managing Editor,Senior Editorial,205,202006_Traffic,Managing Editor,1. Sent,North America
Sales Emails - Q4 Jolene,Managing Editor,Senior Editorial,429.95,202006_Traffic,Managing Editor,1. Sent,North America
Sales Emails - Q4 Jolene,Managing Editor,Senior Editorial,0,202006_Traffic,Managing Editor,1. Sent,North America
Sales Emails - Q4 Jolene,managing editor,Senior Editorial,0,202006_Traffic,Managing Editor,1. Sent,North America
Sales Emails - Q4 Jolene,Editorial Director,Senior Editorial,0,202006_Traffic,Managing Editor,1. Sent,North America
Sales Emails - Q4 Jolene,Managing Editor,Senior Editorial,0,202006_Traffic,Managing Editor,1. Sent,North America
Sales Emails - Q4 Jolene,Managing Editor,Senior Editorial,0,202006_Traffic,Managing Editor,1. Sent,North America
Sales Emails - Q4 Jolene,Managing Editor,Senior Editorial,671.75,202006_Traffic,Managing Editor,1. Sent,North America
Sales Emails - Q4 Jolene,Managing Editor,Senior Editorial,3421.59,202006_Traffic,Managing Editor,1. Sent,North America
Sales Emails - Q4 Jolene,Managing Editor,Senior Editorial,205,202006_Traffic,Managing Editor,1. Sent,North America
Sales Emails - Q4 Jolene,Managing Editor,Senior Editorial,205,202006_Traffic,Managing Editor,1. Sent,North America
Sales Emails - Q4 Jolene,Managing Editor,Senior Editorial,911.47,202006_Traffic,Managing Editor,1. Sent,North America
Sales Emails - Q4 Jolene,Managing Editor,Senior Editorial,615.45,202006_Traffic,Managing Editor,1. Sent,North America
Sales Emails - Q4 Jolene,Managing Editor,Senior Editorial,648.34,202006_Traffic,Managing Editor,1. Sent,North America
Sales Emails - Q4 Jolene,Managing Editor,Senior Editorial,453.85,202006_Traffic,Managing Editor,1. Sent,North America
Sales Emails - Q4 Jolene,Managing Editor,Senior Editorial,857.01,202006_Traffic,Managing Editor,1. Sent,North America
Sales Emails - Q4 Jolene,Managing Editor,Senior Editorial,547.23,202006_Traffic,Managing Editor,1. Sent,North America
Sales Emails - Q4 Delphine,Managing Editor / Co-founder,Senior Editorial,110.51,202006_Traffic,Managing Editor,1. Sent,Africa
Sales Emails - Q4 Delphine,Managing Editor,Senior Editorial,137.94,202006_Traffic,Managing Editor,1. Sent,Asia - Russia and CIS
Sales Emails - Q4 Delphine,Managing Editor,Senior Editorial,649.63,202006_Traffic,Managing Editor,1. Sent,Asia - Russia and CIS
Sales Emails - Q4 Delphine,Assistant Editor,Senior Editorial,230,202006_Traffic,Managing Editor,1. Sent,Europe - UK & Ireland
Sales Emails - Q4 Delphine,Deputy Managing Editor,Senior Editorial,1413.03,202006_Traffic,Managing Editor,1. Sent,Europe - UK & Ireland
Sales Emails - Q4 Delphine,Managing Editor,Senior Editorial,230,202006_Traffic,Managing Editor,1. Sent,Europe - UK & Ireland
Sales Emails - Q4 Delphine,Managing Editor,Senior Editorial,156,202006_Traffic,Managing Editor,1. Sent,Europe - Southeast
Sales Emails - Q4 Delphine,Managing Editor,Senior Editorial,1532.45,202006_Traffic,Managing Editor,1. Sent,Asia - South
Sales Emails - Q4 Delphine,Deputy Managing Editor,Senior Editorial,196.6,202006_Traffic,Managing Editor,1. Sent,Europe - Other
Sales Emails - Q4 Delphine,Managing Editor,Senior Editorial,230,202006_Traffic,Managing Editor,1. Sent,Europe - UK & Ireland
Sales Emails - Q4 Delphine,Managing Editor,Senior Editorial,179.51,202006_Traffic,Managing Editor,1. Sent,Asia - South
Sales Emails - Q4 Delphine,Managing Editor,Senior Editorial,119,202006_Traffic,Managing Editor,1. Sent,Asia - Russia and CIS
Sales Emails - Q4 Delphine,Deputy Managing Editor,Senior Editorial,230,202006_Traffic,Managing Editor,1. Sent,Europe - UK & Ireland
Sales Emails - Q4 Delphine,Managing Editor,Senior Editorial,0,202006_Traffic,Managing Editor,1. Sent,Europe - UK & Ireland
Sales Emails - Q4 Delphine,Managing Editor,Senior Editorial,315.76,202006_Traffic,Managing Editor,1. Sent,Asia - South
Sales Emails - Q4 Delphine,Managing Editor,Senior Editorial,457.82,202006_Traffic,Managing Editor,1. Sent,Asia - Russia and CIS
Sales Emails - Q4 Delphine,Managing Editor,Senior Editorial,230,202006_Traffic,Managing Editor,1. Sent,Europe - UK & Ireland
Sales Emails - Q4 Delphine,Editorial Director,Senior Editorial,0,202006_Traffic,Managing Editor,1. Sent,Europe - UK & Ireland
Sales Emails - Q4 Emil,Managing Editor,Senior Editorial,289.68,202006_Traffic,Managing Editor,1. Sent,Asia - East
Sales Emails - Q4 Emil,Managing Editor,Senior Editorial,164.4,202006_Traffic,Managing Editor,1. Sent,Asia - East
Sales Emails - Q4 Emil,Chief Reporter and Associate Editor,Senior Editorial,164.4,202006_Traffic,Managing Editor,1. Sent,Asia - East
Sales Emails - Q4 Emil,Managing Editor,Senior Editorial,864.19,202006_Traffic,Managing Editor,1. Sent,Asia - East
Sales Emails - Q4 Emil,Managing Editor,Senior Editorial,164.4,202006_Traffic,Managing Editor,1. Sent,Asia - East
Sales Emails - Q4 Emil,Managing Editor,Senior Editorial,164.4,202006_Traffic,Managing Editor,1. Sent,Asia - East
Sales Emails - Q4 Emil,Deputy Managing Editor,Senior Editorial,336.77,202006_Traffic,Managing Editor,1. Sent,Asia - Oceania
Sales Emails - Q4 Emil,Managing Editor,Senior Editorial,241,202006_Traffic,Managing Editor,1. Sent,Asia - Oceania
Sales Emails - Q4 Emil,Managing Editor,Senior Editorial,356.9,202006_Traffic,Managing Editor,1. Sent,Asia - East
Sales Emails - Q4 Emil,Managing Editor,Senior Editorial,241,202006_Traffic,Managing Editor,1. Sent,Asia - Oceania
Sales Emails - Q4 Emil,Managing Editor,Senior Editorial,458.91,202006_Traffic,Managing Editor,1. Sent,Asia - Oceania
Sales Emails - Q4 Emil,Deputy Managing Editor,Senior Editorial,188,202006_Traffic,Managing Editor,1. Sent,Europe - Italy
Sales Emails - Q4 Emil,Deputy Managing Editor,Senior Editorial,188,202006_Traffic,Managing Editor,1. Sent,Europe - Italy
Sales Emails - Q4 Emil,Deputy Managing Editor,Senior Editorial,188,202006_Traffic,Managing Editor,1. Sent,Europe - Italy
Sales Emails - Q4 Emil,Deputy Managing Editor,Senior Editorial,188,202006_Traffic,Managing Editor,1. Sent,Europe - Italy
Sales Emails - Q4 Emil,Managing Editor,Senior Editorial,238.83,202006_Traffic,Managing Editor,1. Sent,Europe - Italy
Sales Emails - Q4 Emil,Deputy Managing Editor,Senior Editorial,188,202006_Traffic,Managing Editor,1. Sent,Europe - Italy
Sales Emails - Q4 Emil,Deputy Managing Editor,Senior Editorial,188,202006_Traffic,Managing Editor,1. Sent,Europe - Italy
Sales Emails - Q4 Emil,Deputy Managing Editor,Senior Editorial,203.04,202006_Traffic,Managing Editor,1. Sent,Europe - Italy
Sales Emails - Q4 Emil,Deputy Managing Editor,Senior Editorial,188,202006_Traffic,Managing Editor,1. Sent,Europe - Italy
Sales Emails - Q4 Emil,Deputy Managing Editor,Senior Editorial,188,202006_Traffic,Managing Editor,1. Sent,Europe - Italy
Sales Emails - Q4 Emil,Deputy Managing Editor,Senior Editorial,188,202006_Traffic,Managing Editor,1. Sent,Europe - Italy
Sales Emails - Q4 Emil,Managing Editor,Senior Editorial,188,202006_Traffic,Managing Editor,1. Sent,Europe - Italy
Sales Emails - Q4 Emil,Managing Editor,Senior Editorial,123.8,202006_Traffic,Managing Editor,1. Sent,LatAm - Central
Sales Emails - Q4 Emil,Managing Editor,Senior Editorial,123.8,202006_Traffic,Managing Editor,1. Sent,LatAm - Central
Sales Emails - Q4 Emil,Managing Editor,Senior Editorial,249.93,202006_Traffic,Managing Editor,1. Sent,Asia - East
Sales Emails - Q4 Emil,Deputy Managing Editor,Senior Editorial,188,202006_Traffic,Managing Editor,1. Sent,Europe - Italy
Sales Emails - Q4 Emil,Deputy Managing Editor,Senior Editorial,998.45,202006_Traffic,Managing Editor,1. Sent,Europe - Italy
Sales Emails - Q4 Emil,Deputy Managing Editor,Senior Editorial,188,202006_Traffic,Managing Editor,1. Sent,Europe - Italy
Sales Emails - Q4 Emil,Editorial Director,Senior Editorial,188,202006_Traffic,Managing Editor,1. Sent,Europe - Italy
Sales Emails - Q4 Emil,Editorial Director,Senior Editorial,241,202006_Traffic,Managing Editor,1. Sent,Asia - Oceania
Sales Emails - Q4 Emil,Managing Editor,Senior Editorial,188,202006_Traffic,Managing Editor,1. Sent,Europe - Italy
Sales Emails - Q4 Emil,Managing Editor,Senior Editorial,188,202006_Traffic,Managing Editor,1. Sent,Europe - Italy
Sales Emails - Q4 Emil,Editorial Director,Senior Editorial,188,202006_Traffic,Managing Editor,1. Sent,Europe - Italy
Sales Emails - Q4 Emil,Managing Editor,Senior Editorial,222.4,202006_Traffic,Managing Editor,1. Sent,MENA - Middle East
Sales Emails - Q4 Emil,Managing Editor,Senior Editorial,188,202006_Traffic,Managing Editor,1. Sent,Europe - Italy
Sales Emails - Q4 Emil,Managing Editor,Senior Editorial,188,202006_Traffic,Managing Editor,1. Sent,Europe - Italy
Sales Emails - Q4 Emil,Managing Editor,Senior Editorial,188,202006_Traffic,Managing Editor,1. Sent,Europe - Italy
Sales Emails - Q4 Emil,Managing Editor,Senior Editorial,564.32,202006_Traffic,Managing Editor,1. Sent,MENA - Middle East
Sales Emails - Q4 Emil,Managing Editor,Senior Editorial,576.37,202006_Traffic,Managing Editor,1. Sent,MENA - Middle East
Sales Emails - Q4 Emil,Managing Editor,Senior Editorial,164.4,202006_Traffic,Managing Editor,1. Sent,Asia - East
Sales Emails - Q4 Cyrus,Deputy Managing Editor,Senior Editorial,2966.1,202006_Traffic,Managing Editor,1. Sent,North America
Sales Emails - Q4 Cyrus,Managing Editor,Senior Editorial,205,202006_Traffic,Managing Editor,1. Sent,North America
Sales Emails - Q4 Cyrus,Deputy Managing Editor,Senior Editorial,205,202006_Traffic,Managing Editor,1. Sent,North America
Sales Emails - Q4 Cyrus,Managing Editor,Senior Editorial,200,202006_Traffic,Managing Editor,1. Sent,Europe - France
Sales Emails - Q4 Cyrus,Managing Editor,Senior Editorial,286.3,202006_Traffic,Managing Editor,1. Sent,North America
Sales Emails - Q4 Cyrus,Managing Editor,Senior Editorial,205,202006_Traffic,Managing Editor,1. Sent,North America
Sales Emails - Q4 Cyrus,Directrice de la rédaction,Senior Editorial,200,202006_Traffic,Managing Editor,1. Sent,Europe - France
Sales Emails - Q4 Cyrus,Directrice de la Rédaction,Senior Editorial,200,202006_Traffic,Managing Editor,1. Sent,Europe - France
Sales Emails - Q4 Cyrus,Managing Editor,Senior Editorial,1826.09,202006_Traffic,Managing Editor,1. Sent,Europe - France
Sales Emails - Q4 Catherine,Managing Editor,Senior Editorial,138.88,202006_Traffic,Managing Editor,1. Sent,Africa
Sales Emails - Q4 Catherine,Deputy Managing Editor,Senior Editorial,278,202006_Traffic,Managing Editor,1. Sent,Europe - DACH
Sales Emails - Q4 Catherine,Managing Editor,Senior Editorial,124.6,202006_Traffic,Managing Editor,1. Sent,Europe - East
Sales Emails - Q4 Catherine,Managing Editor,Senior Editorial,124.6,202006_Traffic,Managing Editor,1. Sent,Europe - East
Sales Emails - Q4 Alexander,Managing Editor,Senior Editorial,205,202006_Traffic,Managing Editor,1. Sent,North America
Sales Emails - Q4 Alexander,Managing Editor,Senior Editorial,0,202006_Traffic,Managing Editor,1. Sent,Europe - Spain & Portugal
Sales Emails - Q4 Alexander,Managing Editor,Senior Editorial,157,202006_Traffic,Managing Editor,1. Sent,Europe - Spain & Portugal
Sales Emails - Q4 Alexander,Managing Editor,Senior Editorial,157,202006_Traffic,Managing Editor,1. Sent,Europe - Spain & Portugal
Sales Emails - Q4 Alexander,Director Editorial,Senior Editorial,810.51,202006_Traffic,Managing Editor,1. Sent,LatAm - Central
Sales Emails - Q4 Alexander,Managing Editor,Senior Editorial,429.99,202006_Traffic,Managing Editor,1. Sent,LatAm - Central
Sales Emails - Q4 Alexander,Director Editorial de El Sol de México,Senior Editorial,123.8,202006_Traffic,Managing Editor,1. Sent,LatAm - Central
Sales Emails - Q4 Alexander,Managing Editor,Senior Editorial,157,202006_Traffic,Managing Editor,1. Sent,Europe - Spain & Portugal
Sales Emails - Q4 Alexander,Managing Editor,Senior Editorial,157,202006_Traffic,Managing Editor,1. Sent,Europe - Spain & Portugal
Sales Emails - Q4 Alexander,Managing Editor,Senior Editorial,444.36,202006_Traffic,Managing Editor,1. Sent,North America
Sales Emails - Q4 Alexander,Online Managing Editor,Senior Editorial,205,202006_Traffic,Managing Editor,1. Sent,North America
Sales Emails - Q4 Alexander,Managing Editor,Senior Editorial,205,202006_Traffic,Managing Editor,1. Sent,North America
Sales Emails - Q4 Alexander,Managing Editor,Senior Editorial,157,202006_Traffic,Managing Editor,1. Sent,Europe - Spain & Portugal
Sales Emails - Q4 Alexander,Deputy Managing Editor,Senior Editorial,157,202006_Traffic,Managing Editor,1. Sent,Europe - Spain & Portugal
Sales Emails - Q4 Alexander,Managing Editor,Senior Editorial,528.04,202006_Traffic,Managing Editor,1. Sent,LatAm - Central
Sales Emails - Q4 Alexander,Managing Editor,Senior Editorial,123.8,202006_Traffic,Managing Editor,1. Sent,LatAm - South
Sales Emails - Q4 Alexander,Managing Editor,Senior Editorial,571.91,202006_Traffic,Managing Editor,1. Sent,LatAm - Central
Sales Emails - Q4 Alexander,Executive Editor,Senior Editorial,123.8,202006_Traffic,Managing Editor,1. Sent,LatAm - South
Sales Emails - Q4 Alexander,executive editor,Senior Editorial,377.53,202006_Traffic,Managing Editor,1. Sent,North America
Sales Emails - Q3 Cyrus,Editorial Director,Senior Editorial,351.45,202006_Traffic,Managing Editor,1. Sent,North America
Sales Emails - Q3 Cyrus,VP & Managing Editor,Senior Editorial,485.45,202006_Traffic,Managing Editor,1. Sent,North America
Sales Emails - Q3 Cyrus,Managing Editor (Al Dia),Senior Editorial,485.45,202006_Traffic,Managing Editor,1. Sent,North America
Sales Emails - Q3 Cyrus,Deputy Managing Editor,Senior Editorial,205,202006_Traffic,Managing Editor,1. Sent,North America
Sales Emails - Q3 Ferdinand,Managing Editor,Senior Editorial,147.86,202006_Traffic,Managing Editor,2. Negative,Asia - South
Sales Emails - Q4 Alexander,Editora General,Senior Editorial,222.22,202006_Traffic,Managing Editor,2. Negative,LatAm - South
Sales Emails - Q4 Delphine,Managing Editor,Senior Editorial,592.01,202006_Traffic,Managing Editor,3. Neutral,Europe - UK & Ireland
Sales Emails - Q4 Delphine,Senior fashion editor,Senior Editorial,132.56,202006_Traffic,Managing Editor,3. Neutral,Asia - South
Sales Emails - Q3 Ferdinand,Managing Editor,Senior Editorial,618.42,202006_Traffic,Managing Editor,4. Positive,Asia - South
Sales Emails - Q4 Emil,Managing Editor,Senior Editorial,164.4,202006_Traffic,Managing Editor,4. Positive,Asia - East
Sales Emails - Q3 Jacob,Digital Editor,Senior Editorial,210,202006_Traffic,Digital Editor,1. Sent,Europe - Benelux
Sales Emails - Q3 Jacob,Digital Editor,Senior Editorial,205,202006_Traffic,Digital Editor,1. Sent,North America
Sales Emails - Q3 Jacob,Digital News Editor,Senior Editorial,205,202006_Traffic,Digital Editor,1. Sent,North America
Sales Emails - Q3 Jacob,Online Editor-in-Chief,Senior Editorial,229.35,202006_Traffic,Digital Editor,1. Sent,Europe - Benelux
Sales Emails - Q3 Ferdinand,Digital Editor,Senior Editorial,124.6,202006_Traffic,Digital Editor,1. Sent,Europe - East
Sales Emails - Q3 Ferdinand,Digital Editor,Senior Editorial,780.51,202006_Traffic,Digital Editor,1. Sent,Asia - East
Sales Emails - Q3 Delphine,Internet Editor,Senior Editorial,230,202006_Traffic,Digital Editor,1. Sent,Europe - UK & Ireland
Sales Emails - Q4 Jolene,Assistant Managing Editor for Digital,Senior Editorial,205,202006_Traffic,Digital Editor,1. Sent,North America
Sales Emails - Q4 Jolene,Digital Media Editor,Senior Editorial,205,202006_Traffic,Digital Editor,1. Sent,North America
Sales Emails - Q4 Jolene,Online Editorial Director,Senior Editorial,205,202006_Traffic,Digital Editor,1. Sent,North America
Sales Emails - Q4 Delphine,Deputy Digital Editor,Senior Editorial,6213.3,202006_Traffic,Digital Editor,1. Sent,Europe - UK & Ireland
Sales Emails - Q4 Delphine,Digital Editor,Senior Editorial,0,202006_Traffic,Digital Editor,1. Sent,Asia - Russia and CIS
Sales Emails - Q4 Delphine,Digital Editor,Senior Editorial,303.12,202006_Traffic,Digital Editor,1. Sent,MENA - North Africa
Sales Emails - Q4 Delphine,Digital Editor,Senior Editorial,0,202006_Traffic,Digital Editor,1. Sent,Europe - UK & Ireland
Sales Emails - Q4 Delphine,Digital Editor,Senior Editorial,156,202006_Traffic,Digital Editor,1. Sent,Europe - Southeast
Sales Emails - Q4 Delphine,Digital Commercial Editor,Senior Editorial,323.84,202006_Traffic,Digital Editor,1. Sent,Europe - UK & Ireland
Sales Emails - Q4 Delphine,Assistant Digital Features Editor,Senior Editorial,498.77,202006_Traffic,Digital Editor,1. Sent,Asia - South
Sales Emails - Q4 Delphine,Digital Editor,Senior Editorial,1111.57,202006_Traffic,Digital Editor,1. Sent,Europe - UK & Ireland
Sales Emails - Q4 Emil,Online Editor,Senior Editorial,164.4,202006_Traffic,Digital Editor,1. Sent,Asia - East
Sales Emails - Q4 Emil,Digital Editor,Senior Editorial,241,202006_Traffic,Digital Editor,1. Sent,Asia - Oceania
Sales Emails - Q4 Emil,Digital Editor,Senior Editorial,164.4,202006_Traffic,Digital Editor,1. Sent,Asia - East
Sales Emails - Q4 Emil,Digital Editor,Senior Editorial,241,202006_Traffic,Digital Editor,1. Sent,Asia - Oceania
Sales Emails - Q4 Emil,Digital Editor,Senior Editorial,123.8,202006_Traffic,Digital Editor,1. Sent,LatAm - Central
Sales Emails - Q4 Emil,Digital Editor,Senior Editorial,123.8,202006_Traffic,Digital Editor,1. Sent,LatAm - Central
Sales Emails - Q4 Emil,Editor Internet,Senior Editorial,123.8,202006_Traffic,Digital Editor,1. Sent,LatAm - South
Sales Emails - Q4 Emil,Digital Editor,Senior Editorial,222.4,202006_Traffic,Digital Editor,1. Sent,MENA - Middle East
Sales Emails - Q4 Emil,Editor Digitale,Senior Editorial,188,202006_Traffic,Digital Editor,1. Sent,Europe - Italy
Sales Emails - Q4 Emil,Digital Editor,Senior Editorial,976.65,202006_Traffic,Digital Editor,1. Sent,Europe - Italy
Sales Emails - Q4 Cyrus,Digital Editor,Senior Editorial,241,202006_Traffic,Digital Editor,1. Sent,Asia - Oceania
Sales Emails - Q4 Cyrus,Editeur Web,Senior Editorial,592.51,202006_Traffic,Digital Editor,1. Sent,Europe - France
Sales Emails - Q4 Cyrus,Digital Editor,Senior Editorial,1074.33,202006_Traffic,Digital Editor,1. Sent,Europe - France
Sales Emails - Q4 Cyrus,Web éditrice,Senior Editorial,439.11,202006_Traffic,Digital Editor,1. Sent,Europe - France
Sales Emails - Q4 Catherine,Leiter Onlineredaktion,Senior Editorial,278,202006_Traffic,Digital Editor,1. Sent,Europe - DACH
Sales Emails - Q4 Catherine,Digital news editor.,Senior Editorial,454.26,202006_Traffic,Digital Editor,1. Sent,Europe - Nordics
Sales Emails - Q4 Catherine,Online Editor,Senior Editorial,278,202006_Traffic,Digital Editor,1. Sent,Europe - DACH
Sales Emails - Q4 Catherine,Senior Editor,Senior Editorial,281.75,202006_Traffic,Digital Editor,1. Sent,Europe - East
Sales Emails - Q4 Catherine,Editor,Senior Editorial,238,202006_Traffic,Digital Editor,1. Sent,Europe - Nordics
Sales Emails - Q4 Catherine,Digital,Senior Editorial,505.38,202006_Traffic,Digital Editor,1. Sent,Europe - East
Sales Emails - Q4 Alexander,Digital Editor,Senior Editorial,968.97,202006_Traffic,Digital Editor,1. Sent,Europe - Spain & Portugal
Sales Emails - Q4 Alexander,Digital Editor,Senior Editorial,157,202006_Traffic,Digital Editor,1. Sent,Europe - Spain & Portugal
Sales Emails - Q4 Alexander,Editor Web,Senior Editorial,123.8,202006_Traffic,Digital Editor,1. Sent,LatAm - Central
Sales Emails - Q4 Alexander,Digital Editor,Senior Editorial,123.8,202006_Traffic,Digital Editor,1. Sent,LatAm - Central
Sales Emails - Q4 Alexander,Digital Editor,Senior Editorial,123.8,202006_Traffic,Digital Editor,1. Sent,LatAm - South
Sales Emails - Q4 Alexander,Editor Web,Senior Editorial,243.46,202006_Traffic,Digital Editor,1. Sent,LatAm - South
Sales Emails - Q4 Alexander,Web Editor,Senior Editorial,864.22,202006_Traffic,Digital Editor,1. Sent,LatAm - Central
Sales Emails - Q4 Alexander,Web Editor,Senior Editorial,262.4,202006_Traffic,Digital Editor,1. Sent,LatAm - South
Sales Emails - Q4 Alexander,Digital Editor,Senior Editorial,139.94,202006_Traffic,Digital Editor,1. Sent,LatAm - Central
Sales Emails - Q4 Alexander,Web Editor,Senior Editorial,134.9,202006_Traffic,Digital Editor,1. Sent,LatAm - Central
Sales Emails - Q4 Alexander,Digital Editor,Senior Editorial,123.8,202006_Traffic,Digital Editor,1. Sent,LatAm - South
Sales Emails - Q4 Alexander,Digital Editor,Senior Editorial,123.8,202006_Traffic,Digital Editor,1. Sent,LatAm - South
Sales Emails - Q3 Cyrus,Editor,Senior Editorial,230,202006_Traffic,Digital Editor,1. Sent,Europe - UK & Ireland
Sales Emails - Q3 Cyrus,Senior Digital Editor,Senior Editorial,546,202006_Traffic,Digital Editor,1. Sent,North America
Sales Emails - Q3 Cyrus,Digital Editor for Analytics,Senior Editorial,205,202006_Traffic,Digital Editor,1. Sent,North America
Sales Emails - Q3 Cyrus,Digital Editor for Engagement,Senior Editorial,205,202006_Traffic,Digital Editor,1. Sent,North America
Sales Emails - Q3 Cyrus,Digital Editor,Senior Editorial,230,202006_Traffic,Digital Editor,1. Sent,Europe - UK & Ireland
Sales Emails - Q3 Cyrus,Digital Editor,Senior Editorial,6213.3,202006_Traffic,Digital Editor,1. Sent,Europe - UK & Ireland
Sales Emails - Q4 Jolene,Digital Editor,Senior Editorial,506.07,202006_Traffic,Digital Editor,2. Negative,North America
Sales Emails - Q4 Emil,Digital Editor (NITV),Senior Editorial,241,202006_Traffic,Digital Editor,2. Negative,Asia - Oceania
Sales Emails - Q4 Emil,Digital Editor,Senior Editorial,372.88,202006_Traffic,Digital Editor,2. Negative,Asia - East
Sales Emails - Q3 Jacob,Online Chief Editor,Senior Editorial,210,202006_Traffic,Digital Editor,3. Neutral,Europe - Benelux
Sales Emails - Q3 Delphine,Online Editor,Senior Editorial,230,202006_Traffic,Digital Editor,3. Neutral,Europe - UK & Ireland
Sales Emails - Q4 Jolene,Digital Editor,Senior Editorial,675.04,202006_Traffic,Digital Editor,4. Positive,North America
Sales Emails - Q4 Catherine,"Online-Redakteur, Schwerpunkt Social Media",Senior Editorial,351.36,202006_Traffic,Digital Editor,3. Neutral,Europe - DACH
Sales Emails - Q4 Alexander,Digital Growth Manager,End User,10250,202006_EbxVs,Digital Manager,4. Positive,North America
Sales Emails - Q3 Jacob,Director Digital,Senior Specialist,123.8,202006_Traffic,Digital Director,1. Sent,LatAm - Central
Sales Emails - Q3 Jacob,Digital Executive,Senior Specialist,1485.88,202006_Traffic,Digital Director,1. Sent,Europe - Spain & Portugal
Sales Emails - Q3 Jacob,Head of Digital,Senior Specialist,329.59,202006_Traffic,Digital Director,1. Sent,North America
Sales Emails - Q3 Jacob,Director of Digital Innovation,Senior Specialist,205,202006_Traffic,Digital Director,1. Sent,North America
Sales Emails - Q3 Ferdinand,"Chef vom Dienst, Ressortleiter Medien/Digital",Senior Specialist,278,202006_Traffic,Digital Director,1. Sent,Europe - DACH
Sales Emails - Q3 Ferdinand,Head of Digital,Senior Specialist,238,202006_Traffic,Digital Director,1. Sent,Europe - Nordics
Sales Emails - Q4 Jolene,Digital Director / Farm Broadcaster,Senior Specialist,0,202006_Traffic,Digital Director,1. Sent,North America
Sales Emails - Q4 Jolene,Digital Director,Senior Specialist,205,202006_Traffic,Digital Director,1. Sent,North America
Sales Emails - Q4 Jolene,Digital Director,Senior Specialist,231.15,202006_Traffic,Digital Director,1. Sent,North America
Sales Emails - Q4 Jolene,Digital Director,Senior Specialist,205,202006_Traffic,Digital Director,1. Sent,North America
Sales Emails - Q4 Delphine,Digital Director,Senior Specialist,95.19,202006_Traffic,Digital Director,1. Sent,Africa
Sales Emails - Q4 Delphine,Digital Director,Senior Specialist,156,202006_Traffic,Digital Director,1. Sent,Europe - Southeast
Sales Emails - Q4 Delphine,Digital Director,Senior Specialist,119,202006_Traffic,Digital Director,1. Sent,Asia - Russia and CIS
Sales Emails - Q4 Delphine,Digital Director,Senior Specialist,327.29,202006_Traffic,Digital Director,1. Sent,Asia - South
Sales Emails - Q4 Delphine,Responsable Digital,Senior Specialist,349.6,202006_Traffic,Digital Director,1. Sent,MENA - North Africa
Sales Emails - Q4 Delphine,Head of Digital,Senior Specialist,230,202006_Traffic,Digital Director,1. Sent,Europe - UK & Ireland
Sales Emails - Q4 Delphine,Head of Digital,Senior Specialist,230,202006_Traffic,Digital Director,1. Sent,Europe - UK & Ireland
Sales Emails - Q4 Emil,Chief Data Officer,Senior Specialist,882.5,202006_Traffic,Digital Director,1. Sent,Asia - East
Sales Emails - Q4 Emil,Head of Digital Media Support,Senior Specialist,164.4,202006_Traffic,Digital Director,1. Sent,Asia - East
Sales Emails - Q4 Emil,Digital Director,Senior Specialist,0,202006_Traffic,Digital Director,1. Sent,Asia - Oceania
Sales Emails - Q4 Cyrus,TitleResponsable des Productions Digitales,Senior Specialist,766.36,202006_Traffic,Digital Director,1. Sent,Europe - France
Sales Emails - Q4 Cyrus,Project Manager: Digital And Broadcast,Senior Specialist,200,202006_Traffic,Digital Director,1. Sent,Europe - France
Sales Emails - Q4 Cyrus,Head of Digital,Senior Specialist,10000,202006_Traffic,Digital Director,1. Sent,Europe - France
Sales Emails - Q4 Cyrus,Director - Digital solutions and operations,Senior Specialist,0,202006_Traffic,Digital Director,1. Sent,North America
Sales Emails - Q4 Cyrus,Head of Digital News,Senior Specialist,1843.43,202006_Traffic,Digital Director,1. Sent,Europe - France
Sales Emails - Q4 Catherine,Projektleiterin Digital,Senior Specialist,278,202006_Traffic,Digital Director,1. Sent,Europe - DACH
Sales Emails - Q4 Catherine,Digital Director,Senior Specialist,238,202006_Traffic,Digital Director,1. Sent,Europe - Nordics
Sales Emails - Q4 Catherine,Digital Director,Senior Specialist,124.6,202006_Traffic,Digital Director,1. Sent,Europe - East
Sales Emails - Q4 Catherine,Head of Digital and Strategy,Senior Specialist,548.24,202006_Traffic,Digital Director,1. Sent,Europe - East
Sales Emails - Q4 Catherine,Digital Content,Senior Specialist,238,202006_Traffic,Digital Director,1. Sent,Europe - Nordics
Sales Emails - Q4 Alexander,Digital Director,Senior Specialist,923.28,202006_Traffic,Digital Director,1. Sent,Europe - Spain & Portugal
Sales Emails - Q4 Alexander,Digital Editorial Director,Senior Specialist,205,202006_Traffic,Digital Director,1. Sent,North America
Sales Emails - Q3 Cyrus,head of digital,Senior Specialist,5750,202006_Traffic,Digital Director,1. Sent,Europe - UK & Ireland
Sales Emails - Q3 Jacob,Digital Director,Senior Specialist,136.61,202006_Traffic,Digital Director,2. Negative,LatAm - South
Sales Emails - Q3 Delphine,Digital Director,Senior Specialist,419.32,202006_Traffic,Digital Director,2. Negative,Europe - UK & Ireland
Sales Emails - Q4 Cyrus,"Directeur, Innovation Et Lab Numérique",Senior Specialist,216.97,202006_Traffic,Digital Director,2. Negative,North America
Sales Emails - Q4 Cyrus,chargée du développement numérique,Senior Specialist,200,202006_Traffic,Digital Director,2. Negative,Europe - France
Sales Emails - Q4 Catherine,Director Digital & Diversifcation,Senior Specialist,216.44,202006_Traffic,Digital Director,2. Negative,Europe - East
Sales Emails - Q4 Alexander,Head of Digital,Senior Specialist,157,202006_Traffic,Digital Director,2. Negative,Europe - Spain & Portugal
Sales Emails - Q4 Delphine,Digital Development Director,Senior Specialist,0,202006_Traffic,Digital Director,3. Neutral,Europe - UK & Ireland
Sales Emails - Q3 Jacob,Digital Director at ARTE France,Senior Specialist,1918.83,202006_Traffic,Digital Director,4. Positive,Europe - France
Sales Emails - Q4 Alexander,manager de digital,End User,205,2020XX_Carlos Template,Digital Manager,4. Positive,North America
Sales Emails - Q4 Catherine,Head of Digital,Senior Specialist,590.96,202006_Traffic,Digital Director,4. Positive,Europe - DACH
Sales Emails - Q4 Catherine,Digital Development Director,Senior Specialist,151.44,202006_Traffic,Digital Director,4. Positive,Europe - East
Sales Emails - Q4 Catherine,"Creative Lead, Digital & Social",Senior Specialist,367.98,202006_Traffic,Digital Director,4. Positive,Africa
Sales Emails - Q3 Jacob,Content Director,Senior Specialist,1409.56,202006_Traffic,Content Director,1. Sent,North America
Sales Emails - Q3 Jacob,Chief Content & Strategy Officer,Senior Specialist,110.86,202006_Traffic,Content Director,1. Sent,Africa
Sales Emails - Q3 Jacob,Coordinadora de Contenidos Digitales Newsweek,Senior Specialist,843.02,202006_Traffic,Content Director,1. Sent,LatAm - Central
Sales Emails - Q3 Jacob,Content Director,Senior Specialist,210.76,202006_Traffic,Content Director,1. Sent,LatAm - South
Sales Emails - Q3 Ferdinand,Leiter digitale Inhalte,Senior Specialist,278,202006_Traffic,Content Director,1. Sent,Europe - DACH
Sales Emails - Q3 Delphine,Chief Editor,Senior Specialist,230,202006_Traffic,Content Director,1. Sent,Europe - UK & Ireland
Sales Emails - Q3 Delphine,"Head of Digital, Content",Senior Specialist,706.78,202006_Traffic,Content Director,1. Sent,Europe - UK & Ireland
Sales Emails - Q3 Delphine,General Manager,Senior Specialist,208.56,202006_Traffic,Content Director,1. Sent,Asia - South
Sales Emails - Q4 Jolene,Content Manager,Senior Specialist,417.86,202006_Traffic,Content Director,1. Sent,North America
Sales Emails - Q4 Jolene,Digital Content Director,Senior Specialist,205,202006_Traffic,Content Director,1. Sent,North America
Sales Emails - Q4 Jolene,"Head Of Operations, Content",Senior Specialist,730.05,202006_Traffic,Content Director,1. Sent,North America
Sales Emails - Q4 Jolene,"Head of Content and Audience Engagement, Nasdaq.com",Senior Specialist,794.6,202006_Traffic,Content Director,1. Sent,North America
Sales Emails - Q4 Delphine,Communities Content Editor,Senior Specialist,0,202006_Traffic,Content Director,1. Sent,Europe - UK & Ireland
Sales Emails - Q4 Delphine,Content Director,Senior Specialist,119,202006_Traffic,Content Director,1. Sent,Asia - Russia and CIS
Sales Emails - Q4 Delphine,Content Director,Senior Specialist,0,202006_Traffic,Content Director,1. Sent,Asia - Russia and CIS
Sales Emails - Q4 Delphine,Brands Editor for Essex and Herts and Content Marketing Editor for the south east,Senior Specialist,230,202006_Traffic,Content Director,1. Sent,Europe - UK & Ireland
Sales Emails - Q4 Delphine,Content Director,Senior Specialist,443.92,202006_Traffic,Content Director,1. Sent,Europe - UK & Ireland
Sales Emails - Q4 Delphine,Senior Executive Producer,Senior Specialist,2190.95,202006_Traffic,Content Director,1. Sent,MENA - North Africa
Sales Emails - Q4 Emil,Digital Content Producer,Senior Specialist,241,202006_Traffic,Content Director,1. Sent,Asia - Oceania
Sales Emails - Q4 Emil,Content Director,Senior Specialist,407.91,202006_Traffic,Content Director,1. Sent,Asia - East
Sales Emails - Q4 Emil,Head of Content & Editorial,Senior Specialist,787.49,202006_Traffic,Content Director,1. Sent,Asia - East
Sales Emails - Q4 Emil,Yazar,Senior Specialist,580.24,202006_Traffic,Content Director,1. Sent,MENA - Middle East
Sales Emails - Q4 Cyrus,Head Of Digital Content,Senior Specialist,3230.88,202006_Traffic,Content Director,1. Sent,Europe - France
Sales Emails - Q4 Cyrus,Director of Content Development,Senior Specialist,5950.73,202006_Traffic,Content Director,1. Sent,North America
Sales Emails - Q4 Cyrus,Coo,Senior Specialist,386.85,202006_Traffic,Content Director,1. Sent,North America
Sales Emails - Q4 Catherine,Directeur De Publication,Senior Specialist,161.55,202006_Traffic,Content Director,1. Sent,Africa
Sales Emails - Q4 Alexander,Social Content Manager,Senior Specialist,319.38,202006_Traffic,Content Director,1. Sent,Europe - Spain & Portugal
Sales Emails - Q4 Alexander,News Operations Manager,Senior Specialist,463.18,202006_Traffic,Content Director,1. Sent,North America
Sales Emails - Q3 Cyrus,News and Digital Content Director,Senior Specialist,241,202006_Traffic,Content Director,1. Sent,Asia - Oceania
Sales Emails - Q3 Cyrus,Audience and Content editor,Senior Specialist,230,202006_Traffic,Content Director,1. Sent,Europe - UK & Ireland
Sales Emails - Q3 Cyrus,Head of content,Senior Specialist,230,202006_Traffic,Content Director,1. Sent,Europe - UK & Ireland
Sales Emails - Q4 Delphine,"Head of Content, TCOLondon",Senior Specialist,230,202006_Traffic,Content Director,2. Negative,Europe - UK & Ireland
Sales Emails - Q4 Emil,Director Of Content,Senior Specialist,241,202006_Traffic,Content Director,2. Negative,Asia - Oceania
Sales Emails - Q4 Catherine,Leiter Digitale Inhalte (Stellv. Chefredakteur),Senior Specialist,278,202006_Traffic,Content Director,2. Negative,Europe - DACH
Sales Emails - Q4 Alexander,Jefa de Publicidad & Contenido,Senior Specialist,430.79,202006_Traffic,Content Director,2. Negative,Europe - Spain & Portugal
Sales Emails - Q4 Delphine,Content Editor,Senior Specialist,230,202006_Traffic,Content Director,3. Neutral,Europe - UK & Ireland
Sales Emails - Q3 Jacob,Directora de Contenidos Digitales,Senior Specialist,1047.39,202006_Traffic,Content Director,4. Positive,LatAm - South
Sales Emails - Q3 Jacob,Head of Marketing,Senior Specialist,212.2,202006_Traffic,Marketing Director,1. Sent,North America
Sales Emails - Q3 Jacob,Marketing Manager,Senior Specialist,1996.28,202006_Traffic,Marketing Director,1. Sent,North America
Sales Emails - Q3 Ferdinand,Marketing Manager,Senior Specialist,278,202006_Traffic,Marketing Director,1. Sent,Europe - DACH
Sales Emails - Q3 Ferdinand,Marketing Manager,Senior Specialist,963.95,202006_Traffic,Marketing Director,1. Sent,Europe - Italy
Sales Emails - Q3 Delphine,VP Marketing,Senior Specialist,230,202006_Traffic,Marketing Director,1. Sent,Europe - UK & Ireland
Sales Emails - Q4 Jolene,Audience Marketing Manager,Senior Specialist,205,202006_Traffic,Marketing Director,1. Sent,North America
Sales Emails - Q4 Jolene,Senior Sports Marketing Executive,Senior Specialist,205,202006_Traffic,Marketing Director,1. Sent,North America
Sales Emails - Q4 Jolene,Director Of Sales And Marketing,Senior Specialist,608.62,202006_Traffic,Marketing Director,1. Sent,North America
Sales Emails - Q4 Jolene,"Vp, Marketing",Senior Specialist,745.33,202006_Traffic,Marketing Director,1. Sent,North America
Sales Emails - Q4 Jolene,Marketing Director,Senior Specialist,473.72,202006_Traffic,Marketing Director,1. Sent,North America
Sales Emails - Q4 Jolene,Director Of Sales,Senior Specialist,400.07,202006_Traffic,Marketing Director,1. Sent,North America
Sales Emails - Q4 Jolene,Marketing And Growth,Senior Specialist,205,202006_Traffic,Marketing Director,1. Sent,North America
Sales Emails - Q4 Jolene,Senior Director of Marketing,Senior Specialist,231.8,202006_Traffic,Marketing Director,1. Sent,North America
Sales Emails - Q4 Jolene,Marketing Manager,Senior Specialist,0,202006_Traffic,Marketing Director,1. Sent,North America
Sales Emails - Q4 Delphine,Head of Marketing & Production - Women's Running Magazine,Senior Specialist,258.75,202006_Traffic,Marketing Director,1. Sent,Europe - UK & Ireland
Sales Emails - Q4 Delphine,Marketing & Sales Director,Senior Specialist,470.36,202006_Traffic,Marketing Director,1. Sent,Europe - Southeast
Sales Emails - Q4 Delphine,Marketing Manager,Senior Specialist,156,202006_Traffic,Marketing Director,1. Sent,Europe - Southeast
Sales Emails - Q4 Delphine,Marketing Director,Senior Specialist,156,202006_Traffic,Marketing Director,1. Sent,Europe - Southeast
Sales Emails - Q4 Delphine,Marketing Manager,Senior Specialist,0,202006_Traffic,Marketing Director,1. Sent,Europe - UK & Ireland
Sales Emails - Q4 Delphine,Head of Marketing,Senior Specialist,2307.97,202006_Traffic,Marketing Director,1. Sent,Europe - UK & Ireland
Sales Emails - Q4 Delphine,Marketing Manager,Senior Specialist,613.52,202006_Traffic,Marketing Director,1. Sent,Asia - South
Sales Emails - Q4 Delphine,Marketing & Advertising Director,Senior Specialist,156,202006_Traffic,Marketing Director,1. Sent,Europe - Southeast
Sales Emails - Q4 Delphine,Marketing Director,Senior Specialist,295.88,202006_Traffic,Marketing Director,1. Sent,Asia - South
Sales Emails - Q4 Emil,Group Sales and Marketing Director,Senior Specialist,462.4,202006_Traffic,Marketing Director,1. Sent,Asia - East
Sales Emails - Q4 Emil,Digital Marketing Manager,Senior Specialist,198.26,202006_Traffic,Marketing Director,1. Sent,Asia - East
Sales Emails - Q4 Emil,Advertising Manager - VIC,Senior Specialist,419.85,202006_Traffic,Marketing Director,1. Sent,Asia - Oceania
Sales Emails - Q4 Emil,Marketing Director,Senior Specialist,164.4,202006_Traffic,Marketing Director,1. Sent,Asia - East
Sales Emails - Q4 Emil,Marketing Manager,Senior Specialist,164.4,202006_Traffic,Marketing Director,1. Sent,Asia - East
Sales Emails - Q4 Emil,Marketing Manager,Senior Specialist,164.4,202006_Traffic,Marketing Director,1. Sent,Asia - East
Sales Emails - Q4 Emil,Head of Marketing,Senior Specialist,164.4,202006_Traffic,Marketing Director,1. Sent,Asia - East
Sales Emails - Q4 Emil,E-Commerce & Digital Marketing Manager,Senior Specialist,512.4,202006_Traffic,Marketing Director,1. Sent,Asia - East
Sales Emails - Q4 Emil,Marketing Manager,Senior Specialist,1172.82,202006_Traffic,Marketing Director,1. Sent,Asia - East
Sales Emails - Q4 Emil,Marketing Manager,Senior Specialist,873.43,202006_Traffic,Marketing Director,1. Sent,Europe - Italy
Sales Emails - Q4 Emil,Director of Marketing,Senior Specialist,206.58,202006_Traffic,Marketing Director,1. Sent,Europe - Italy
Sales Emails - Q4 Emil,Head of Marketing,Senior Specialist,188,202006_Traffic,Marketing Director,1. Sent,Europe - Italy
Sales Emails - Q4 Emil,Director of Marketing,Senior Specialist,188,202006_Traffic,Marketing Director,1. Sent,Europe - Italy
Sales Emails - Q4 Emil,Marketing Manager,Senior Specialist,330.61,202006_Traffic,Marketing Director,1. Sent,MENA - Middle East
Sales Emails - Q4 Emil,Marketing Manager,Senior Specialist,474.03,202006_Traffic,Marketing Director,1. Sent,MENA - Middle East
Sales Emails - Q4 Emil,Digital Marketing Specialist,Senior Specialist,240.87,202006_Traffic,Marketing Director,1. Sent,Europe - Italy
Sales Emails - Q4 Emil,Marketing Manager,Senior Specialist,164.4,202006_Traffic,Marketing Director,1. Sent,Asia - East
Sales Emails - Q4 Emil,Marketing Manager,Senior Specialist,925.09,202006_Traffic,Marketing Director,1. Sent,Asia - East
Sales Emails - Q4 Emil,Head of Marketing,Senior Specialist,1271.88,202006_Traffic,Marketing Director,1. Sent,Asia - East
Sales Emails - Q4 Emil,Marketing Manager,Senior Specialist,188,202006_Traffic,Marketing Director,1. Sent,Europe - Italy
Sales Emails - Q4 Emil,Marketing Manager,Senior Specialist,493.53,202006_Traffic,Marketing Director,1. Sent,Asia - East
Sales Emails - Q4 Emil,Digital Marketing Director,Senior Specialist,164.4,202006_Traffic,Marketing Director,1. Sent,Asia - East
Sales Emails - Q4 Emil,Marketing Manager,Senior Specialist,164.4,202006_Traffic,Marketing Director,1. Sent,Asia - East
Sales Emails - Q4 Emil,Marketing Manager,Senior Specialist,241,202006_Traffic,Marketing Director,1. Sent,Asia - Oceania
Sales Emails - Q4 Emil,Head Of Marketing,Senior Specialist,356.03,202006_Traffic,Marketing Director,1. Sent,Asia - Oceania
Sales Emails - Q4 Emil,Marketing Director,Senior Specialist,246.92,202006_Traffic,Marketing Director,1. Sent,Europe - Italy
Sales Emails - Q4 Emil,Head of Marketing & Communications,Senior Specialist,241,202006_Traffic,Marketing Director,1. Sent,Asia - Oceania
Sales Emails - Q4 Emil,Marketing Manager,Senior Specialist,188,202006_Traffic,Marketing Director,1. Sent,Europe - Italy
Sales Emails - Q4 Emil,Marketing Manager,Senior Specialist,164.4,202006_Traffic,Marketing Director,1. Sent,Asia - East
Sales Emails - Q4 Emil,Marketing Manager,Senior Specialist,312.8,202006_Traffic,Marketing Director,1. Sent,Europe - Italy
Sales Emails - Q4 Cyrus,Marketing Manager,Senior Specialist,205,202006_Traffic,Marketing Director,1. Sent,North America
Sales Emails - Q4 Cyrus,Director of Marketing,Senior Specialist,205,202006_Traffic,Marketing Director,1. Sent,North America
Sales Emails - Q4 Cyrus,Digital Marketing Manager,Senior Specialist,773.95,202006_Traffic,Marketing Director,1. Sent,North America
Sales Emails - Q4 Cyrus,Marketing Manager,Senior Specialist,205,202006_Traffic,Marketing Director,1. Sent,North America
Sales Emails - Q4 Cyrus,Director of Marketing,Senior Specialist,210,202006_Traffic,Marketing Director,1. Sent,Europe - Benelux
Sales Emails - Q4 Cyrus,Director of Marketing,Senior Specialist,205,202006_Traffic,Marketing Director,1. Sent,North America
Sales Emails - Q4 Cyrus,Marketing Director,Senior Specialist,3222.56,202006_Traffic,Marketing Director,1. Sent,North America
Sales Emails - Q4 Cyrus,Directeur Marketing et Projets,Senior Specialist,3200.79,202006_Traffic,Marketing Director,1. Sent,Europe - France
Sales Emails - Q4 Cyrus,Responsable Marketing web,Senior Specialist,413.65,202006_Traffic,Marketing Director,1. Sent,Europe - France
Sales Emails - Q4 Catherine,Marketing Manager,Senior Specialist,352.29,202006_Traffic,Marketing Director,1. Sent,Europe - East
Sales Emails - Q4 Catherine,Marketing Diretor,Senior Specialist,124.6,202006_Traffic,Marketing Director,1. Sent,Europe - East
Sales Emails - Q4 Catherine,Marketing Manager,Senior Specialist,238,202006_Traffic,Marketing Director,1. Sent,Europe - Nordics
Sales Emails - Q4 Catherine,Marketing Manager,Senior Specialist,124.6,202006_Traffic,Marketing Director,1. Sent,Europe - East
Sales Emails - Q4 Catherine,Marketing Director,Senior Specialist,278,202006_Traffic,Marketing Director,1. Sent,Europe - DACH
Sales Emails - Q4 Catherine,Marketing Director,Senior Specialist,157.38,202006_Traffic,Marketing Director,1. Sent,Europe - East
Sales Emails - Q4 Catherine,Head of Marketing,Senior Specialist,124.6,202006_Traffic,Marketing Director,1. Sent,Europe - East
Sales Emails - Q4 Alexander,Marketing Director TV3 i CatRadio,Senior Specialist,439.6,202006_Traffic,Marketing Director,1. Sent,Europe - Spain & Portugal
Sales Emails - Q4 Alexander,Coordinadora de Mercadeo,Senior Specialist,123.8,202006_Traffic,Marketing Director,1. Sent,LatAm - South
Sales Emails - Q4 Alexander,Marketing Manager,Senior Specialist,238.2,202006_Traffic,Marketing Director,1. Sent,Europe - Spain & Portugal
Sales Emails - Q4 Alexander,Marketing head,Senior Specialist,123.8,202006_Traffic,Marketing Director,1. Sent,LatAm - South
Sales Emails - Q4 Alexander,Marketing Director,Senior Specialist,732.58,202006_Traffic,Marketing Director,1. Sent,North America
Sales Emails - Q4 Alexander,Marketing Director,Senior Specialist,123.8,202006_Traffic,Marketing Director,1. Sent,LatAm - Central
Sales Emails - Q4 Alexander,Director Of Marketing And Social Media,Senior Specialist,157,202006_Traffic,Marketing Director,1. Sent,Europe - Spain & Portugal
Sales Emails - Q3 Cyrus,Head of Marketing,Senior Specialist,230,202006_Traffic,Marketing Director,1. Sent,Europe - UK & Ireland
Sales Emails - Q3 Cyrus,Marketing Manager,Senior Specialist,230,202006_Traffic,Marketing Director,1. Sent,Europe - UK & Ireland
Sales Emails - Q3 Cyrus,Marketing Director,Senior Specialist,205,202006_Traffic,Marketing Director,1. Sent,North America
Sales Emails - Q3 Jacob,Marketing director,Senior Specialist,300.05,202006_Traffic,Marketing Director,2. Negative,LatAm - Central
Sales Emails - Q4 Cyrus,Manager of Marketing,Senior Specialist,205,202006_Traffic,Marketing Director,2. Negative,North America
Sales Emails - Q4 Emil,Marketing Manager,Senior Specialist,188,202006_Traffic,Marketing Director,3. Neutral,Europe - Italy
Sales Emails - Q4 Emil,Director of Marketing,Senior Specialist,123.8,202006_Traffic,Marketing Director,3. Neutral,LatAm - Central
Sales Emails - Q4 Catherine,Marketing Manager,Senior Specialist,124.6,202006_Traffic,Marketing Director,3. Neutral,Europe - East
Sales Emails - Q4 Emil,Head of Data and Insights,Senior Specialist,241,202006_Traffic,Marketing Director,4. Positive,Asia - Oceania
Sales Emails - Q3 Jacob,Social Media Director,Senior Specialist,643.81,202006_Traffic,Social Media Director,1. Sent,Europe - Spain & Portugal
Sales Emails - Q3 Ferdinand,Head of Social Media,Senior Specialist,188,202006_Traffic,Social Media Director,1. Sent,Europe - Italy
Sales Emails - Q3 Delphine,Head Of Social Media & Digital Content,Senior Specialist,882.91,202006_Traffic,Social Media Director,1. Sent,Europe - UK & Ireland
Sales Emails - Q4 Jolene,Social Media Director,Senior Specialist,205,202006_Traffic,Social Media Director,1. Sent,North America
Sales Emails - Q4 Delphine,Head of Social Media,Senior Specialist,100,202006_Traffic,Social Media Director,1. Sent,Asia - South
Sales Emails - Q4 Delphine,Head of Social Media and Communications,Senior Specialist,11500,202006_Traffic,Social Media Director,1. Sent,Europe - UK & Ireland
Sales Emails - Q4 Delphine,Social Media Manager,Senior Specialist,205,202006_Traffic,Social Media Director,1. Sent,North America
Sales Emails - Q4 Cyrus,Directeur en charge du développement des activités Acquisition & CRM,Senior Specialist,1542.76,202006_Traffic,Social Media Director,1. Sent,Europe - France
Sales Emails - Q4 Cyrus,Directeur Social Publishing,Senior Specialist,4079.45,202006_Traffic,Social Media Director,1. Sent,Europe - France
Sales Emails - Q4 Cyrus,Head of Social Media,Senior Specialist,4079.45,202006_Traffic,Social Media Director,1. Sent,Europe - France
Sales Emails - Q4 Alexander,Social Media Director,Senior Specialist,123.8,202006_Traffic,Social Media Director,1. Sent,LatAm - Central
Sales Emails - Q4 Catherine,i/c of Social,Senior Specialist,383.86,202006_Traffic,Social Media Director,2. Negative,Europe - DACH
Sales Emails - Q4 Alexander,Social Media Specialist,Senior Specialist,1376.75,202006_Traffic,Social Media Director,2. Negative,North America
Sales Emails - Q3 Cyrus,Head of Social,Senior Specialist,11500,202006_Traffic,Social Media Director,2. Negative,Europe - UK & Ireland
Sales Emails - Q4 Cyrus,Directeur de la plateforme numérique,Senior Specialist,767.7,202006_Traffic,Analytics Director,1. Sent,Europe - France
Sales Emails - Q4 Alexander,VP Analytics,Senior Specialist,205,202006_Traffic,Analytics Director,1. Sent,North America
Sales Emails - Q3 Cyrus,"Director, Digital Analytics",Senior Specialist,434.7,202006_Traffic,Analytics Director,1. Sent,North America
Sales Emails - Q3 Jacob,Audience Development Director,Senior Specialist,412.68,202006_Traffic,Audience Development Director,1. Sent,LatAm - South
Sales Emails - Q4 Jolene,Audience Development Director,Senior Specialist,0,202006_Traffic,Audience Development Director,1. Sent,North America
Sales Emails - Q4 Cyrus,Audience Development Director,Senior Specialist,930.55,202006_Traffic,Audience Development Director,1. Sent,North America
Sales Emails - Q4 Catherine,Audience Development Director,Senior Specialist,1340.67,202006_Traffic,Audience Development Director,1. Sent,Europe - East
Sales Emails - Q4 Alexander,Head of audience development,Senior Specialist,123.8,202006_Traffic,Audience Development Director,1. Sent,LatAm - South
Sales Emails - Q4 Cyrus,International Head of Audience,Senior Specialist,10250,202006_Traffic,Audience Development Director,2. Negative,North America
Sales Emails - Q4 Cyrus,Audience Development Director,Senior Specialist,477.85,202006_Traffic,Audience Development Director,2. Negative,North America
Sales Emails - Q4 Jolene,Editor in Chief,Senior Editorial,380.49,202006_Content,Editor In Chief,3. Neutral,North America
Sales Emails - Q4 Jolene,Vp Of Digital Strategy,Senior Specialist,205,202006_Traffic,VP Strategy,1. Sent,North America
Sales Emails - Q4 Jolene,Senior Vice President Data and Information Strategy,Senior Specialist,1126.08,202006_Traffic,VP Strategy,1. Sent,North America
Sales Emails - Q4 Jolene,Head of Digital Strategy,Senior Specialist,741.4,202006_Traffic,VP Strategy,1. Sent,North America
Sales Emails - Q4 Jolene,Head of Digital Strategy and Marketing,Senior Specialist,205,202006_Traffic,VP Strategy,1. Sent,North America
Sales Emails - Q4 Jolene,"President, Chief Strategy Officer",Senior Specialist,671.51,202006_Traffic,VP Strategy,1. Sent,North America
Sales Emails - Q4 Jolene,VP Brand Innovation & Strategy,Senior Specialist,1016.32,202006_Traffic,VP Strategy,1. Sent,North America
Sales Emails - Q4 Delphine,Head - Group Strategy And Digital Growth,Senior Specialist,392.01,202006_Traffic,VP Strategy,1. Sent,Asia - South
Sales Emails - Q4 Delphine,Vice President,Senior Specialist,1517.97,202006_Traffic,VP Strategy,1. Sent,Asia - South
Sales Emails - Q4 Cyrus,"Vice President, Brand Strategy",Senior Specialist,2105.68,202006_Traffic,VP Strategy,1. Sent,North America
Sales Emails - Q4 Cyrus,Vice President Content Strategy & Head Of Content Partnerships,Senior Specialist,492,202006_Traffic,VP Strategy,1. Sent,North America
Sales Emails - Q4 Catherine,"Head, Digital Strategy & Technology",Senior Specialist,459.92,202006_Traffic,VP Strategy,1. Sent,Africa
Sales Emails - Q3 Cyrus,Vp Strategy,Senior Specialist,1708.16,202006_Traffic,VP Strategy,1. Sent,North America
Sales Emails - Q4 Catherine,Head of Strategy,Senior Specialist,278,202006_Traffic,VP Strategy,2. Negative,Europe - DACH
Sales Emails - Q4 Delphine,Head of Strategy,Senior Specialist,200.29,202006_Traffic,VP Strategy,4. Positive,Asia - South
Sales Emails - Q3 Ferdinand,Vp Product,Senior Specialist,443.61,202006_Traffic,VP Product,1. Sent,Europe - East
Sales Emails - Q4 Emil,Head of Product,Senior Specialist,222.4,202006_Traffic,VP Product,1. Sent,MENA - Middle East
Sales Emails - Q4 Cyrus,"Senior Product Manager, Digital",Senior Specialist,773.95,202006_Traffic,VP Product,1. Sent,North America
Sales Emails - Q4 Cyrus,VP Product,Senior Specialist,10000,202006_Traffic,VP Product,1. Sent,Europe - France
Sales Emails - Q4 Cyrus,Product Director,Senior Specialist,4079.45,202006_Traffic,VP Product,1. Sent,Europe - France
Sales Emails - Q4 Catherine,Leitung Produkt- und Projektmanagement,Senior Specialist,927.08,202006_Traffic,VP Product,1. Sent,Europe - DACH
Sales Emails - Q4 Alexander,Jefe de Producto,Senior Specialist,123.8,202006_Traffic,VP Product,1. Sent,LatAm - South
Sales Emails - Q4 Delphine,Product Development Consultant,Senior Specialist,316.12,202006_Traffic,VP Product,2. Negative,Africa
Sales Emails - Q4 Alexander,Director de Producto,Senior Specialist,574.3,202006_Traffic,VP Product,4. Positive,Europe - Spain & Portugal
Sales Emails - Q3 Jacob,Social Media Editor,End User,754.66,202006_Traffic,Social Media Editor,1. Sent,North America
Sales Emails - Q4 Jolene,Social Media Coordinator and Assistant Editor,End User,205,202006_Traffic,Social Media Editor,1. Sent,North America
Sales Emails - Q4 Jolene,Social Media Coordinator,End User,541.84,202006_Traffic,Social Media Editor,1. Sent,North America
Sales Emails - Q4 Delphine,Social Media Editor,End User,444.17,202006_Traffic,Social Media Editor,1. Sent,Africa
Sales Emails - Q4 Delphine,Social Media Editor,End User,328.52,202006_Traffic,Social Media Editor,1. Sent,Europe - UK & Ireland
Sales Emails - Q4 Delphine,Content and Social Media Editor,End User,797.63,202006_Traffic,Social Media Editor,1. Sent,Europe - UK & Ireland
Sales Emails - Q4 Delphine,Social Media Coordinator,End User,533.36,202006_Traffic,Social Media Editor,1. Sent,Europe - UK & Ireland
Sales Emails - Q4 Delphine,Video and Social media editor,End User,230,202006_Traffic,Social Media Editor,1. Sent,Europe - UK & Ireland
Sales Emails - Q4 Emil,Social editor,End User,206.61,202006_Traffic,Social Media Editor,1. Sent,Europe - Italy
Sales Emails - Q4 Emil,Redattrice Editoriale E Responsabile Social Media,End User,188,202006_Traffic,Social Media Editor,1. Sent,Europe - Italy
Sales Emails - Q4 Emil,Editor and social media,End User,362.53,202006_Traffic,Social Media Editor,1. Sent,Europe - Italy
Sales Emails - Q4 Cyrus,journaliste et social media editor,End User,3534.96,202006_Traffic,Social Media Editor,1. Sent,Europe - France
Sales Emails - Q4 Cyrus,Social Media Editor,End User,205,202006_Traffic,Social Media Editor,1. Sent,North America
Sales Emails - Q4 Catherine,Social Media Editor,End User,134.44,202006_Traffic,Social Media Editor,1. Sent,Europe - East
Sales Emails - Q4 Catherine,Online- und Social-Media-Redakteurin,End User,590.96,202006_Traffic,Social Media Editor,1. Sent,Europe - DACH
Sales Emails - Q4 Catherine,Web editor / Social Media (costume NO),End User,238,202006_Traffic,Social Media Editor,1. Sent,Europe - Nordics
Sales Emails - Q4 Catherine,Social Media Editor,End User,988.75,202006_Traffic,Social Media Editor,1. Sent,Europe - DACH
Sales Emails - Q4 Alexander,Social Editor,End User,123.8,202006_Traffic,Social Media Editor,1. Sent,LatAm - South
Sales Emails - Q3 Cyrus,US Social Media Editor,End User,11500,202006_Traffic,Social Media Editor,1. Sent,Europe - UK & Ireland
Sales Emails - Q3 Cyrus,Social Media Editor,End User,1454.74,202006_Traffic,Social Media Editor,1. Sent,North America
Sales Emails - Q3 Cyrus,Social Media Editor,End User,1108.21,202006_Traffic,Social Media Editor,1. Sent,Europe - UK & Ireland
Sales Emails - Q4 Jolene,Social Media Coordinator,End User,205,202006_Traffic,Social Media Editor,2. Negative,North America
Sales Emails - Q4 Cyrus,Social Media Editor,End User,200,202006_Traffic,Social Media Editor,2. Negative,Europe - France
Sales Emails - Q4 Cyrus,Co-Founder & Editor-in-Chief,Senior Editorial,205,202006_EbxVs,Editor In Chief,4. Positive,North America
Sales Emails - Q4 Alexander,Editor-in-Chief,Senior Editorial,278.33,202006_Traffic,Editor In Chief,4. Positive,North America
Sales Emails - Q3 Jacob,Social Media Lead,End User,410,202006_Traffic,Social Media Manager,1. Sent,North America
Sales Emails - Q3 Jacob,Social Media Manager,End User,123.8,202006_Traffic,Social Media Manager,1. Sent,LatAm - South
Sales Emails - Q3 Ferdinand,Social Media Manager,End User,323.15,202006_Traffic,Social Media Manager,1. Sent,Europe - East
Sales Emails - Q3 Delphine,Social Media Manager,End User,230,202006_Traffic,Social Media Manager,1. Sent,Europe - UK & Ireland
Sales Emails - Q3 Delphine,Social Media Manager,End User,588.28,202006_Traffic,Social Media Manager,1. Sent,Asia - South
Sales Emails - Q3 Delphine,Social Media Manager,End User,1413.03,202006_Traffic,Social Media Manager,1. Sent,Europe - UK & Ireland
Sales Emails - Q4 Jolene,Social Media Strategist,End User,599.53,202006_Traffic,Social Media Manager,1. Sent,North America
Sales Emails - Q4 Jolene,Senior Social Media Specialist,End User,305.6,202006_Traffic,Social Media Manager,1. Sent,North America
Sales Emails - Q4 Jolene,Social Media Manager,End User,205,202006_Traffic,Social Media Manager,1. Sent,North America
Sales Emails - Q4 Jolene,Lead Blogger & Social Media Strategist,End User,253.8,202006_Traffic,Social Media Manager,1. Sent,North America
Sales Emails - Q4 Jolene,Producer,End User,205,202006_Traffic,Social Media Manager,1. Sent,North America
Sales Emails - Q4 Delphine,Social Media Manager,End User,196.6,202006_Traffic,Social Media Manager,1. Sent,Europe - Other
Sales Emails - Q4 Delphine,Social Media Manager,End User,119,202006_Traffic,Social Media Manager,1. Sent,Asia - Russia and CIS
Sales Emails - Q4 Delphine,Social Media Strategist,End User,504.02,202006_Traffic,Social Media Manager,1. Sent,Asia - South
Sales Emails - Q4 Delphine,SMM Manager,End User,119,202006_Traffic,Social Media Manager,1. Sent,Asia - Russia and CIS
Sales Emails - Q4 Emil,Social Media Manager,End User,632.3,202006_Traffic,Social Media Manager,1. Sent,Europe - Italy
Sales Emails - Q4 Cyrus,Responsable social media et projets digitaux,End User,0,202006_Traffic,Social Media Manager,1. Sent,Europe - France
Sales Emails - Q4 Cyrus,Social Media Manager,End User,3230.88,202006_Traffic,Social Media Manager,1. Sent,Europe - France
Sales Emails - Q4 Cyrus,Social Media Strategist,End User,472.08,202006_Traffic,Social Media Manager,1. Sent,North America
Sales Emails - Q4 Cyrus,Social Media Manager,End User,472.08,202006_Traffic,Social Media Manager,1. Sent,North America
Sales Emails - Q4 Cyrus,Social media & content manager,End User,200,202006_Traffic,Social Media Manager,1. Sent,Europe - France
Sales Emails - Q4 Cyrus,"Journaliste, Social Media Manager",End User,2558.27,202006_Traffic,Social Media Manager,1. Sent,Europe - France
Sales Emails - Q4 Cyrus,Sr. PR & Social Media Manager,End User,3222.56,202006_Traffic,Social Media Manager,1. Sent,North America
Sales Emails - Q4 Cyrus,Social Media Manager,End User,3270.74,202006_Traffic,Social Media Manager,1. Sent,Europe - France
Sales Emails - Q4 Cyrus,Site & Social Media Manager,End User,200,202006_Traffic,Social Media Manager,1. Sent,Europe - France
Sales Emails - Q4 Catherine,Social Media Channel Manager - Bayern3,End User,348.57,202006_Traffic,Social Media Manager,1. Sent,Europe - DACH
Sales Emails - Q4 Catherine,head of social media,End User,202.36,202006_Traffic,Social Media Manager,1. Sent,Europe - East
Sales Emails - Q4 Alexander,Social Media Manager,End User,123.8,202006_Traffic,Social Media Manager,1. Sent,LatAm - Central
Sales Emails - Q4 Alexander,Social Media Manager EU y LATAM,End User,712.66,202006_Traffic,Social Media Manager,1. Sent,Europe - Spain & Portugal
Sales Emails - Q4 Alexander,Social Media Liaison,End User,205,202006_Traffic,Social Media Manager,1. Sent,North America
Sales Emails - Q3 Cyrus,Social Media Manager - E4,End User,5595.9,202006_Traffic,Social Media Manager,1. Sent,Europe - UK & Ireland
Sales Emails - Q3 Cyrus,Web Writer//Social Media Coordinator,End User,205,202006_Traffic,Social Media Manager,1. Sent,North America
Sales Emails - Q4 Emil,Social Media Manager,End User,440.6,202006_Traffic,Social Media Manager,2. Negative,Asia - East
Sales Emails - Q4 Catherine,Social Media & Community Manager,End User,1408.05,202006_Traffic,Social Media Manager,2. Negative,Europe - DACH
Sales Emails - Q4 Catherine,Media Manager,End User,203.82,202006_Traffic,Social Media Manager,2. Negative,Africa
Sales Emails - Q4 Alexander,Editor-in-chief,Senior Editorial,485.45,202010_Subscriptions,Editor In Chief,3. Neutral,North America
Sales Emails - Q4 Cyrus,Social Media Manager,End User,752.11,202006_Traffic,Social Media Manager,4. Positive,Europe - France
Sales Emails - Q3 Jacob,Digital Manager,End User,412.01,202006_Traffic,Digital Manager,1. Sent,Europe - France
Sales Emails - Q3 Ferdinand,manager Online,End User,124.6,202006_Traffic,Digital Manager,1. Sent,Europe - East
Sales Emails - Q3 Ferdinand,Digital Manager,End User,283.74,202006_Traffic,Digital Manager,1. Sent,Europe - East
Sales Emails - Q3 Ferdinand,Digital Manager,End User,222.4,202006_Traffic,Digital Manager,1. Sent,MENA - Middle East
Sales Emails - Q4 Jolene,Digital Media Manager,End User,205,202006_Traffic,Digital Manager,1. Sent,North America
Sales Emails - Q4 Delphine,Digital Manager,End User,156,202006_Traffic,Digital Manager,1. Sent,Europe - Southeast
Sales Emails - Q4 Delphine,Digital Manager,End User,156,202006_Traffic,Digital Manager,1. Sent,Europe - Southeast
Sales Emails - Q4 Delphine,Media Manager,End User,316.52,202006_Traffic,Digital Manager,1. Sent,Europe - UK & Ireland
Sales Emails - Q4 Emil,Senior Digital Manager - Advertising Monetization,End User,0,202006_Traffic,Digital Manager,1. Sent,Asia - East
Sales Emails - Q4 Emil,Technical Support,End User,123.8,202006_Traffic,Digital Manager,1. Sent,LatAm - Central
Sales Emails - Q4 Emil,Digital Manager,End User,222.4,202006_Traffic,Digital Manager,1. Sent,MENA - Middle East
Sales Emails - Q4 Emil,Digital Manager,End User,646.06,202006_Traffic,Digital Manager,1. Sent,Asia - East
Sales Emails - Q4 Emil,Digital Manager,End User,0,202006_Traffic,Digital Manager,1. Sent,Europe - Italy
Sales Emails - Q4 Emil,Digital Manager,End User,164.4,202006_Traffic,Digital Manager,1. Sent,Asia - East
Sales Emails - Q4 Emil,Digital Content  Manager,End User,497.2,202006_Traffic,Digital Manager,1. Sent,Asia - Oceania
Sales Emails - Q4 Emil,Blogger,End User,343.01,202006_Traffic,Digital Manager,1. Sent,Asia - East
Sales Emails - Q4 Cyrus,Assistant Marketing Digital,End User,10000,202006_Traffic,Digital Manager,1. Sent,Europe - France
Sales Emails - Q4 Cyrus,Digital Manager,End User,200,202006_Traffic,Digital Manager,1. Sent,Europe - France
Sales Emails - Q4 Catherine,Digital Manager,End User,298.9,202006_Traffic,Digital Manager,1. Sent,Europe - East
Sales Emails - Q4 Catherine,Lead Online Editor,End User,236.45,202006_Traffic,Digital Manager,1. Sent,Africa
Sales Emails - Q4 Alexander,Jefe Integracion Digital,End User,123.8,202006_Traffic,Digital Manager,1. Sent,LatAm - Central
Sales Emails - Q3 Cyrus,"Agency Manager, Digital Advertising Executive",End User,263.2,202006_Traffic,Digital Manager,1. Sent,Europe - UK & Ireland
Sales Emails - Q4 Delphine,Leader Digital Agencies,End User,0,202006_Traffic,Digital Manager,3. Neutral,Asia - Russia and CIS
Sales Emails - Q4 Alexander,Digital Manager,End User,359.47,202006_Traffic,Digital Manager,3. Neutral,LatAm - Central
Sales Emails - Q4 Jolene,Community manager,End User,864.66,202006_Traffic,Community Manager,1. Sent,North America
Sales Emails - Q4 Jolene,Director Of Community Affairs & Public Service,End User,711.39,202006_Traffic,Community Manager,1. Sent,North America
Sales Emails - Q4 Emil,Community Manager,End User,519.01,202006_Traffic,Community Manager,1. Sent,Asia - Oceania
Sales Emails - Q4 Emil,Community Manager,End User,188,202006_Traffic,Community Manager,1. Sent,Europe - Italy
Sales Emails - Q4 Cyrus,Community Manager,End User,200,202006_Traffic,Community Manager,1. Sent,Europe - France
Sales Emails - Q4 Cyrus,Community Manager,End User,3458.33,202006_Traffic,Community Manager,1. Sent,Europe - France
Sales Emails - Q4 Cyrus,Redactrice chef Web Marie Claire Idées,End User,0,202006_Traffic,Community Manager,1. Sent,Europe - France
Sales Emails - Q4 Alexander,Community Manager,End User,892.05,202006_Traffic,Community Manager,1. Sent,LatAm - Central
Sales Emails - Q4 Cyrus,Community Manager,End User,4079.45,202006_Traffic,Community Manager,2. Negative,Europe - France
Sales Emails - Q4 Cyrus,Community Manager,End User,752.11,202006_Traffic,Community Manager,3. Neutral,Europe - France
Sales Emails - Q4 Jolene,Audience Development Manager - Circulation,End User,205,202006_Traffic,Audience Development Manager,1. Sent,North America
Sales Emails - Q4 Delphine,Audience and content manager,End User,230,202006_Traffic,Audience Development Manager,1. Sent,Europe - UK & Ireland
Sales Emails - Q4 Delphine,Audience build editor,End User,230,202006_Traffic,Audience Development Manager,1. Sent,Europe - UK & Ireland
Sales Emails - Q4 Emil,Audience and Engagement Editor,End User,241,202006_Traffic,Audience Development Manager,1. Sent,Asia - Oceania
Sales Emails - Q4 Jolene,SVP / Editor in Chief,Senior Editorial,205,202010_TimeSavings,Editor In Chief,3. Neutral,North America
Sales Emails - Q3 Ferdinand,Executive Director,Other,529.81,202006_Traffic,Other,1. Sent,Europe - Nordics
Sales Emails - Q3 Ferdinand,TBC,Other,124.6,202006_Traffic,Other,1. Sent,Europe - East
Sales Emails - Q3 Delphine,News Editor,Other,230,202006_Traffic,Other,1. Sent,Europe - UK & Ireland
Sales Emails - Q4 Jolene,Editor,Other,205,202006_Traffic,Other,1. Sent,North America
Sales Emails - Q4 Jolene,Strategic Marketing Director Island Records & Senior Director of Media Strategy,Other,498.97,202006_Traffic,Other,1. Sent,North America
Sales Emails - Q4 Jolene,"Manager, KCRW's Independent Producer Project",Other,205,202006_Traffic,Other,1. Sent,North America
Sales Emails - Q4 Jolene,"Director, Engagement",Other,205,202006_Traffic,Other,1. Sent,North America
Sales Emails - Q4 Jolene,TBC,Other,205,202006_Traffic,Other,1. Sent,North America
Sales Emails - Q4 Jolene,Deputy editor,Other,449.69,202006_Traffic,Other,1. Sent,North America
Sales Emails - Q4 Jolene,Editor,Other,205,202006_Traffic,Other,1. Sent,North America
Sales Emails - Q4 Jolene,TBC,Other,205.11,202006_Traffic,Other,1. Sent,North America
Sales Emails - Q4 Jolene,Director of Operations,Other,313.87,202006_Traffic,Other,1. Sent,North America
Sales Emails - Q4 Jolene,Revenue and Product at Brainjolt,Other,0,202006_Traffic,Other,1. Sent,North America
Sales Emails - Q4 Jolene,Marketing Automation Strategy Manager,Other,0,202006_Traffic,Other,1. Sent,North America
Sales Emails - Q4 Jolene,COO,Other,217.76,202006_Traffic,Other,1. Sent,North America
Sales Emails - Q4 Jolene,Administrative Director,Other,205,202006_Traffic,Other,1. Sent,North America
Sales Emails - Q4 Jolene,Creative Production Manager,Other,344.25,202006_Traffic,Other,1. Sent,North America
Sales Emails - Q4 Jolene,Assistant News Director,Other,897.4,202006_Traffic,Other,1. Sent,North America
Sales Emails - Q4 Jolene,Senior Editor,Other,356.89,202006_Traffic,Other,1. Sent,North America
Sales Emails - Q4 Delphine,Senior Writer,Other,639.2,202006_Traffic,Other,1. Sent,Europe - UK & Ireland
Sales Emails - Q4 Emil,Deputy Director,Other,164.4,202006_Traffic,Other,1. Sent,Asia - East
Sales Emails - Q4 Emil,Manager,Other,0,202006_Traffic,Other,1. Sent,Asia - East
Sales Emails - Q4 Emil,Digital Innovation Director,Other,164.4,202006_Traffic,Other,1. Sent,Asia - East
Sales Emails - Q4 Emil,TBC,Other,241,202006_Traffic,Other,1. Sent,Asia - Oceania
Sales Emails - Q4 Emil,Social media,Other,204.09,202006_Traffic,Other,1. Sent,Europe - Italy
Sales Emails - Q4 Emil,Direttore,Other,188,202006_Traffic,Other,1. Sent,Europe - Italy
Sales Emails - Q4 Cyrus,CM,Other,200,202006_Traffic,Other,1. Sent,Europe - France
Sales Emails - Q4 Cyrus,Digital Media and Social Media Specialist,Other,421.28,202006_Traffic,Other,1. Sent,North America
Sales Emails - Q4 Cyrus,CM,Other,486.66,202006_Traffic,Other,1. Sent,Europe - France
Sales Emails - Q4 Cyrus,Digital Coordinator,Other,226.85,202006_Traffic,Other,1. Sent,Europe - Benelux
Sales Emails - Q4 Cyrus,TBC,Other,0,202006_Traffic,Other,1. Sent,Europe - France
Sales Emails - Q4 Cyrus,TBC,Other,1498.53,202006_Traffic,Other,1. Sent,Europe - France
Sales Emails - Q4 Cyrus,TBC,Other,205,202006_Traffic,Other,1. Sent,North America
Sales Emails - Q4 Cyrus,Journaliste responsable d'édition web,Other,200,202006_Traffic,Other,1. Sent,Europe - France
Sales Emails - Q4 Cyrus,Digital Marketing,Other,1965.2,202006_Traffic,Other,1. Sent,LatAm - Brazil
Sales Emails - Q4 Cyrus,Digital Coordinator,Other,1965.2,202006_Traffic,Other,1. Sent,LatAm - Brazil
Sales Emails - Q4 Catherine,Chief Product Officer,Other,278,202006_Traffic,Other,1. Sent,Europe - DACH
Sales Emails - Q4 Catherine,Chef 2,Other,2416.55,202006_Traffic,Other,1. Sent,Europe - DACH
Sales Emails - Q4 Catherine,Social Media,Other,278,202006_Traffic,Other,1. Sent,Europe - DACH
Sales Emails - Q4 Catherine,TBC,Other,278,202006_Traffic,Other,1. Sent,Europe - DACH
Sales Emails - Q4 Catherine,Redaktion Business Insider Deutschland,Other,413.7,202006_Traffic,Other,1. Sent,Europe - DACH
Sales Emails - Q4 Catherine,Social Media,Other,351.36,202006_Traffic,Other,1. Sent,Europe - DACH
Sales Emails - Q4 Catherine,TBC,Other,238,202006_Traffic,Other,1. Sent,Europe - Nordics
Sales Emails - Q4 Catherine,Editor,Other,238,202006_Traffic,Other,1. Sent,Europe - Nordics
Sales Emails - Q4 Catherine,Editor,Other,238,202006_Traffic,Other,1. Sent,Europe - Nordics
Sales Emails - Q4 Catherine,Editor,Other,0,202006_Traffic,Other,1. Sent,Europe - DACH
Sales Emails - Q4 Catherine,Verlagsleiter,Other,278,202006_Traffic,Other,1. Sent,Europe - DACH
Sales Emails - Q4 Catherine,"Verlagsleiter: Verlagsbereiche Wissen, Augenoptik, Vertrieb",Other,278,202006_Traffic,Other,1. Sent,Europe - DACH
Sales Emails - Q4 Catherine,Editor,Other,238,202006_Traffic,Other,1. Sent,Europe - Nordics
Sales Emails - Q4 Catherine,News Editor,Other,238,202006_Traffic,Other,1. Sent,Europe - Nordics
Sales Emails - Q4 Catherine,Press,Other,124.6,202006_Traffic,Other,1. Sent,Europe - East
Sales Emails - Q4 Catherine,Editorial Team,Other,80,202006_Traffic,Other,1. Sent,Africa
Sales Emails - Q4 Catherine,TBC,Other,124.6,202006_Traffic,Other,1. Sent,Europe - East
Sales Emails - Q4 Catherine,TBC,Other,278,202006_Traffic,Other,1. Sent,Europe - DACH
Sales Emails - Q4 Catherine,TBC,Other,278,202006_Traffic,Other,1. Sent,Europe - DACH
Sales Emails - Q4 Catherine,Marketing,Other,1080.6,202006_Traffic,Other,1. Sent,Europe - DACH
Sales Emails - Q4 Catherine,Editor,Other,238,202006_Traffic,Other,1. Sent,Europe - Nordics
Sales Emails - Q4 Catherine,HOD Marketing,Other,693.23,202006_Traffic,Other,1. Sent,Africa
Sales Emails - Q4 Catherine,New Media,Other,483.49,202006_Traffic,Other,1. Sent,Europe - DACH
Sales Emails - Q4 Alexander,TBC,Other,123.8,202006_Traffic,Other,1. Sent,LatAm - Central
Sales Emails - Q4 Alexander,Social Networks,Other,1312.02,202006_Traffic,Other,1. Sent,LatAm - Central
Sales Emails - Q4 Alexander,Asesor Educativo,Other,123.8,202006_Traffic,Other,1. Sent,LatAm - Central
Sales Emails - Q4 Alexander,Gerente de Innovación,Other,322.1,202006_Traffic,Other,1. Sent,LatAm - Central
Sales Emails - Q4 Alexander,Editora de Audiencias Digitales,Other,123.8,202006_Traffic,Other,1. Sent,LatAm - Central
Sales Emails - Q4 Alexander,TBC,Other,0,202006_Traffic,Other,1. Sent,Europe - Spain & Portugal
Sales Emails - Q4 Alexander,Jefe de  Sección,Other,123.8,202006_Traffic,Other,1. Sent,LatAm - South
Sales Emails - Q4 Alexander,Editor,Other,243.72,202006_Traffic,Other,1. Sent,LatAm - South
Sales Emails - Q4 Alexander,TBC,Other,347.09,202006_Traffic,Other,1. Sent,Europe - Spain & Portugal
Sales Emails - Q4 Alexander,Editor,Other,123.8,202006_Traffic,Other,1. Sent,LatAm - Central
Sales Emails - Q4 Alexander,Office,Other,205,202006_Traffic,Other,1. Sent,North America
Sales Emails - Q4 Alexander,Gerente Tecnico,Other,359.47,202006_Traffic,Other,1. Sent,LatAm - Central
Sales Emails - Q4 Alexander,Contributing Editor,Other,3189.31,202006_Traffic,Other,1. Sent,North America
Sales Emails - Q4 Alexander,Editorial Director,Other,2567.31,202006_Traffic,Other,1. Sent,LatAm - Central
Sales Emails - Q3 Cyrus,"Associate Producer, Digital News",Other,205,202006_Traffic,Other,1. Sent,North America
Sales Emails - Q3 Cyrus,Digital Producer,Other,9740.77,202006_Traffic,Other,1. Sent,Europe - UK & Ireland
Sales Emails - Q3 Cyrus,Head of Innovation and Technology,Other,0,202006_Traffic,Other,1. Sent,Europe - UK & Ireland
Sales Emails - Q3 Cyrus,CIO,Other,235.64,202006_Traffic,Other,1. Sent,LatAm - Brazil
Sales Emails - Q4 Jolene,Senior Writer,Other,449.26,202006_Traffic,Other,2. Negative,North America
Sales Emails - Q4 Delphine,N/A,Other,119,202006_Traffic,Other,2. Negative,Asia - Russia and CIS
Sales Emails - Q4 Cyrus,"Responsable création, production, distribution des programmes web",Other,1918.83,202006_Traffic,Other,2. Negative,Europe - France
Sales Emails - Q4 Cyrus,Editor,Other,205,202006_Traffic,Other,2. Negative,North America
Sales Emails - Q4 Cyrus,Generic,Other,632.98,202006_Traffic,Other,2. Negative,LatAm - Brazil
Sales Emails - Q3 Delphine,Audience & Content Editor,Other,230,202006_Traffic,Other,3. Neutral,Europe - UK & Ireland
Sales Emails - Q4 Cyrus,Responsable des éditeurs,Other,3270.74,202006_Traffic,Other,3. Neutral,Europe - France
Sales Emails - Q4 Jolene,"Editor, VP of Content",Senior Editorial,883.98,202010_TimeSavings,Editor In Chief,3. Neutral,North America
Sales Emails - Q4 Catherine,TBC,Other,0,202006_Traffic,Other,3. Neutral,Africa
Sales Emails - Q4 Delphine,COO,Other,1150,202006_Traffic,Other,4. Positive,Europe - UK & Ireland
Sales Emails - Q4 Catherine,Verlagsleiter Privatkunden,Other,278,202006_Traffic,Other,4. Positive,Europe - DACH
Sales Emails - Q4 Jolene,Founder & CEO,Senior Management,205,202008_Chartbeat,CEO,1. Sent,North America
Sales Emails - Q4 Jolene,Owner,Senior Management,850.51,202008_Chartbeat,CEO,1. Sent,North America
Sales Emails - Q4 Delphine,Publisher,Senior Management,1166.86,202008_Chartbeat,CEO,1. Sent,Asia - South
Sales Emails - Q4 Delphine,Publisher,Senior Management,0,202008_Chartbeat,CEO,1. Sent,Asia - Russia and CIS
Sales Emails - Q4 Catherine,CEO,Senior Management,238,202008_Chartbeat,CEO,3. Neutral,Europe - Nordics
Sales Emails - Q4 Jolene,General Manager,Senior Management,205,202008_Chartbeat,Managing Director,1. Sent,North America
Sales Emails - Q4 Cyrus,Director of Development,Senior Management,1134.61,202008_Chartbeat,Managing Director,1. Sent,Europe - France
Sales Emails - Q4 Jolene,Vice President & General Manager,Senior Management,205,202008_Chartbeat,Managing Director,2. Negative,North America
Sales Emails - Q4 Jolene,Editor-in-Chief,Senior Editorial,404.52,202008_Chartbeat,Editor In Chief,1. Sent,North America
Sales Emails - Q4 Emil,Editor in Chief,Senior Editorial,445.63,202008_Chartbeat,Editor In Chief,1. Sent,Asia - East
Sales Emails - Q4 Catherine,Chefredakteur,Senior Editorial,278,202008_Chartbeat,Editor In Chief,1. Sent,Europe - DACH
Sales Emails - Q4 Catherine,Editor-in-chief and publisher,Senior Editorial,278,202008_Chartbeat,Editor In Chief,1. Sent,Europe - DACH
Sales Emails - Q4 Alexander,Editor in Chief,Senior Editorial,160.73,202008_Chartbeat,Editor In Chief,1. Sent,LatAm - Central
Sales Emails - Q4 Jolene,Managing Editor,Senior Editorial,1020.82,202008_Chartbeat,Managing Editor,1. Sent,North America
Sales Emails - Q4 Delphine,Managing Editor,Senior Editorial,1222.56,202008_Chartbeat,Managing Editor,1. Sent,Asia - South
Sales Emails - Q4 Delphine,Managing Editor,Senior Editorial,473.55,202008_Chartbeat,Managing Editor,1. Sent,Asia - South
Sales Emails - Q4 Emil,Deputy Executive Operating Officer / Deputy Managing Editor in charge of Digital Editorial Division,Senior Editorial,517.91,202008_Chartbeat,Managing Editor,1. Sent,Asia - East
Sales Emails - Q4 Alexander,Managing Editor,Senior Editorial,123.8,202008_Chartbeat,Managing Editor,1. Sent,LatAm - Central
Sales Emails - Q4 Alexander,Managing Editor,Senior Editorial,611.83,202008_Chartbeat,Managing Editor,1. Sent,North America
Sales Emails - Q4 Jolene,VP and EiC,Senior Editorial,205,202010_TimeSavings,Editor In Chief,3. Neutral,North America
Sales Emails - Q4 Jolene,Senior Digital Editor,Senior Editorial,205,202008_Chartbeat,Digital Editor,1. Sent,North America
Sales Emails - Q4 Jolene,Digital Editor,Senior Editorial,509.59,202008_Chartbeat,Digital Editor,1. Sent,North America
Sales Emails - Q4 Delphine,Digital Editor,Senior Editorial,789.88,202008_Chartbeat,Digital Editor,1. Sent,Asia - South
Sales Emails - Q4 Catherine,Online-Redaktor /  Social Media Manager,Senior Editorial,278,202008_Chartbeat,Digital Editor,1. Sent,Europe - DACH
Sales Emails - Q4 Catherine,Digital Editor,Senior Editorial,0,202008_Chartbeat,Digital Editor,1. Sent,Europe - Nordics
Sales Emails - Q4 Jolene,Digital Director,Senior Specialist,377.81,202008_Chartbeat,Digital Director,1. Sent,North America
Sales Emails - Q4 Alexander,Digital Director,Senior Specialist,205,202008_Chartbeat,Digital Director,1. Sent,North America
Sales Emails - Q4 Jolene,Director of Editorial Operations,Senior Specialist,3075,202008_Chartbeat,Digital Director,2. Negative,North America
Sales Emails - Q4 Catherine,Head of Digital,Senior Specialist,0,202008_Chartbeat,Digital Director,2. Negative,Europe - Nordics
Sales Emails - Q4 Jolene,Digital Content Director,Senior Specialist,800.53,202008_Chartbeat,Content Director,1. Sent,North America
Sales Emails - Q4 Catherine,Content Manager,Senior Specialist,1153.81,202008_Chartbeat,Content Director,2. Negative,Europe - DACH
Sales Emails - Q4 Delphine,Marketing Director,Senior Specialist,119,202008_Chartbeat,Marketing Director,1. Sent,Asia - Russia and CIS
Sales Emails - Q4 Delphine,Audience Editor,Senior Specialist,230,202008_Chartbeat,Audience Development Director,1. Sent,Europe - UK & Ireland
Sales Emails - Q4 Jolene,Social Media producer,End User,205,202008_Chartbeat,Social Media Editor,1. Sent,North America
Sales Emails - Q4 Jolene,General Manager,End User,627.31,202008_Chartbeat,Community Manager,1. Sent,North America
Sales Emails - Q4 Jolene,Deputy Editor,Other,205,202008_Chartbeat,Other,1. Sent,North America
Sales Emails - Q4 Jolene,TBC,Other,205,202008_Chartbeat,Other,1. Sent,North America
Sales Emails - Q4 Jolene,Executive Editor,Other,992.2,202008_Chartbeat,Other,1. Sent,North America
Sales Emails - Q4 Emil,Sales Director - Audience,Other,0,202008_Chartbeat,Other,1. Sent,Asia - Oceania
Sales Emails - Q4 Emil,Could not be found,,3098.3,202008_Contact,,1. Sent,Asia - East
Sales Emails - Q4 Emil,Other - audience complaints email,,222.4,202008_Contact,,1. Sent,MENA - Middle East
Sales Emails - Q4 Cyrus,Middle East Marketing Manager,,2928.72,202008_Contact,,1. Sent,Europe - France
Sales Emails - Q4 Cyrus,Could not be found,,1498.53,202008_Contact,,1. Sent,Europe - France
Sales Emails - Q4 Cyrus,Could not be found,,432.4,202008_Contact,,1. Sent,Europe - France
Sales Emails - Q4 Catherine,Editor,Other,429.71,202008_Contact,Other,3. Neutral,Africa
Sales Emails - Q4 Catherine,TBC,Other,80,202008_Contact,Other,4. Positive,Africa
Sales Emails - Q3 Jacob,Co-founder,Senior Management,396.9,202008_Contact,CEO,1. Sent,North America
Sales Emails - Q3 Jacob,President,Senior Management,6941.2,202008_Contact,CEO,1. Sent,North America
Sales Emails - Q4 Jolene,CEO,Senior Management,1227.28,202008_Contact,CEO,1. Sent,North America
Sales Emails - Q4 Delphine,CEO,Senior Management,5000,202008_Contact,CEO,1. Sent,Asia - South
Sales Emails - Q4 Delphine,CEO,Senior Management,3432.3,202008_Contact,CEO,1. Sent,Asia - South
Sales Emails - Q4 Delphine,Director General,Senior Management,267.37,202008_Contact,CEO,1. Sent,MENA - North Africa
Sales Emails - Q4 Delphine,General Manager,Senior Management,156,202008_Contact,CEO,1. Sent,Europe - Southeast
Sales Emails - Q4 Delphine,Managing Director,Senior Management,230,202008_Contact,CEO,1. Sent,Europe - UK & Ireland
Sales Emails - Q4 Delphine,"Founder, Ceo",Senior Management,230,202008_Contact,CEO,1. Sent,Europe - UK & Ireland
Sales Emails - Q4 Delphine,Founder & Ceo,Senior Management,1704.93,202008_Contact,CEO,1. Sent,Asia - South
Sales Emails - Q4 Delphine,CEO,Senior Management,123.4,202008_Contact,CEO,1. Sent,MENA - North Africa
Sales Emails - Q4 Delphine,Founder and CEO,Senior Management,1741.96,202008_Contact,CEO,1. Sent,Asia - South
Sales Emails - Q4 Emil,CEO,Senior Management,222.4,202008_Contact,CEO,1. Sent,MENA - Middle East
Sales Emails - Q4 Emil,Ceo,Senior Management,2490.35,202008_Contact,CEO,1. Sent,Asia - Oceania
Sales Emails - Q4 Emil,Managing Director,Senior Management,1052.05,202008_Contact,CEO,1. Sent,MENA - Middle East
Sales Emails - Q4 Cyrus,Directeur Général,Senior Management,284.83,202008_Contact,CEO,1. Sent,Europe - France
Sales Emails - Q4 Cyrus,CEO,Senior Management,514.33,202008_Contact,CEO,1. Sent,Europe - France
Sales Emails - Q4 Cyrus,Founder,Senior Management,2912.71,202008_Contact,CEO,1. Sent,Europe - France
Sales Emails - Q4 Cyrus,Founder,Senior Management,123.8,202008_Contact,CEO,1. Sent,LatAm - Brazil
Sales Emails - Q4 Cyrus,CEO,Senior Management,220.99,202008_Contact,CEO,1. Sent,LatAm - Brazil
Sales Emails - Q4 Cyrus,CEO,Senior Management,123.8,202008_Contact,CEO,1. Sent,LatAm - Brazil
Sales Emails - Q4 Cyrus,CEO,Senior Management,204.99,202008_Contact,CEO,1. Sent,LatAm - Brazil
Sales Emails - Q4 Cyrus,CEO,Senior Management,419.56,202008_Contact,CEO,1. Sent,LatAm - Brazil
Sales Emails - Q4 Cyrus,Fondateur et directeur des publications,Senior Management,200,202008_Contact,CEO,1. Sent,Europe - France
Sales Emails - Q4 Cyrus,Founder,Senior Management,200,202008_Contact,CEO,1. Sent,Europe - France
Sales Emails - Q4 Cyrus,COO & Cofundador,Senior Management,628.93,202008_Contact,CEO,1. Sent,LatAm - Brazil
Sales Emails - Q4 Cyrus,Co Founder,Senior Management,464.33,202008_Contact,CEO,1. Sent,Europe - France
Sales Emails - Q4 Cyrus,Co Founder,Senior Management,464.33,202008_Contact,CEO,1. Sent,Europe - France
Sales Emails - Q4 Cyrus,CEO,Senior Management,123.8,202008_Contact,CEO,1. Sent,LatAm - Brazil
Sales Emails - Q4 Cyrus,CEO,Senior Management,123.8,202008_Contact,CEO,1. Sent,LatAm - Brazil
Sales Emails - Q4 Cyrus,Owner,Senior Management,826.04,202008_Contact,CEO,1. Sent,LatAm - Brazil
Sales Emails - Q4 Cyrus,CEO,Senior Management,4632.96,202008_Contact,CEO,1. Sent,LatAm - Brazil
Sales Emails - Q4 Cyrus,Fondateur,Senior Management,200,202008_Contact,CEO,1. Sent,Europe - France
Sales Emails - Q4 Cyrus,Founder,Senior Management,200,202008_Contact,CEO,1. Sent,Europe - France
Sales Emails - Q4 Cyrus,Ceo,Senior Management,123.8,202008_Contact,CEO,1. Sent,LatAm - Brazil
Sales Emails - Q4 Cyrus,Ceo,Senior Management,123.8,202008_Contact,CEO,1. Sent,LatAm - Brazil
Sales Emails - Q4 Cyrus,Ceo,Senior Management,123.8,202008_Contact,CEO,1. Sent,LatAm - Brazil
Sales Emails - Q4 Cyrus,General Director,Senior Management,575.98,202008_Contact,CEO,1. Sent,LatAm - Brazil
Sales Emails - Q4 Cyrus,Owner,Senior Management,552.57,202008_Contact,CEO,1. Sent,LatAm - Brazil
Sales Emails - Q4 Cyrus,Ceo,Senior Management,1866.94,202008_Contact,CEO,1. Sent,LatAm - Brazil
Sales Emails - Q4 Cyrus,"Professeur de cuisine, chef et consultant culinaire, co-founder",Senior Management,3789.61,202008_Contact,CEO,1. Sent,Europe - France
Sales Emails - Q4 Cyrus,CEO,Senior Management,637.1,202008_Contact,CEO,1. Sent,LatAm - Brazil
Sales Emails - Q4 Cyrus,founder and CEO,Senior Management,2406.66,202008_Contact,CEO,1. Sent,Europe - France
Sales Emails - Q4 Cyrus,Co-Founder,Senior Management,514.33,202008_Contact,CEO,1. Sent,Europe - France
Sales Emails - Q4 Catherine,CEO,Senior Management,124.49,202008_Contact,CEO,1. Sent,Africa
Sales Emails - Q3 Cyrus,CEO,Senior Management,2029.44,202008_Contact,CEO,1. Sent,LatAm - Brazil
Sales Emails - Q3 Cyrus,CEO,Senior Management,638.79,202008_Contact,CEO,1. Sent,LatAm - Brazil
Sales Emails - Q3 Cyrus,Editora adjunta,Senior Management,3528.95,202008_Contact,CEO,1. Sent,LatAm - Brazil
Sales Emails - Q3 Cyrus,CEO,Senior Management,920.91,202008_Contact,CEO,1. Sent,LatAm - Brazil
Sales Emails - Q3 Cyrus,Founder,Senior Management,2257.67,202008_Contact,CEO,1. Sent,LatAm - Brazil
Sales Emails - Q3 Cyrus,President,Senior Management,123.8,202008_Contact,CEO,1. Sent,LatAm - Brazil
Sales Emails - Q4 Cyrus,CEO,Senior Management,123.8,202008_Contact,CEO,2. Negative,LatAm - Brazil
Sales Emails - Q4 Cyrus,Owner,Senior Management,828.63,202008_Contact,CEO,2. Negative,LatAm - Brazil
Sales Emails - Q4 Cyrus,Co-Founder,Senior Management,194.58,202008_Contact,CEO,2. Negative,LatAm - Brazil
Sales Emails - Q4 Emil,Editor,Senior Editorial,241,202008_Contact,Managing Editor,3. Neutral,Asia - Oceania
Sales Emails - Q4 Delphine,Could not be found,,854.47,202008_Contact,,4. Positive,Asia - Russia and CIS
Sales Emails - Q4 Delphine,CEO,Senior Management,119,202008_Contact,CEO,4. Positive,Asia - Russia and CIS
Sales Emails - Q4 Delphine,Marketing Manager,Senior Specialist,119,202008_Contact,Marketing Director,3. Neutral,Asia - Russia and CIS
Sales Emails - Q4 Delphine,Unknown,,3960.43,202008_Contact,,4. Positive,Asia - South
Sales Emails - Q4 Delphine,Co-Founder,Senior Management,5000,202008_Contact,CEO,4. Positive,Asia - South
Sales Emails - Q4 Delphine,Ceo,Senior Management,823.39,202008_Contact,CEO,4. Positive,Asia - South
Sales Emails - Q4 Delphine,CTO,Senior Management,3960.43,202008_Contact,Chief Technology Officer,3. Neutral,Asia - South
Sales Emails - Q4 Delphine,CTO,Senior Management,3579.57,202008_Contact,Chief Technology Officer,3. Neutral,Asia - South
Sales Emails - Q4 Delphine,Chief Technology Officer,Senior Management,886.5,202008_Contact,Chief Technology Officer,3. Neutral,Asia - South
Sales Emails - Q4 Delphine,Chief Marketing Officer,Senior Management,470.32,202008_Contact,Chief Marketing Officer,4. Positive,Asia - South
Sales Emails - Q4 Delphine,Editor New Media,Senior Editorial,3579.57,202008_Contact,Digital Editor,4. Positive,Asia - South
Sales Emails - Q4 Delphine,It Manager,Senior Management,0,202008_Contact,Chief Technology Officer,1. Sent,Asia - South
Sales Emails - Q4 Delphine,Technical Director,Senior Management,592.62,202008_Contact,Chief Technology Officer,1. Sent,Asia - Russia and CIS
Sales Emails - Q4 Catherine,Technical Directo,Senior Management,638,202008_Contact,Chief Technology Officer,1. Sent,Europe - East
Sales Emails - Q3 Cyrus,CTO,Senior Management,3709.86,202008_Contact,Chief Technology Officer,1. Sent,LatAm - Brazil
Sales Emails - Q4 Delphine,Head Of Strategy,Senior Specialist,380.59,202008_Contact,VP Strategy,3. Neutral,Asia - South
Sales Emails - Q4 Catherine,Marketing Manager,Senior Specialist,373.46,202008_Contact,Marketing Director,3. Neutral,Europe - East
Sales Emails - Q4 Catherine,Marketing Manager,Senior Specialist,672.06,202008_Contact,Marketing Director,3. Neutral,Europe - East
Sales Emails - Q4 Jolene,"Vp, Brand Marketing",Senior Management,2771.89,202008_Contact,Chief Marketing Officer,1. Sent,North America
Sales Emails - Q4 Jolene,"Senior Vice President, Chief Marketing Officer",Senior Management,409.55,202008_Contact,Chief Marketing Officer,1. Sent,North America
Sales Emails - Q4 Delphine,Global Publishing & Executive Commercial Directo,Senior Management,1290.7,202008_Contact,Chief Marketing Officer,1. Sent,Europe - UK & Ireland
Sales Emails - Q4 Catherine,TBC,Other,363.31,202008_Contact,Other,3. Neutral,Europe - East
Sales Emails - Q4 Jolene,Executive Director,Senior Management,7190.94,202008_Contact,Managing Director,1. Sent,North America
Sales Emails - Q4 Jolene,News Director,Senior Management,205,202008_Contact,Managing Director,1. Sent,North America
Sales Emails - Q4 Delphine,Managing Director,Senior Management,577.08,202008_Contact,Managing Director,1. Sent,Asia - South
Sales Emails - Q4 Delphine,Managing Director,Senior Management,4974.46,202008_Contact,Managing Director,1. Sent,Asia - South
Sales Emails - Q4 Delphine,General Manager,Senior Management,2457.92,202008_Contact,Managing Director,1. Sent,MENA - North Africa
Sales Emails - Q4 Delphine,General manager,Senior Management,156,202008_Contact,Managing Director,1. Sent,Europe - Southeast
Sales Emails - Q4 Emil,General Manager,Senior Management,713.75,202008_Contact,Managing Director,1. Sent,Asia - East
Sales Emails - Q4 Emil,Director,Senior Management,188,202008_Contact,Managing Director,1. Sent,Europe - Italy
Sales Emails - Q4 Cyrus,Managing Director,Senior Management,200,202008_Contact,Managing Director,1. Sent,Europe - France
Sales Emails - Q4 Cyrus,Managing Director,Senior Management,200,202008_Contact,Managing Director,1. Sent,Europe - France
Sales Emails - Q4 Cyrus,Managing Director,Senior Management,123.8,202008_Contact,Managing Director,1. Sent,LatAm - Brazil
Sales Emails - Q4 Cyrus,Director,Senior Management,123.8,202008_Contact,Managing Director,1. Sent,LatAm - Brazil
Sales Emails - Q4 Cyrus,Publications Director,Senior Management,200,202008_Contact,Managing Director,1. Sent,Europe - France
Sales Emails - Q4 Cyrus,Diretor Executivo,Senior Management,6190,202008_Contact,Managing Director,1. Sent,LatAm - Brazil
Sales Emails - Q4 Cyrus,Sócio-Diretor,Senior Management,596.17,202008_Contact,Managing Director,1. Sent,LatAm - Brazil
Sales Emails - Q4 Cyrus,Directrice des Partenariats,Senior Management,977.68,202008_Contact,Managing Director,1. Sent,Europe - France
Sales Emails - Q4 Catherine,Managing Director,Senior Management,336.64,202008_Contact,Managing Director,1. Sent,Africa
Sales Emails - Q4 Catherine,director/direktor prodaje (Sales),Senior Management,596.31,202008_Contact,Managing Director,1. Sent,Europe - East
Sales Emails - Q4 Catherine,Director,Senior Management,363.31,202008_Contact,Managing Director,1. Sent,Europe - East
Sales Emails - Q3 Cyrus,Director Executivo,Senior Management,1186.56,202008_Contact,Managing Director,1. Sent,Europe - Spain & Portugal
Sales Emails - Q4 Catherine,TBC,Other,672.06,202008_Contact,Other,4. Positive,Europe - East
Sales Emails - Q4 Cyrus,CEO,Senior Management,1182.8,202008_Contact,CEO,4. Positive,Europe - France
Sales Emails - Q4 Delphine,Chief Digital Commercial Officer,Senior Management,0,202008_Contact,Chief Digital Officer,1. Sent,Europe - Southeast
Sales Emails - Q4 Delphine,Chief Digital Strategist & Editor,Senior Management,2398.9,202008_Contact,Chief Digital Officer,1. Sent,Asia - South
Sales Emails - Q4 Jolene,Editor-In-Chief,Senior Editorial,445.06,202008_Contact,Editor In Chief,1. Sent,North America
Sales Emails - Q4 Jolene,Senior Editor,Senior Editorial,1583.49,202008_Contact,Editor In Chief,1. Sent,North America
Sales Emails - Q4 Delphine,Editor In Chief,Senior Editorial,2485.85,202008_Contact,Editor In Chief,1. Sent,Asia - Russia and CIS
Sales Emails - Q4 Delphine,Chief Editor,Senior Editorial,119,202008_Contact,Editor In Chief,1. Sent,Asia - Russia and CIS
Sales Emails - Q4 Delphine,Editor in Chief,Senior Editorial,230,202008_Contact,Editor In Chief,1. Sent,Europe - UK & Ireland
Sales Emails - Q4 Delphine,Editor In Chief,Senior Editorial,657.69,202008_Contact,Editor In Chief,1. Sent,Asia - South
Sales Emails - Q4 Delphine,Editor-in-Chief,Senior Editorial,100,202008_Contact,Editor In Chief,1. Sent,Asia - South
Sales Emails - Q4 Delphine,Chief Editor,Senior Editorial,230,202008_Contact,Editor In Chief,1. Sent,Europe - UK & Ireland
Sales Emails - Q4 Delphine,Editor In Chief,Senior Editorial,401.03,202008_Contact,Editor In Chief,1. Sent,Asia - South
Sales Emails - Q4 Delphine,Deputy Editor In Chief,Senior Editorial,2432.34,202008_Contact,Editor In Chief,1. Sent,Asia - South
Sales Emails - Q4 Delphine,Editor In Chief,Senior Editorial,324.96,202008_Contact,Editor In Chief,1. Sent,Asia - South
Sales Emails - Q4 Delphine,Editor-In-Chief,Senior Editorial,119,202008_Contact,Editor In Chief,1. Sent,Asia - Russia and CIS
Sales Emails - Q4 Delphine,Rédacteur en chef,Senior Editorial,538.31,202008_Contact,Editor In Chief,1. Sent,MENA - North Africa
Sales Emails - Q4 Delphine,Editor In Chief,Senior Editorial,491.19,202008_Contact,Editor In Chief,1. Sent,MENA - North Africa
Sales Emails - Q4 Delphine,Chief Editor,Senior Editorial,156,202008_Contact,Editor In Chief,1. Sent,Europe - Southeast
Sales Emails - Q4 Delphine,Editor in Chief,Senior Editorial,156,202008_Contact,Editor In Chief,1. Sent,Europe - Southeast
Sales Emails - Q4 Delphine,Content Manager/Editor-in-Chief,Senior Editorial,0,202008_Contact,Editor In Chief,1. Sent,Europe - Southeast
Sales Emails - Q4 Emil,Editor-in-Chief,Senior Editorial,0,202008_Contact,Editor In Chief,1. Sent,Asia - Oceania
Sales Emails - Q4 Emil,Editor In Chief,Senior Editorial,222.4,202008_Contact,Editor In Chief,1. Sent,MENA - Middle East
Sales Emails - Q4 Emil,Editor in chief,Senior Editorial,188,202008_Contact,Editor In Chief,1. Sent,Europe - Italy
Sales Emails - Q4 Emil,Editor In Chief,Senior Editorial,1138.94,202008_Contact,Editor In Chief,1. Sent,MENA - Middle East
Sales Emails - Q4 Cyrus,Editor in Chief,Senior Editorial,200,202008_Contact,Editor In Chief,1. Sent,Europe - France
Sales Emails - Q4 Cyrus,Editor in Chief,Senior Editorial,221.54,202008_Contact,Editor In Chief,1. Sent,Europe - France
Sales Emails - Q4 Cyrus,Editor in Chief,Senior Editorial,162.68,202008_Contact,Editor In Chief,1. Sent,LatAm - Brazil
Sales Emails - Q4 Cyrus,Editor in Chief,Senior Editorial,129.37,202008_Contact,Editor In Chief,1. Sent,LatAm - Brazil
Sales Emails - Q4 Cyrus,Rédacteur en chef,Senior Editorial,200,202008_Contact,Editor In Chief,1. Sent,Europe - France
Sales Emails - Q4 Cyrus,Editor-Chefe,Senior Editorial,548.58,202008_Contact,Editor In Chief,1. Sent,LatAm - Brazil
Sales Emails - Q4 Cyrus,Editor In Chief,Senior Editorial,272.88,202008_Contact,Editor In Chief,1. Sent,LatAm - Brazil
Sales Emails - Q4 Cyrus,Editor-Chefe,Senior Editorial,235.64,202008_Contact,Editor In Chief,1. Sent,LatAm - Brazil
Sales Emails - Q4 Cyrus,Rédactrice en Chef,Senior Editorial,200,202008_Contact,Editor In Chief,1. Sent,Europe - France
Sales Emails - Q4 Cyrus,Editor In Chief,Senior Editorial,123.8,202008_Contact,Editor In Chief,1. Sent,LatAm - Brazil
Sales Emails - Q4 Cyrus,Editor In Chief,Senior Editorial,123.8,202008_Contact,Editor In Chief,1. Sent,LatAm - Brazil
Sales Emails - Q4 Cyrus,Editor In Chief,Senior Editorial,298.67,202008_Contact,Editor In Chief,1. Sent,LatAm - Brazil
Sales Emails - Q4 Cyrus,Editor In Chief,Senior Editorial,577.14,202008_Contact,Editor In Chief,1. Sent,LatAm - Brazil
Sales Emails - Q4 Cyrus,Editor In Chief,Senior Editorial,235.64,202008_Contact,Editor In Chief,1. Sent,LatAm - Brazil
Sales Emails - Q4 Cyrus,Chief editor,Senior Editorial,2742.03,202008_Contact,Editor In Chief,1. Sent,Europe - France
Sales Emails - Q4 Cyrus,Editor-chefe,Senior Editorial,628.12,202008_Contact,Editor In Chief,1. Sent,Europe - France
Sales Emails - Q4 Cyrus,Editor in Chief,Senior Editorial,128.05,202008_Contact,Editor In Chief,1. Sent,LatAm - Brazil
Sales Emails - Q4 Cyrus,Editor in Chief,Senior Editorial,678.69,202008_Contact,Editor In Chief,1. Sent,Europe - France
Sales Emails - Q4 Cyrus,Editor in Chief,Senior Editorial,1150,202008_Contact,Editor In Chief,1. Sent,Europe - France
Sales Emails - Q3 Cyrus,Editor in Chief,Senior Editorial,123.8,202008_Contact,Editor In Chief,1. Sent,LatAm - Brazil
Sales Emails - Q3 Cyrus,Editor in chief,Senior Editorial,250,202008_Contact,Editor In Chief,1. Sent,LatAm - Brazil
Sales Emails - Q3 Cyrus,Editor In Chief,Senior Editorial,0,202008_Contact,Editor In Chief,1. Sent,LatAm - Brazil
Sales Emails - Q3 Cyrus,Executive Production Editor,Senior Editorial,0,202008_Contact,Editor In Chief,1. Sent,LatAm - Brazil
Sales Emails - Q3 Cyrus,Editor In Chief,Senior Editorial,465.12,202008_Contact,Editor In Chief,1. Sent,LatAm - Brazil
Sales Emails - Q3 Cyrus,Editor in Chief,Senior Editorial,327.69,202008_Contact,Editor In Chief,1. Sent,Europe - Spain & Portugal
Sales Emails - Q4 Cyrus,Editor in chief,Senior Editorial,253.09,202008_Contact,Editor In Chief,2. Negative,LatAm - Brazil
Sales Emails - Q4 Cyrus,Managing Editor,Senior Editorial,200,202008_Contact,Managing Editor,3. Neutral,Europe - France
Sales Emails - Q4 Cyrus,Managing Editor,Senior Editorial,200,202008_Contact,Managing Editor,3. Neutral,Europe - France
Sales Emails - Q4 Cyrus,Executive Director,Other,216.34,202008_Contact,Other,3. Neutral,Europe - France
Sales Emails - Q4 Alexander,Publicidad y Marketing,Other,157,202008_Contact,Other,3. Neutral,Europe - Spain & Portugal
Sales Emails - Q4 Delphine,Chief Editor,Senior Editorial,230,202008_Contact,Editor In Chief,3. Neutral,Europe - UK & Ireland
Sales Emails - Q4 Delphine,Group Editor Newsquest Yorkshire,Senior Editorial,230,202008_Contact,Editor In Chief,3. Neutral,Europe - UK & Ireland
Sales Emails - Q3 Cyrus,CEO,Senior Management,2766.74,202008_Contact,CEO,3. Neutral,LatAm - Brazil
Sales Emails - Q3 Jacob,Managing Editor,Senior Editorial,157,202008_Contact,Managing Editor,1. Sent,Europe - Spain & Portugal
Sales Emails - Q3 Jacob,Managing Editor,Senior Editorial,157,202008_Contact,Managing Editor,1. Sent,Europe - Spain & Portugal
Sales Emails - Q3 Jacob,Managing Editor,Senior Editorial,474.46,202008_Contact,Managing Editor,1. Sent,North America
Sales Emails - Q4 Jolene,Managing Editor,Senior Editorial,205,202008_Contact,Managing Editor,1. Sent,North America
Sales Emails - Q4 Jolene,Investigative Producer/Editor,Senior Editorial,413.69,202008_Contact,Managing Editor,1. Sent,North America
Sales Emails - Q4 Jolene,Managing Editor,Senior Editorial,1422.78,202008_Contact,Managing Editor,1. Sent,North America
Sales Emails - Q4 Delphine,Managing Editor,Senior Editorial,230,202008_Contact,Managing Editor,1. Sent,Europe - UK & Ireland
Sales Emails - Q4 Delphine,Managing Editor,Senior Editorial,230,202008_Contact,Managing Editor,1. Sent,Europe - UK & Ireland
Sales Emails - Q4 Delphine,Managing Editor,Senior Editorial,0,202008_Contact,Managing Editor,1. Sent,Europe - UK & Ireland
Sales Emails - Q4 Delphine,Managing Editor,Senior Editorial,230,202008_Contact,Managing Editor,1. Sent,Europe - UK & Ireland
Sales Emails - Q4 Delphine,Managing Editor,Senior Editorial,0,202008_Contact,Managing Editor,1. Sent,Europe - UK & Ireland
Sales Emails - Q4 Delphine,Deputy Editor,Senior Editorial,0,202008_Contact,Managing Editor,1. Sent,Europe - Southeast
Sales Emails - Q4 Delphine,Managing Editor,Senior Editorial,2040.56,202008_Contact,Managing Editor,1. Sent,MENA - North Africa
Sales Emails - Q4 Delphine,Managing Editor,Senior Editorial,123.4,202008_Contact,Managing Editor,1. Sent,MENA - North Africa
Sales Emails - Q4 Delphine,Editorial Director,Senior Editorial,655.12,202008_Contact,Managing Editor,1. Sent,Europe - UK & Ireland
Sales Emails - Q4 Delphine,Managing Editor,Senior Editorial,480.47,202008_Contact,Managing Editor,1. Sent,Europe - UK & Ireland
Sales Emails - Q4 Delphine,Managing Editor,Senior Editorial,806.25,202008_Contact,Managing Editor,1. Sent,MENA - North Africa
Sales Emails - Q4 Delphine,Group  Editor,Senior Editorial,0,202008_Contact,Managing Editor,1. Sent,Europe - UK & Ireland
Sales Emails - Q4 Delphine,"Directeur de publication, rédacteur en chef",Senior Editorial,168.37,202008_Contact,Managing Editor,1. Sent,MENA - North Africa
Sales Emails - Q4 Delphine,Directeur de publication - Rédacteur en chef,Senior Editorial,184.26,202008_Contact,Managing Editor,1. Sent,MENA - North Africa
Sales Emails - Q4 Delphine,Deputy Editor,Senior Editorial,230,202008_Contact,Managing Editor,1. Sent,Europe - UK & Ireland
Sales Emails - Q4 Delphine,Deputy Editor,Senior Editorial,230,202008_Contact,Managing Editor,1. Sent,Europe - UK & Ireland
Sales Emails - Q4 Emil,Editor,Senior Editorial,241,202008_Contact,Managing Editor,1. Sent,Asia - Oceania
Sales Emails - Q4 Emil,Managing Editor,Senior Editorial,164.4,202008_Contact,Managing Editor,1. Sent,Asia - East
Sales Emails - Q4 Emil,Assistant Managing Editor,Senior Editorial,201.29,202008_Contact,Managing Editor,1. Sent,Asia - East
Sales Emails - Q4 Emil,Managing Editor,Senior Editorial,559.71,202008_Contact,Managing Editor,1. Sent,Europe - Italy
Sales Emails - Q4 Emil,Managing Editor,Senior Editorial,164.4,202008_Contact,Managing Editor,1. Sent,Asia - East
Sales Emails - Q4 Emil,Managing Editor,Senior Editorial,164.4,202008_Contact,Managing Editor,1. Sent,Asia - East
Sales Emails - Q4 Emil,Managing Editor,Senior Editorial,254.18,202008_Contact,Managing Editor,1. Sent,Asia - East
Sales Emails - Q4 Emil,Managing Editor,Senior Editorial,188,202008_Contact,Managing Editor,1. Sent,Europe - Italy
Sales Emails - Q4 Emil,Editor,Senior Editorial,1142.04,202008_Contact,Managing Editor,1. Sent,Asia - East
Sales Emails - Q4 Emil,Senior Video Editor,Senior Editorial,328.19,202008_Contact,Managing Editor,1. Sent,Asia - East
Sales Emails - Q4 Emil,Deputy Editor,Senior Editorial,241,202008_Contact,Managing Editor,1. Sent,Asia - Oceania
Sales Emails - Q4 Cyrus,Managing Editor,Senior Editorial,123.8,202008_Contact,Managing Editor,1. Sent,LatAm - Brazil
Sales Emails - Q4 Cyrus,Managing Editor,Senior Editorial,123.8,202008_Contact,Managing Editor,1. Sent,LatAm - Brazil
Sales Emails - Q4 Cyrus,Managing Editor,Senior Editorial,123.8,202008_Contact,Managing Editor,1. Sent,LatAm - Brazil
Sales Emails - Q4 Cyrus,Managing Editor,Senior Editorial,1132.56,202008_Contact,Managing Editor,1. Sent,LatAm - Brazil
Sales Emails - Q4 Cyrus,Managing Editor,Senior Editorial,123.8,202008_Contact,Managing Editor,1. Sent,LatAm - Brazil
Sales Emails - Q4 Cyrus,Managing Editor,Senior Editorial,123.8,202008_Contact,Managing Editor,1. Sent,LatAm - Brazil
Sales Emails - Q4 Cyrus,Directrice de la Rédaction,Senior Editorial,200,202008_Contact,Managing Editor,1. Sent,Europe - France
Sales Emails - Q4 Cyrus,Managing Editor,Senior Editorial,484.99,202008_Contact,Managing Editor,1. Sent,LatAm - Brazil
Sales Emails - Q4 Cyrus,Directeur de la publication et de la rédaction,Senior Editorial,200,202008_Contact,Managing Editor,1. Sent,Europe - France
Sales Emails - Q4 Cyrus,Responsable de la production des éditions et opérations spéciales,Senior Editorial,8180.37,202008_Contact,Managing Editor,1. Sent,Europe - France
Sales Emails - Q4 Cyrus,Managing Editor,Senior Editorial,123.8,202008_Contact,Managing Editor,1. Sent,LatAm - Brazil
Sales Emails - Q4 Catherine,Deputy Managing Editor,Senior Editorial,124.6,202008_Contact,Managing Editor,1. Sent,Europe - East
Sales Emails - Q4 Catherine,Managing Editor,Senior Editorial,521.13,202008_Contact,Managing Editor,1. Sent,Europe - East
Sales Emails - Q3 Cyrus,Manading Editor,Senior Editorial,123.8,202008_Contact,Managing Editor,1. Sent,LatAm - Brazil
Sales Emails - Q3 Cyrus,Managing Editor,Senior Editorial,384.03,202008_Contact,Managing Editor,1. Sent,LatAm - Brazil
Sales Emails - Q3 Cyrus,Editor,Senior Editorial,319.74,202008_Contact,Managing Editor,1. Sent,LatAm - Brazil
Sales Emails - Q4 Cyrus,CEO,Senior Management,123.8,202008_Contact,CEO,4. Positive,LatAm - Brazil
Sales Emails - Q4 Cyrus,Publisher and Product Manager,Senior Management,3898.34,202008_Contact,CEO,4. Positive,LatAm - Brazil
Sales Emails - Q4 Cyrus,Co-Founder,Senior Management,315.6,202008_Contact,CEO,4. Positive,LatAm - Brazil
Sales Emails - Q4 Cyrus,Ceo,Senior Management,148.15,202008_Contact,CEO,4. Positive,LatAm - Brazil
Sales Emails - Q4 Jolene,Digital Editor,Senior Editorial,1737.25,202008_Contact,Digital Editor,1. Sent,North America
Sales Emails - Q4 Delphine,Digital Editor,Senior Editorial,230,202008_Contact,Digital Editor,1. Sent,Europe - UK & Ireland
Sales Emails - Q4 Delphine,Digital Editor,Senior Editorial,156,202008_Contact,Digital Editor,1. Sent,Europe - Southeast
Sales Emails - Q4 Delphine,Digital Editor,Senior Editorial,230,202008_Contact,Digital Editor,1. Sent,Europe - UK & Ireland
Sales Emails - Q4 Delphine,Senior Editor,Senior Editorial,3784.98,202008_Contact,Digital Editor,1. Sent,Europe - UK & Ireland
Sales Emails - Q4 Delphine,Online editor,Senior Editorial,1843.19,202008_Contact,Digital Editor,1. Sent,Europe - UK & Ireland
Sales Emails - Q4 Delphine,Online Editor in Chief,Senior Editorial,4304.68,202008_Contact,Digital Editor,1. Sent,MENA - North Africa
Sales Emails - Q4 Emil,Digital Fashion Editor,Senior Editorial,462.4,202008_Contact,Digital Editor,1. Sent,Asia - East
Sales Emails - Q4 Emil,Assistant Digital Media Editor,Senior Editorial,164.4,202008_Contact,Digital Editor,1. Sent,Asia - East
Sales Emails - Q4 Cyrus,Rédacteur chef adjoint web,Senior Editorial,200,202008_Contact,Digital Editor,1. Sent,Europe - France
Sales Emails - Q4 Cyrus,Digital Editor,Senior Editorial,123.8,202008_Contact,Digital Editor,1. Sent,LatAm - Brazil
Sales Emails - Q4 Cyrus,Digital Editor,Senior Editorial,123.8,202008_Contact,Digital Editor,1. Sent,LatAm - Brazil
Sales Emails - Q4 Cyrus,Digital Editor,Senior Editorial,123.8,202008_Contact,Digital Editor,1. Sent,LatAm - Brazil
Sales Emails - Q4 Cyrus,Digital Editor,Senior Editorial,204.99,202008_Contact,Digital Editor,1. Sent,LatAm - Brazil
Sales Emails - Q4 Cyrus,Digital Editor,Senior Editorial,123.8,202008_Contact,Digital Editor,1. Sent,LatAm - Brazil
Sales Emails - Q4 Cyrus,Editor,Senior Editorial,123.8,202008_Contact,Digital Editor,1. Sent,LatAm - Brazil
Sales Emails - Q4 Cyrus,Editora Digital,Senior Editorial,1969.27,202008_Contact,Digital Editor,1. Sent,LatAm - Brazil
Sales Emails - Q4 Alexander,Editor Web,Senior Editorial,195.47,202008_Contact,Digital Editor,1. Sent,LatAm - Central
Sales Emails - Q3 Cyrus,Digital Editor,Senior Editorial,123.8,202008_Contact,Digital Editor,1. Sent,LatAm - Brazil
Sales Emails - Q3 Cyrus,DIgital Editor,Senior Editorial,123.8,202008_Contact,Digital Editor,1. Sent,LatAm - Brazil
Sales Emails - Q3 Cyrus,Digital Strategies Editor,Senior Editorial,920.91,202008_Contact,Digital Editor,1. Sent,LatAm - Brazil
Sales Emails - Q4 Cyrus,Ceo,Senior Management,547.53,202008_Contact,CEO,4. Positive,LatAm - Brazil
Sales Emails - Q4 Delphine,Vice President - Digital,Senior Specialist,883.5,202008_Contact,Digital Director,1. Sent,Asia - South
Sales Emails - Q4 Delphine,Head Of Online,Senior Specialist,1593.71,202008_Contact,Digital Director,1. Sent,Asia - South
Sales Emails - Q4 Delphine,Chief Operating Officer Digital,Senior Specialist,3250.54,202008_Contact,Digital Director,1. Sent,Asia - South
Sales Emails - Q4 Emil,Digital Director,Senior Specialist,290.43,202008_Contact,Digital Director,1. Sent,MENA - Middle East
Sales Emails - Q4 Cyrus,Digital Director,Senior Specialist,302.89,202008_Contact,Digital Director,1. Sent,LatAm - Brazil
Sales Emails - Q4 Cyrus,Digital Director for Rede Gazeta,Senior Specialist,0,202008_Contact,Digital Director,1. Sent,LatAm - Brazil
Sales Emails - Q4 Cyrus,Head of the Digital Video Unit,Senior Specialist,678.69,202008_Contact,Digital Director,1. Sent,Europe - France
Sales Emails - Q4 Cyrus,Editora de Digital e Audiência - Head of Digital and Audience,Senior Specialist,4989.65,202008_Contact,Digital Director,1. Sent,LatAm - Brazil
Sales Emails - Q4 Cyrus,CEO,Senior Management,2766.74,202008_Contact,CEO,4. Positive,LatAm - Brazil
Sales Emails - Q3 Jacob,Digital Content Manager,Senior Specialist,1531.3,202008_Contact,Content Director,1. Sent,North America
Sales Emails - Q4 Jolene,Content Director,Senior Specialist,3751.44,202008_Contact,Content Director,1. Sent,North America
Sales Emails - Q4 Jolene,"Director, Creative Strategy",Senior Specialist,205,202008_Contact,Content Director,1. Sent,North America
Sales Emails - Q4 Delphine,Content Director,Senior Specialist,230,202008_Contact,Content Director,1. Sent,Europe - UK & Ireland
Sales Emails - Q4 Delphine,Content Editor,Senior Specialist,0,202008_Contact,Content Director,1. Sent,Europe - UK & Ireland
Sales Emails - Q4 Delphine,Content Editor,Senior Specialist,230,202008_Contact,Content Director,1. Sent,Europe - UK & Ireland
Sales Emails - Q4 Emil,Content Manager - NOW News,Senior Specialist,420.44,202008_Contact,Content Director,1. Sent,Asia - East
Sales Emails - Q4 Emil,Head of Content,Senior Specialist,164.4,202008_Contact,Content Director,1. Sent,Asia - East
Sales Emails - Q4 Emil,Head Ofcontent,Senior Specialist,962.35,202008_Contact,Content Director,1. Sent,Europe - Italy
Sales Emails - Q4 Cyrus,Editor De Conteúdo,Senior Specialist,436.36,202008_Contact,Content Director,1. Sent,LatAm - Brazil
Sales Emails - Q4 Cyrus,Content Maganer,Senior Specialist,632.98,202008_Contact,Content Director,1. Sent,LatAm - Brazil
Sales Emails - Q4 Cyrus,Web Content Editor,Senior Specialist,280.88,202008_Contact,Content Director,1. Sent,LatAm - Brazil
Sales Emails - Q4 Cyrus,Head of Content,Senior Specialist,200,202008_Contact,Content Director,1. Sent,Europe - France
Sales Emails - Q4 Catherine,Content Manager,Senior Specialist,181.78,202008_Contact,Content Director,1. Sent,Africa
Sales Emails - Q4 Emil,Content Manager - NOW Finance,Senior Specialist,420.44,202008_Contact,Content Director,2. Negative,Asia - East
Sales Emails - Q4 Cyrus,Co-Founder,Senior Management,315.6,202008_Contact,CEO,4. Positive,LatAm - Brazil
Sales Emails - Q3 Jacob,Marketing Director,Senior Specialist,1793.74,202008_Contact,Marketing Director,1. Sent,Europe - Spain & Portugal
Sales Emails - Q4 Jolene,Head of Marketing,Senior Specialist,394.78,202008_Contact,Marketing Director,1. Sent,North America
Sales Emails - Q4 Jolene,Marketing Director,Senior Specialist,666.11,202008_Contact,Marketing Director,1. Sent,North America
Sales Emails - Q4 Jolene,Director of Marketing,Senior Specialist,4157.95,202008_Contact,Marketing Director,1. Sent,North America
Sales Emails - Q4 Jolene,Marketing Manager,Senior Specialist,477.52,202008_Contact,Marketing Director,1. Sent,North America
Sales Emails - Q4 Jolene,Director of Marketing,Senior Specialist,682.86,202008_Contact,Marketing Director,1. Sent,North America
Sales Emails - Q4 Delphine,Director of Marketing,Senior Specialist,137.94,202008_Contact,Marketing Director,1. Sent,Asia - Russia and CIS
Sales Emails - Q4 Delphine,Marketing Manager,Senior Specialist,1152.37,202008_Contact,Marketing Director,1. Sent,Europe - UK & Ireland
Sales Emails - Q4 Delphine,Responsable marketing & RP,Senior Specialist,3107.53,202008_Contact,Marketing Director,1. Sent,MENA - North Africa
Sales Emails - Q4 Delphine,Marketing & Commercial Director,Senior Specialist,327.29,202008_Contact,Marketing Director,1. Sent,Asia - South
Sales Emails - Q4 Delphine,Executive Marketing & Sales,Senior Specialist,100,202008_Contact,Marketing Director,1. Sent,Asia - South
Sales Emails - Q4 Delphine,Marketing Director,Senior Specialist,457.82,202008_Contact,Marketing Director,1. Sent,Asia - Russia and CIS
Sales Emails - Q4 Delphine,Responsable Marketing,Senior Specialist,415.06,202008_Contact,Marketing Director,1. Sent,MENA - North Africa
Sales Emails - Q4 Delphine,Marketing Manager,Senior Specialist,874.8,202008_Contact,Marketing Director,1. Sent,Europe - UK & Ireland
Sales Emails - Q4 Delphine,Marketing Manager,Senior Specialist,230,202008_Contact,Marketing Director,1. Sent,Europe - UK & Ireland
Sales Emails - Q4 Emil,Marketing Manager,Senior Specialist,0,202008_Contact,Marketing Director,1. Sent,Asia - East
Sales Emails - Q4 Cyrus,VP Marketing,Senior Specialist,123.8,202008_Contact,Marketing Director,1. Sent,LatAm - Brazil
Sales Emails - Q4 Cyrus,Director of Marketing,Senior Specialist,123.8,202008_Contact,Marketing Director,1. Sent,LatAm - Brazil
Sales Emails - Q4 Cyrus,Digital Marketing Manager,Senior Specialist,3230.88,202008_Contact,Marketing Director,1. Sent,Europe - France
Sales Emails - Q4 Cyrus,Responsable Marketing Digital,Senior Specialist,2558.27,202008_Contact,Marketing Director,1. Sent,Europe - France
Sales Emails - Q4 Cyrus,Direct Marketing and Relationship manager,Senior Specialist,4989.65,202008_Contact,Marketing Director,1. Sent,LatAm - Brazil
Sales Emails - Q4 Cyrus,Marketing Director,Senior Specialist,4415.58,202008_Contact,Marketing Director,1. Sent,LatAm - Brazil
Sales Emails - Q4 Cyrus,Directrice Marketing,Senior Specialist,0,202008_Contact,Marketing Director,1. Sent,Europe - France
Sales Emails - Q4 Cyrus,Commercial and marketing director,Senior Specialist,678.69,202008_Contact,Marketing Director,1. Sent,Europe - France
Sales Emails - Q4 Cyrus,Gerente de Marketing,Senior Specialist,3302.38,202008_Contact,Marketing Director,1. Sent,LatAm - Brazil
Sales Emails - Q4 Catherine,Marketing Director,Senior Specialist,208.06,202008_Contact,Marketing Director,1. Sent,Europe - East
Sales Emails - Q4 Catherine,Marketing Director,Senior Specialist,191.74,202008_Contact,Marketing Director,1. Sent,Europe - East
Sales Emails - Q4 Cyrus,Marketing Director,Senior Specialist,639.23,202008_Contact,Marketing Director,2. Negative,LatAm - Brazil
Sales Emails - Q4 Cyrus,Managing Director,Senior Management,1432.46,202008_Contact,Managing Director,3. Neutral,LatAm - Brazil
Sales Emails - Q4 Cyrus,Editor-in-Chief,Senior Editorial,123.8,202008_Contact,Editor In Chief,4. Positive,LatAm - Brazil
Sales Emails - Q4 Cyrus,Editora Chefe,Senior Editorial,123.8,202008_Contact,Editor In Chief,4. Positive,LatAm - Brazil
Sales Emails - Q3 Cyrus,Digital Strategy Director,Senior Specialist,4632.96,202008_Contact,VP Strategy,1. Sent,LatAm - Brazil
Sales Emails - Q4 Cyrus,Editor-In-Chief,Senior Editorial,356.14,202008_Contact,Editor In Chief,4. Positive,LatAm - Brazil
Sales Emails - Q4 Jolene,"Senior Product Manager, Adobe Document Cloud",Senior Specialist,437.28,202008_Contact,VP Product,1. Sent,North America
Sales Emails - Q4 Delphine,Head Of Product And Marketing,Senior Specialist,3877.5,202008_Contact,VP Product,1. Sent,Asia - South
Sales Emails - Q4 Cyrus,Product Director for Rede Gazeta,Senior Specialist,0,202008_Contact,VP Product,1. Sent,LatAm - Brazil
Sales Emails - Q3 Cyrus,Social Media Editor,End User,3528.95,202008_Contact,Social Media Editor,1. Sent,LatAm - Brazil
Sales Emails - Q4 Delphine,Directrice Générale chez Pulse Media ( LeDesk ),End User,123.4,202008_Contact,Social Media Manager,1. Sent,MENA - North Africa
Sales Emails - Q4 Cyrus,Email Manager E Social Media,End User,194.58,202008_Contact,Social Media Manager,1. Sent,LatAm - Brazil
Sales Emails - Q4 Cyrus,Directeur Stratégie et Marketing,End User,200,202008_Contact,Social Media Manager,1. Sent,Europe - France
Sales Emails - Q4 Alexander,Social Media & Communications Manager,End User,157,202008_Contact,Social Media Manager,2. Negative,Europe - Spain & Portugal
Sales Emails - Q4 Delphine,Technical Manager,End User,0,202008_Contact,Digital Manager,1. Sent,Asia - Russia and CIS
Sales Emails - Q4 Delphine,Responsable Desk digital,End User,491.37,202008_Contact,Digital Manager,1. Sent,MENA - North Africa
Sales Emails - Q4 Delphine,Digital Manager,End User,230,202008_Contact,Digital Manager,1. Sent,Europe - UK & Ireland
Sales Emails - Q4 Delphine,"Digital Manager, Software Engineer",End User,117.49,202008_Contact,Digital Manager,1. Sent,Asia - South
Sales Emails - Q4 Emil,Digital Media Production Manager,End User,0,202008_Contact,Digital Manager,1. Sent,Asia - Oceania
Sales Emails - Q4 Emil,Digital Production Coordinator Manager - Product Owner Ebook Platform,End User,188,202008_Contact,Digital Manager,1. Sent,Europe - Italy
Sales Emails - Q4 Cyrus,Chef de projet digital chez Uni-éditions,End User,977.68,202008_Contact,Digital Manager,1. Sent,Europe - France
Sales Emails - Q4 Catherine,"Digital Manager, Producer",End User,1761.64,202008_Contact,Digital Manager,1. Sent,Europe - East
Sales Emails - Q3 Cyrus,Digital Account Manager,End User,965.49,202008_Contact,Digital Manager,1. Sent,Europe - Spain & Portugal
Sales Emails - Q4 Cyrus,Community Manager,End User,200,202008_Contact,Community Manager,1. Sent,Europe - France
Sales Emails - Q3 Cyrus,Community Manager,End User,419.56,202008_Contact,Community Manager,1. Sent,LatAm - Brazil
Sales Emails - Q4 Jolene,TBC,Other,693.94,202008_Contact,Other,1. Sent,North America
Sales Emails - Q4 Jolene,Digital,Other,512.5,202008_Contact,Other,1. Sent,North America
Sales Emails - Q4 Jolene,Editor,Other,1284.46,202008_Contact,Other,1. Sent,North America
Sales Emails - Q4 Delphine,Project Manager,Other,156,202008_Contact,Other,1. Sent,Europe - Southeast
Sales Emails - Q4 Delphine,Journalist,Other,196.6,202008_Contact,Other,1. Sent,Europe - Other
Sales Emails - Q4 Delphine,Creative Strategist,Other,100,202008_Contact,Other,1. Sent,Asia - South
Sales Emails - Q4 Delphine,Travel journalist,Other,304.85,202008_Contact,Other,1. Sent,Asia - Russia and CIS
Sales Emails - Q4 Delphine,Freelance contributor,Other,0,202008_Contact,Other,1. Sent,Europe - UK & Ireland
Sales Emails - Q4 Delphine,Sales Manager,Other,0,202008_Contact,Other,1. Sent,Europe - UK & Ireland
Sales Emails - Q4 Delphine,Vice President - Corporate Communications,Other,4410.21,202008_Contact,Other,1. Sent,Asia - South
Sales Emails - Q4 Delphine,Journaliste,Other,330.03,202008_Contact,Other,1. Sent,MENA - North Africa
Sales Emails - Q4 Delphine,Marketing,Other,230,202008_Contact,Other,1. Sent,Europe - UK & Ireland
Sales Emails - Q4 Delphine,Directeur de la publication,Other,123.4,202008_Contact,Other,1. Sent,MENA - North Africa
Sales Emails - Q4 Delphine,Editor,Other,230,202008_Contact,Other,1. Sent,Europe - UK & Ireland
Sales Emails - Q4 Delphine,account manager,Other,1502.21,202008_Contact,Other,1. Sent,MENA - North Africa
Sales Emails - Q4 Delphine,Desk Editor,Other,167.11,202008_Contact,Other,1. Sent,MENA - North Africa
Sales Emails - Q4 Delphine,Editorial secretary,Other,0,202008_Contact,Other,1. Sent,Europe - East
Sales Emails - Q4 Delphine,Sales Director,Other,0,202008_Contact,Other,1. Sent,Europe - UK & Ireland
Sales Emails - Q4 Delphine,Reporter,Other,0,202008_Contact,Other,1. Sent,Europe - UK & Ireland
Sales Emails - Q4 Delphine,Senior Creative Content Editor,Other,460.7,202008_Contact,Other,1. Sent,Europe - UK & Ireland
Sales Emails - Q4 Delphine,Video Editor,Other,418.6,202008_Contact,Other,1. Sent,Europe - UK & Ireland
Sales Emails - Q4 Delphine,Head of Digital Sales,Other,230,202008_Contact,Other,1. Sent,Europe - UK & Ireland
Sales Emails - Q4 Delphine,Editor,Other,162.49,202008_Contact,Other,1. Sent,Asia - South
Sales Emails - Q4 Emil,Business Editor,Other,164.4,202008_Contact,Other,1. Sent,Asia - East
Sales Emails - Q4 Emil,Business Writer/Feature Writer,Other,164.4,202008_Contact,Other,1. Sent,Asia - East
Sales Emails - Q4 Emil,Producer of Digital Content Centre (SETN),Other,0,202008_Contact,Other,1. Sent,Asia - East
Sales Emails - Q4 Emil,General Manager - Form and wagering,Other,241,202008_Contact,Other,1. Sent,Asia - Oceania
Sales Emails - Q4 Emil,Chief Editor,Other,164.4,202008_Contact,Other,1. Sent,Asia - East
Sales Emails - Q4 Emil,News Editor,Other,0,202008_Contact,Other,1. Sent,Asia - Oceania
Sales Emails - Q4 Emil,Editor,Other,1038.15,202008_Contact,Other,1. Sent,Asia - Oceania
Sales Emails - Q4 Emil,Online Journalist,Other,241,202008_Contact,Other,1. Sent,Asia - Oceania
Sales Emails - Q4 Emil,Freelance journalist,Other,188,202008_Contact,Other,1. Sent,Europe - Italy
Sales Emails - Q4 Emil,Digital Media Division Manager,Other,188,202008_Contact,Other,1. Sent,Europe - Italy
Sales Emails - Q4 Emil,TBC,Other,164.4,202008_Contact,Other,1. Sent,Asia - East
Sales Emails - Q4 Emil,TBC,Other,713.75,202008_Contact,Other,1. Sent,Asia - East
Sales Emails - Q4 Emil,TBC,Other,1462.72,202008_Contact,Other,1. Sent,Europe - Italy
Sales Emails - Q4 Emil,Editor,Other,12050,202008_Contact,Other,1. Sent,Asia - Oceania
Sales Emails - Q4 Emil,Editor - head of the science and health desk,Other,4461.51,202008_Contact,Other,1. Sent,MENA - Middle East
Sales Emails - Q4 Emil,Head of Residential Real Estate,Other,241,202008_Contact,Other,1. Sent,Asia - Oceania
Sales Emails - Q4 Emil,Production Manager/Designer,Other,641.79,202008_Contact,Other,1. Sent,Asia - Oceania
Sales Emails - Q4 Emil,Editor,Other,4852.24,202008_Contact,Other,1. Sent,MENA - Middle East
Sales Emails - Q4 Emil,Production Coordinator,Other,0,202008_Contact,Other,1. Sent,Asia - Oceania
Sales Emails - Q4 Emil,Sales Manager,Other,0,202008_Contact,Other,1. Sent,Asia - Oceania
Sales Emails - Q4 Emil,Other,Other,188,202008_Contact,Other,1. Sent,Europe - Italy
Sales Emails - Q4 Emil,Other,Other,188,202008_Contact,Other,1. Sent,Europe - Italy
Sales Emails - Q4 Emil,Other,Other,188,202008_Contact,Other,1. Sent,Europe - Italy
Sales Emails - Q4 Cyrus,Directeur De Zone at Centre France Publicité,Other,0,202008_Contact,Other,1. Sent,Europe - France
Sales Emails - Q4 Cyrus,Executive Director,Other,0,202008_Contact,Other,1. Sent,LatAm - Brazil
Sales Emails - Q4 Cyrus,Editor,Other,123.8,202008_Contact,Other,1. Sent,LatAm - Brazil
Sales Emails - Q4 Cyrus,Editor,Other,548.58,202008_Contact,Other,1. Sent,LatAm - Brazil
Sales Emails - Q4 Cyrus,Cher,Other,3534.96,202008_Contact,Other,1. Sent,Europe - France
Sales Emails - Q4 Cyrus,TBC,Other,200,202008_Contact,Other,1. Sent,Europe - France
Sales Emails - Q4 Cyrus,TBC,Other,200,202008_Contact,Other,1. Sent,Europe - France
Sales Emails - Q4 Cyrus,Commercial Director,Other,123.8,202008_Contact,Other,1. Sent,LatAm - Brazil
Sales Emails - Q4 Cyrus,contato publicitario,Other,123.8,202008_Contact,Other,1. Sent,LatAm - Brazil
Sales Emails - Q4 Cyrus,TBC,Other,0,202008_Contact,Other,1. Sent,Europe - France
Sales Emails - Q4 Cyrus,Editor,Other,280.88,202008_Contact,Other,1. Sent,LatAm - Brazil
Sales Emails - Q4 Cyrus,REDES SOCIAIS,Other,128.05,202008_Contact,Other,1. Sent,LatAm - Brazil
Sales Emails - Q4 Cyrus,Responsable développement commercial,Other,3055.71,202008_Contact,Other,1. Sent,Europe - France
Sales Emails - Q4 Catherine,Digital Sales and Campaign Administrator,Other,80,202008_Contact,Other,1. Sent,Africa
Sales Emails - Q4 Catherine,TBC,Other,80,202008_Contact,Other,1. Sent,Africa
Sales Emails - Q4 Catherine,TBC,Other,278,202008_Contact,Other,1. Sent,Europe - DACH
Sales Emails - Q4 Catherine,TBC,Other,625.41,202008_Contact,Other,1. Sent,Europe - East
Sales Emails - Q4 Catherine,TBC,Other,174.43,202008_Contact,Other,1. Sent,Africa
Sales Emails - Q4 Catherine,Team,Other,548.24,202008_Contact,Other,1. Sent,Europe - East
Sales Emails - Q4 Catherine,General Email,Other,521.13,202008_Contact,Other,1. Sent,Europe - East
Sales Emails - Q4 Catherine,Project Manager,Other,196,202008_Contact,Other,1. Sent,Europe - East
Sales Emails - Q4 Catherine,TBC,Other,80,202008_Contact,Other,1. Sent,Africa
Sales Emails - Q4 Catherine,Editorial,Other,375.22,202008_Contact,Other,1. Sent,Europe - East
Sales Emails - Q4 Catherine,TBC,Other,373.46,202008_Contact,Other,1. Sent,Europe - East
Sales Emails - Q4 Catherine,TBC,Other,278,202008_Contact,Other,1. Sent,Europe - DACH
Sales Emails - Q4 Catherine,TBC,Other,429.71,202008_Contact,Other,1. Sent,Africa
Sales Emails - Q4 Catherine,TBC,Other,278,202008_Contact,Other,1. Sent,Europe - DACH
Sales Emails - Q4 Alexander,Sales Area,Other,377.67,202008_Contact,Other,1. Sent,LatAm - Central
Sales Emails - Q3 Cyrus,IT Director,Other,235.64,202008_Contact,Other,1. Sent,LatAm - Brazil
Sales Emails - Q4 Delphine,Operations Manager,Other,0,202008_Contact,Other,2. Negative,Europe - UK & Ireland
Sales Emails - Q4 Delphine,Operations Manager,Other,0,202008_Contact,Other,2. Negative,Europe - UK & Ireland
Sales Emails - Q4 Cyrus,Journaliste,Other,200,202008_Contact,Other,2. Negative,Europe - France
Sales Emails - Q4 Cyrus,Social Media Coordenator,Other,2298.59,202008_Contact,Other,2. Negative,LatAm - Brazil
Sales Emails - Q4 Cyrus,Sócio Fundador/Editor Chefe,Senior Editorial,284.99,202008_Contact,Editor In Chief,4. Positive,LatAm - Brazil
Sales Emails - Q4 Cyrus,Managing Editor,Senior Editorial,123.8,202008_Contact,Managing Editor,4. Positive,LatAm - Brazil
Sales Emails - Q4 Cyrus,Digital Director,Senior Specialist,123.8,202008_Contact,Digital Director,4. Positive,LatAm - Brazil
Sales Emails - Q4 Cyrus,Content Manager,Senior Specialist,632.98,202008_Contact,Content Director,3. Neutral,LatAm - Brazil
Sales Emails - Q4 Delphine,"Co-Founder, Editor In Chief",Senior Editorial,123.4,202008_Contact,Editor In Chief,3. Neutral,MENA - North Africa
Sales Emails - Q4 Cyrus,Director,Senior Management,205,202006_Traffic,Managing Director,3. Neutral,North America
Sales Emails - Q4 Catherine,TBC,,80,202008_FB,,1. Sent,Africa
Sales Emails - Q4 Catherine,TBC,,325.47,202008_FB,,1. Sent,Europe - Nordics
Sales Emails - Q3 Jacob,Director General,Senior Management,123.8,202008_FB,CEO,1. Sent,LatAm - Central
Sales Emails - Q3 Jacob,CEO,Senior Management,198.69,202008_FB,CEO,1. Sent,Africa
Sales Emails - Q3 Jacob,Presidente,Senior Management,123.8,202008_FB,CEO,1. Sent,LatAm - South
Sales Emails - Q3 Ferdinand,CEO,Senior Management,124.6,202008_FB,CEO,1. Sent,Europe - East
Sales Emails - Q3 Ferdinand,Geschäftsführer,Senior Management,278,202008_FB,CEO,1. Sent,Europe - DACH
Sales Emails - Q3 Ferdinand,CEO,Senior Management,3243.07,202008_FB,CEO,1. Sent,Europe - Italy
Sales Emails - Q3 Ferdinand,CEO,Senior Management,222.4,202008_FB,CEO,1. Sent,MENA - Middle East
Sales Emails - Q3 Ferdinand,CEO,Senior Management,124.6,202008_FB,CEO,1. Sent,Europe - East
Sales Emails - Q4 Jolene,Co founder,Senior Management,524.69,202008_FB,CEO,1. Sent,North America
Sales Emails - Q4 Jolene,Editor/Co-Founder,Senior Management,0,202008_FB,CEO,1. Sent,North America
Sales Emails - Q4 Jolene,CEO,Senior Management,205,202008_FB,CEO,1. Sent,North America
Sales Emails - Q4 Jolene,Founder/Executive Editor,Senior Management,891.34,202008_FB,CEO,1. Sent,North America
Sales Emails - Q4 Delphine,Co-Founder,Senior Management,325.78,202008_FB,CEO,1. Sent,Africa
Sales Emails - Q4 Delphine,md,Senior Management,753.03,202008_FB,CEO,1. Sent,MENA - North Africa
Sales Emails - Q4 Delphine,Founder,Senior Management,643.44,202008_FB,CEO,1. Sent,Europe - UK & Ireland
Sales Emails - Q4 Delphine,CEO,Senior Management,119,202008_FB,CEO,1. Sent,Asia - Russia and CIS
Sales Emails - Q4 Delphine,CEO,Senior Management,335.11,202008_FB,CEO,1. Sent,Asia - South
Sales Emails - Q4 Delphine,Director General,Senior Management,156,202008_FB,CEO,1. Sent,Europe - Southeast
Sales Emails - Q4 Delphine,Co-Founder,Senior Management,419.08,202008_FB,CEO,1. Sent,Asia - South
Sales Emails - Q4 Delphine,Ceo,Senior Management,392.01,202008_FB,CEO,1. Sent,Asia - South
Sales Emails - Q4 Delphine,Co-Founder,Senior Management,680.51,202008_FB,CEO,1. Sent,Europe - UK & Ireland
Sales Emails - Q4 Delphine,Ceo,Senior Management,443.92,202008_FB,CEO,1. Sent,Europe - UK & Ireland
Sales Emails - Q4 Delphine,Ceo,Senior Management,2848.68,202008_FB,CEO,1. Sent,MENA - North Africa
Sales Emails - Q4 Delphine,Ceo,Senior Management,208.32,202008_FB,CEO,1. Sent,MENA - North Africa
Sales Emails - Q4 Delphine,Managing Director,Senior Management,295.88,202008_FB,CEO,1. Sent,Asia - South
Sales Emails - Q4 Delphine,Managing Director,Senior Management,1164.04,202008_FB,CEO,1. Sent,Asia - South
Sales Emails - Q4 Delphine,Publishing Director,Senior Management,596.21,202008_FB,CEO,1. Sent,MENA - North Africa
Sales Emails - Q4 Emil,CEO,Senior Management,241,202008_FB,CEO,1. Sent,Asia - Oceania
Sales Emails - Q4 Emil,CEO,Senior Management,164.4,202008_FB,CEO,1. Sent,Asia - East
Sales Emails - Q4 Emil,CEO,Senior Management,188,202008_FB,CEO,1. Sent,Europe - Italy
Sales Emails - Q4 Emil,Director General,Senior Management,188,202008_FB,CEO,1. Sent,Europe - Italy
Sales Emails - Q4 Emil,"Founder, President",Senior Management,164.4,202008_FB,CEO,1. Sent,Asia - East
Sales Emails - Q4 Emil,Ceo,Senior Management,222.4,202008_FB,CEO,1. Sent,MENA - Middle East
Sales Emails - Q4 Emil,Owner,Senior Management,596.73,202008_FB,CEO,1. Sent,MENA - Middle East
Sales Emails - Q4 Emil,Founder,Senior Management,3424.93,202008_FB,CEO,1. Sent,MENA - Middle East
Sales Emails - Q4 Emil,Co-Founder,Senior Management,3424.93,202008_FB,CEO,1. Sent,MENA - Middle East
Sales Emails - Q4 Catherine,CEO,Senior Management,97.74,202008_FB,CEO,1. Sent,Africa
Sales Emails - Q4 Catherine,CEO,Senior Management,548.87,202008_FB,CEO,1. Sent,Europe - East
Sales Emails - Q4 Catherine,Founder,Senior Management,553.77,202008_FB,CEO,1. Sent,Europe - East
Sales Emails - Q4 Catherine,CEO,Senior Management,212.77,202008_FB,CEO,1. Sent,Africa
Sales Emails - Q4 Catherine,CEO,Senior Management,238,202008_FB,CEO,1. Sent,Europe - Nordics
Sales Emails - Q4 Catherine,CEO,Senior Management,6230,202008_FB,CEO,1. Sent,Europe - East
Sales Emails - Q4 Catherine,Ceo,Senior Management,238,202008_FB,CEO,1. Sent,Europe - Nordics
Sales Emails - Q4 Catherine,"Founder, Ceo",Senior Management,124.6,202008_FB,CEO,1. Sent,Europe - East
Sales Emails - Q4 Catherine,Ceo,Senior Management,301.87,202008_FB,CEO,1. Sent,Europe - East
Sales Emails - Q4 Catherine,General Manager,Senior Management,386.22,202008_FB,CEO,1. Sent,Africa
Sales Emails - Q4 Catherine,Managing Director,Senior Management,403.77,202008_FB,CEO,1. Sent,Africa
Sales Emails - Q4 Alexander,CEO,Senior Management,157,202008_FB,CEO,1. Sent,Europe - Spain & Portugal
Sales Emails - Q4 Alexander,CEO,Senior Management,123.8,202008_FB,CEO,1. Sent,LatAm - South
Sales Emails - Q4 Alexander,CEO,Senior Management,214.36,202008_FB,CEO,1. Sent,LatAm - South
Sales Emails - Q4 Alexander,Founder,Senior Management,205,202008_FB,CEO,1. Sent,North America
Sales Emails - Q4 Alexander,CEO,Senior Management,742.8,202008_FB,CEO,1. Sent,LatAm - Central
Sales Emails - Q4 Alexander,CEO,Senior Management,205,202008_FB,CEO,1. Sent,North America
Sales Emails - Q4 Alexander,CEO,Senior Management,123.8,202008_FB,CEO,1. Sent,LatAm - South
Sales Emails - Q4 Alexander,CEO,Senior Management,205,202008_FB,CEO,1. Sent,North America
Sales Emails - Q4 Alexander,CEO,Senior Management,123.8,202008_FB,CEO,1. Sent,LatAm - South
Sales Emails - Q4 Alexander,"Founder, CEO",Senior Management,847.03,202008_FB,CEO,1. Sent,LatAm - South
Sales Emails - Q4 Alexander,Co-Founder,Senior Management,1361.83,202008_FB,CEO,1. Sent,LatAm - South
Sales Emails - Q4 Alexander,Vp & General Manager,Senior Management,1338.59,202008_FB,CEO,1. Sent,North America
Sales Emails - Q4 Alexander,Managing Director,Senior Management,464.55,202008_FB,CEO,1. Sent,LatAm - South
Sales Emails - Q4 Alexander,"Chairman, Ceo",Senior Management,1107,202008_FB,CEO,1. Sent,North America
Sales Emails - Q4 Alexander,Director General,Senior Management,765.79,202008_FB,CEO,1. Sent,Europe - Spain & Portugal
Sales Emails - Q4 Alexander,Presidente,Senior Management,341.74,202008_FB,CEO,1. Sent,North America
Sales Emails - Q4 Alexander,PUBLISHER,Senior Management,804.22,202008_FB,CEO,1. Sent,Europe - Spain & Portugal
Sales Emails - Q4 Alexander,CEO,Senior Management,10250,202008_FB,CEO,1. Sent,North America
Sales Emails - Q4 Emil,Co-Founder,Senior Management,167.1,202008_FB,CEO,2. Negative,Asia - East
Sales Emails - Q4 Alexander,CEO,Senior Management,123.8,202008_FB,CEO,2. Negative,LatAm - Caribbean
Sales Emails - Q4 Alexander,Conductor/Director General en Radio Continental/DiariodeCultura.com.ar,Senior Management,123.8,202008_FB,CEO,3. Neutral,LatAm - South
Sales Emails - Q4 Cyrus,Présidente-directrice générale,Senior Management,205,202008_Contact,Managing Director,3. Neutral,North America
Sales Emails - Q4 Catherine,CEO,Senior Management,373.21,202008_FB,CEO,4. Positive,Africa
Sales Emails - Q4 Alexander,Owner,Senior Management,157,202008_FB,CEO,4. Positive,Europe - Spain & Portugal
Sales Emails - Q4 Alexander,Ceo,Senior Management,123.8,202008_FB,CEO,4. Positive,LatAm - South
Sales Emails - Q4 Alexander,Director General,Senior Management,894.88,202008_FB,CEO,4. Positive,LatAm - South
Sales Emails - Q4 Alexander,Ceo,Senior Management,157,202008_FB,CEO,4. Positive,Europe - Spain & Portugal
Sales Emails - Q4 Alexander,CEO,Senior Management,216.93,202008_FB,CEO,4. Positive,LatAm - Central
Sales Emails - Q3 Jacob,CTO,Senior Management,169.02,202008_FB,Chief Technology Officer,1. Sent,LatAm - South
Sales Emails - Q4 Delphine,"President, Cto",Senior Management,446.7,202008_FB,Chief Technology Officer,1. Sent,Asia - South
Sales Emails - Q4 Delphine,"VP, Technology",Senior Management,944.02,202008_FB,Chief Technology Officer,1. Sent,Asia - South
Sales Emails - Q4 Catherine,Head Of Ict,Senior Management,567.14,202008_FB,Chief Technology Officer,1. Sent,Africa
Sales Emails - Q4 Alexander,Director Nacional de Tecnología,Senior Management,191.8,202008_FB,Chief Technology Officer,1. Sent,LatAm - Central
Sales Emails - Q4 Alexander,CTO,Senior Management,431.74,202008_FB,Chief Technology Officer,1. Sent,Europe - Spain & Portugal
Sales Emails - Q4 Alexander,CTO,Senior Management,123.8,202008_FB,Chief Technology Officer,1. Sent,LatAm - South
Sales Emails - Q4 Alexander,Director de Tecnologia,Senior Management,410.36,202008_FB,Chief Technology Officer,1. Sent,LatAm - South
Sales Emails - Q4 Alexander,Technical,Senior Management,778.29,202008_FB,Chief Technology Officer,1. Sent,Europe - Spain & Portugal
Sales Emails - Q4 Alexander,Director de Tecnología y Nuevos Negocios,Senior Management,1493.4,202008_FB,Chief Technology Officer,3. Neutral,LatAm - South
Sales Emails - Q3 Jacob,CMO,Senior Management,1679.6,202008_FB,Chief Marketing Officer,1. Sent,Africa
Sales Emails - Q4 Alexander,Chief Marketing Officer,Senior Management,157,202008_FB,Chief Marketing Officer,1. Sent,Europe - Spain & Portugal
Sales Emails - Q3 Ferdinand,Managing Director,Senior Management,195.17,202008_FB,Managing Director,1. Sent,Europe - Italy
Sales Emails - Q3 Ferdinand,Managing Director,Senior Management,164.4,202008_FB,Managing Director,1. Sent,Asia - East
Sales Emails - Q4 Delphine,Managing Director,Senior Management,204.84,202008_FB,Managing Director,1. Sent,MENA - North Africa
Sales Emails - Q4 Catherine,Director of Sales and Marketing,Senior Management,255.18,202008_FB,Managing Director,1. Sent,Africa
Sales Emails - Q4 Alexander,Managing Director,Senior Management,0,202008_FB,Managing Director,1. Sent,Europe - Spain & Portugal
Sales Emails - Q4 Alexander,Managing Director,Senior Management,0,202008_FB,Managing Director,1. Sent,Europe - Spain & Portugal
Sales Emails - Q4 Alexander,Director,Senior Management,157,202008_FB,Managing Director,1. Sent,Europe - Spain & Portugal
Sales Emails - Q4 Alexander,Managing Director,Senior Management,157,202008_FB,Managing Director,1. Sent,Europe - Spain & Portugal
Sales Emails - Q4 Alexander,Gerente General,Senior Management,0,202008_FB,Managing Director,1. Sent,LatAm - Central
Sales Emails - Q4 Alexander,Managing Director,Senior Management,509.58,202008_FB,Managing Director,1. Sent,LatAm - Central
Sales Emails - Q4 Alexander,Director,Senior Management,0,202008_FB,Managing Director,1. Sent,Europe - Spain & Portugal
Sales Emails - Q4 Alexander,Director,Senior Management,419.01,202008_FB,Managing Director,1. Sent,LatAm - South
Sales Emails - Q4 Alexander,Operations Manager,Senior Management,528.89,202008_FB,Managing Director,1. Sent,North America
Sales Emails - Q4 Alexander,Gerente Comercial,Senior Management,2633.23,202008_FB,Managing Director,1. Sent,LatAm - South
Sales Emails - Q4 Alexander,General Manager,Senior Management,711.78,202008_FB,Managing Director,1. Sent,LatAm - South
Sales Emails - Q4 Alexander,managing director,Senior Management,476.09,202008_FB,Managing Director,1. Sent,LatAm - South
Sales Emails - Q4 Alexander,Managing Director,Senior Management,652.47,202008_FB,Managing Director,2. Negative,Europe - Spain & Portugal
Sales Emails - Q4 Alexander,General Director,Senior Management,123.8,202008_FB,Managing Director,3. Neutral,LatAm - Central
Sales Emails - Q4 Delphine,Senior Vice President Digital,Senior Management,1551.09,202008_FB,Chief Digital Officer,1. Sent,Asia - South
Sales Emails - Q4 Delphine,Chief Digital Editor,Senior Management,400.19,202008_FB,Chief Digital Officer,1. Sent,Asia - Russia and CIS
Sales Emails - Q4 Delphine,Chief Digital Officer,Senior Management,335.11,202008_FB,Chief Digital Officer,1. Sent,Asia - South
Sales Emails - Q4 Catherine,"Chief Digital, KBC",Senior Management,80,202008_FB,Chief Digital Officer,4. Positive,Africa
Sales Emails - Q3 Jacob,Editor in Chief,Senior Editorial,265.96,202008_FB,Editor In Chief,1. Sent,Africa
Sales Emails - Q3 Jacob,Co-Editor In Chief,Senior Editorial,343.47,202008_FB,Editor In Chief,1. Sent,Europe - France
Sales Emails - Q3 Jacob,Chief Editor,Senior Editorial,198.21,202008_FB,Editor In Chief,1. Sent,Europe - Spain & Portugal
Sales Emails - Q3 Ferdinand,Editor in Chief,Senior Editorial,245.51,202008_FB,Editor In Chief,1. Sent,MENA - Middle East
Sales Emails - Q3 Ferdinand,Editor-in-Chief,Senior Editorial,222.4,202008_FB,Editor In Chief,1. Sent,MENA - Middle East
Sales Emails - Q3 Ferdinand,Director & Editor in Chief,Senior Editorial,168.85,202008_FB,Editor In Chief,1. Sent,Europe - East
Sales Emails - Q3 Ferdinand,Editor In Chief,Senior Editorial,596.31,202008_FB,Editor In Chief,1. Sent,Europe - East
Sales Emails - Q3 Ferdinand,Editor In Chief,Senior Editorial,301.87,202008_FB,Editor In Chief,1. Sent,Europe - East
Sales Emails - Q4 Jolene,Editor-in-chief,Senior Editorial,2304.26,202008_FB,Editor In Chief,1. Sent,North America
Sales Emails - Q4 Jolene,Editor-in-Chief,Senior Editorial,205,202008_FB,Editor In Chief,1. Sent,North America
Sales Emails - Q4 Jolene,Editor-in-Chief,Senior Editorial,223.75,202008_FB,Editor In Chief,1. Sent,North America
Sales Emails - Q4 Delphine,Editor in Chief & Exec. director,Senior Editorial,119,202008_FB,Editor In Chief,1. Sent,Asia - Russia and CIS
Sales Emails - Q4 Delphine,Editor-in-chief,Senior Editorial,0,202008_FB,Editor In Chief,1. Sent,Europe - UK & Ireland
Sales Emails - Q4 Delphine,Chief Editor,Senior Editorial,204.6,202008_FB,Editor In Chief,1. Sent,Asia - Russia and CIS
Sales Emails - Q4 Delphine,Editor-In-Chief,Senior Editorial,402.71,202008_FB,Editor In Chief,1. Sent,Asia - Russia and CIS
Sales Emails - Q4 Delphine,Editor in Chief,Senior Editorial,189.64,202008_FB,Editor In Chief,1. Sent,Asia - Russia and CIS
Sales Emails - Q4 Delphine,Editor In Chief,Senior Editorial,119,202008_FB,Editor In Chief,1. Sent,Asia - Russia and CIS
Sales Emails - Q4 Delphine,Editor-in-Chief,Senior Editorial,119,202008_FB,Editor In Chief,1. Sent,Asia - Russia and CIS
Sales Emails - Q4 Delphine,Deputy Chief Editor,Senior Editorial,119,202008_FB,Editor In Chief,1. Sent,Asia - Russia and CIS
Sales Emails - Q4 Delphine,Editor-in-Chief,Senior Editorial,230,202008_FB,Editor In Chief,1. Sent,Europe - UK & Ireland
Sales Emails - Q4 Delphine,Editor in Chief,Senior Editorial,1285.38,202008_FB,Editor In Chief,1. Sent,MENA - North Africa
Sales Emails - Q4 Delphine,Editor in Chief,Senior Editorial,156,202008_FB,Editor In Chief,1. Sent,Europe - Southeast
Sales Emails - Q4 Delphine,Editor in Chief,Senior Editorial,156,202008_FB,Editor In Chief,1. Sent,Europe - Southeast
Sales Emails - Q4 Delphine,Editor-in-Chief,Senior Editorial,156,202008_FB,Editor In Chief,1. Sent,Europe - Southeast
Sales Emails - Q4 Delphine,Editor-in-Chief,Senior Editorial,167.94,202008_FB,Editor In Chief,1. Sent,Asia - South
Sales Emails - Q4 Delphine,Editor In Chief,Senior Editorial,271.18,202008_FB,Editor In Chief,1. Sent,Asia - Russia and CIS
Sales Emails - Q4 Delphine,Deputy Editor in Chief,Senior Editorial,119,202008_FB,Editor In Chief,1. Sent,Asia - Russia and CIS
Sales Emails - Q4 Delphine,Founder / Editor In Chief,Senior Editorial,587.8,202008_FB,Editor In Chief,1. Sent,Asia - South
Sales Emails - Q4 Delphine,Editor-In-Chief,Senior Editorial,161.09,202008_FB,Editor In Chief,1. Sent,Asia - South
Sales Emails - Q4 Delphine,Editor In Chief,Senior Editorial,215.98,202008_FB,Editor In Chief,1. Sent,Asia - South
Sales Emails - Q4 Delphine,Editor In Chief,Senior Editorial,338.05,202008_FB,Editor In Chief,1. Sent,Asia - Russia and CIS
Sales Emails - Q4 Delphine,Editor-In-Chief,Senior Editorial,806.25,202008_FB,Editor In Chief,1. Sent,MENA - North Africa
Sales Emails - Q4 Delphine,"Founder, Editor-In-Chief",Senior Editorial,470.32,202008_FB,Editor In Chief,1. Sent,Asia - South
Sales Emails - Q4 Delphine,Editor in Chief,Senior Editorial,220.3,202008_FB,Editor In Chief,1. Sent,Europe - Southeast
Sales Emails - Q4 Delphine,Publishing Director and Editor-in-Chief,Senior Editorial,675.33,202008_FB,Editor In Chief,1. Sent,MENA - North Africa
Sales Emails - Q4 Emil,Editor-in-Chief,Senior Editorial,188,202008_FB,Editor In Chief,1. Sent,Europe - Italy
Sales Emails - Q4 Emil,Editor-in-chief,Senior Editorial,222.4,202008_FB,Editor In Chief,1. Sent,MENA - Middle East
Sales Emails - Q4 Emil,Editor in Chief,Senior Editorial,1168.55,202008_FB,Editor In Chief,1. Sent,MENA - Middle East
Sales Emails - Q4 Emil,Editor-in-Chief,Senior Editorial,205.5,202008_FB,Editor In Chief,1. Sent,Asia - East
Sales Emails - Q4 Catherine,Deputy Editor-In-Chief,Senior Editorial,174.43,202008_FB,Editor In Chief,1. Sent,Africa
Sales Emails - Q4 Catherine,Editor in Chief,Senior Editorial,353.39,202008_FB,Editor In Chief,1. Sent,Europe - East
Sales Emails - Q4 Catherine,Editor in Chief,Senior Editorial,1176.69,202008_FB,Editor In Chief,1. Sent,Africa
Sales Emails - Q4 Catherine,Editor-in-Chief,Senior Editorial,81.08,202008_FB,Editor In Chief,1. Sent,Africa
Sales Emails - Q4 Catherine,Editor-in-Chief,Senior Editorial,1167.05,202008_FB,Editor In Chief,1. Sent,Africa
Sales Emails - Q4 Catherine,Editor In Chief,Senior Editorial,307.57,202008_FB,Editor In Chief,1. Sent,Africa
Sales Emails - Q4 Alexander,Editor in Chief,Senior Editorial,134.81,202008_FB,Editor In Chief,1. Sent,LatAm - South
Sales Emails - Q4 Alexander,Jefe de Redacción,Senior Editorial,311.76,202008_FB,Editor In Chief,1. Sent,LatAm - South
Sales Emails - Q4 Alexander,Editora Jefe,Senior Editorial,123.8,202008_FB,Editor In Chief,1. Sent,LatAm - South
Sales Emails - Q4 Alexander,Editora en Jefe,Senior Editorial,1175.54,202008_FB,Editor In Chief,1. Sent,North America
Sales Emails - Q4 Alexander,OWNER,Senior Editorial,216.93,202008_FB,Editor In Chief,1. Sent,LatAm - Central
Sales Emails - Q4 Alexander,Editor en jefe de Deportes,Senior Editorial,134.9,202008_FB,Editor In Chief,1. Sent,LatAm - Central
Sales Emails - Q4 Alexander,Editor-in-Chief,Senior Editorial,123.8,202008_FB,Editor In Chief,1. Sent,LatAm - Central
Sales Emails - Q4 Alexander,Editor in Chief,Senior Editorial,157,202008_FB,Editor In Chief,1. Sent,Europe - Spain & Portugal
Sales Emails - Q4 Alexander,Editor-in-Chief,Senior Editorial,123.8,202008_FB,Editor In Chief,1. Sent,LatAm - South
Sales Emails - Q4 Alexander,Editor in Chief,Senior Editorial,439.89,202008_FB,Editor In Chief,1. Sent,LatAm - Central
Sales Emails - Q4 Alexander,Editor In Chief,Senior Editorial,392.28,202008_FB,Editor In Chief,1. Sent,LatAm - Caribbean
Sales Emails - Q4 Alexander,Chefe de redacção,Senior Editorial,157,202008_FB,Editor In Chief,1. Sent,Europe - Spain & Portugal
Sales Emails - Q4 Alexander,Editor in chief,Senior Editorial,515.58,202008_FB,Editor In Chief,1. Sent,North America
Sales Emails - Q4 Catherine,Editor in Chief,Senior Editorial,278,202008_FB,Editor In Chief,2. Negative,Europe - DACH
Sales Emails - Q4 Alexander,Editora en Jefe,Senior Editorial,439.89,202008_FB,Editor In Chief,2. Negative,LatAm - Central
Sales Emails - Q4 Delphine,Editor-in-Chief,Senior Editorial,403.26,202008_FB,Editor In Chief,3. Neutral,Africa
Sales Emails - Q4 Alexander,Editora en jefe de Entrepreneur.com en Español,Senior Editorial,1489.32,202008_FB,Editor In Chief,3. Neutral,LatAm - Central
Sales Emails - Q4 Alexander,Editor Head,Senior Editorial,1359.42,202008_FB,Editor In Chief,3. Neutral,Europe - Spain & Portugal
Sales Emails - Q3 Jacob,Editor'S Head,Senior Editorial,187.2,202008_FB,Editor In Chief,4. Positive,LatAm - South
Sales Emails - Q4 Delphine,Chairman & Editor in Chief,Senior Editorial,403.26,202008_FB,Editor In Chief,4. Positive,Africa
Sales Emails - Q4 Catherine,Editor-in-Chief,Senior Editorial,242.13,202008_FB,Editor In Chief,4. Positive,Europe - East
Sales Emails - Q4 Catherine,Editor,Senior Editorial,196.13,202008_FB,Editor In Chief,4. Positive,Africa
Sales Emails - Q3 Jacob,Managing Editor,Senior Editorial,157,202008_FB,Managing Editor,1. Sent,Europe - Spain & Portugal
Sales Emails - Q3 Jacob,Managing editor,Senior Editorial,411.71,202008_FB,Managing Editor,1. Sent,North America
Sales Emails - Q3 Jacob,Managing Editor,Senior Editorial,293.05,202008_FB,Managing Editor,1. Sent,Africa
Sales Emails - Q3 Jacob,Managing Editor,Senior Editorial,80,202008_FB,Managing Editor,1. Sent,Africa
Sales Emails - Q3 Jacob,Managing Editor,Senior Editorial,208.06,202008_FB,Managing Editor,1. Sent,Africa
Sales Emails - Q3 Ferdinand,Managing Editor,Senior Editorial,801.04,202008_FB,Managing Editor,1. Sent,Asia - East
Sales Emails - Q3 Ferdinand,Managing Editor,Senior Editorial,124.6,202008_FB,Managing Editor,1. Sent,Europe - East
Sales Emails - Q4 Jolene,Director of Editorial Projects,Senior Editorial,0,202008_FB,Managing Editor,1. Sent,North America
Sales Emails - Q4 Jolene,Managing Editor,Senior Editorial,1446.82,202008_FB,Managing Editor,1. Sent,North America
Sales Emails - Q4 Jolene,Managing Editor,Senior Editorial,205,202008_FB,Managing Editor,1. Sent,North America
Sales Emails - Q4 Jolene,Managing Editor,Senior Editorial,2135.3,202008_FB,Managing Editor,1. Sent,North America
Sales Emails - Q4 Delphine,Managing Editor,Senior Editorial,119,202008_FB,Managing Editor,1. Sent,Asia - Russia and CIS
Sales Emails - Q4 Delphine,Managing Editor,Senior Editorial,156,202008_FB,Managing Editor,1. Sent,Europe - Southeast
Sales Emails - Q4 Delphine,Deputy Chief Sub-Editor,Senior Editorial,322.5,202008_FB,Managing Editor,1. Sent,Europe - UK & Ireland
Sales Emails - Q4 Delphine,Managing Editor,Senior Editorial,993.41,202008_FB,Managing Editor,1. Sent,Asia - South
Sales Emails - Q4 Delphine,Managing Editor,Senior Editorial,785.43,202008_FB,Managing Editor,1. Sent,Asia - South
Sales Emails - Q4 Delphine,Managing Editor,Senior Editorial,119,202008_FB,Managing Editor,1. Sent,Asia - Russia and CIS
Sales Emails - Q4 Delphine,Managing Editor,Senior Editorial,160.39,202008_FB,Managing Editor,1. Sent,Asia - Russia and CIS
Sales Emails - Q4 Delphine,Managing Editor,Senior Editorial,401.03,202008_FB,Managing Editor,1. Sent,Asia - South
Sales Emails - Q4 Delphine,Editor of English Version,Senior Editorial,152.39,202008_FB,Managing Editor,1. Sent,Asia - Russia and CIS
Sales Emails - Q4 Emil,Managing Editor,Senior Editorial,268.4,202008_FB,Managing Editor,1. Sent,Asia - East
Sales Emails - Q4 Emil,Managing Editor,Senior Editorial,241,202008_FB,Managing Editor,1. Sent,Asia - Oceania
Sales Emails - Q4 Emil,Managing Editor,Senior Editorial,559.71,202008_FB,Managing Editor,1. Sent,Europe - Italy
Sales Emails - Q4 Emil,Managing Editor,Senior Editorial,188,202008_FB,Managing Editor,1. Sent,Europe - Italy
Sales Emails - Q4 Emil,Deputy Managing Editor,Senior Editorial,210.15,202008_FB,Managing Editor,1. Sent,Europe - Italy
Sales Emails - Q4 Emil,Managing Editor,Senior Editorial,559.71,202008_FB,Managing Editor,1. Sent,Europe - Italy
Sales Emails - Q4 Emil,Managing Editor,Senior Editorial,559.71,202008_FB,Managing Editor,1. Sent,Europe - Italy
Sales Emails - Q4 Emil,Deputy Managing Editor,Senior Editorial,222.4,202008_FB,Managing Editor,1. Sent,MENA - Middle East
Sales Emails - Q4 Emil,Managing Editor,Senior Editorial,164.4,202008_FB,Managing Editor,1. Sent,Asia - East
Sales Emails - Q4 Emil,Managing Editor,Senior Editorial,936.17,202008_FB,Managing Editor,1. Sent,MENA - Middle East
Sales Emails - Q4 Emil,Managing Editor,Senior Editorial,188,202008_FB,Managing Editor,1. Sent,Europe - Italy
Sales Emails - Q4 Emil,Managing Editor,Senior Editorial,164.4,202008_FB,Managing Editor,1. Sent,Asia - East
Sales Emails - Q4 Emil,Managing Editor,Senior Editorial,733.07,202008_FB,Managing Editor,1. Sent,Asia - East
Sales Emails - Q4 Catherine,Managing Editor,Senior Editorial,444.17,202008_FB,Managing Editor,1. Sent,Africa
Sales Emails - Q4 Catherine,Managing Editor,Senior Editorial,262.6,202008_FB,Managing Editor,1. Sent,Europe - Nordics
Sales Emails - Q4 Catherine,Managing Editor,Senior Editorial,1604.61,202008_FB,Managing Editor,1. Sent,Africa
Sales Emails - Q4 Catherine,Managing Editor,Senior Editorial,596.31,202008_FB,Managing Editor,1. Sent,Europe - East
Sales Emails - Q4 Catherine,Managing Editor,Senior Editorial,127.5,202008_FB,Managing Editor,1. Sent,Europe - East
Sales Emails - Q4 Catherine,"Managing Editor, Digital",Senior Editorial,480,202008_FB,Managing Editor,1. Sent,Africa
Sales Emails - Q4 Alexander,Managing Editor,Senior Editorial,157,202008_FB,Managing Editor,1. Sent,Europe - Spain & Portugal
Sales Emails - Q4 Alexander,Editorial director,Senior Editorial,220.6,202008_FB,Managing Editor,1. Sent,LatAm - Central
Sales Emails - Q4 Alexander,Deputy Managing Editor,Senior Editorial,123.8,202008_FB,Managing Editor,1. Sent,LatAm - Central
Sales Emails - Q4 Alexander,Deputy Managing Editor,Senior Editorial,123.8,202008_FB,Managing Editor,1. Sent,LatAm - Central
Sales Emails - Q4 Alexander,Managing Editor,Senior Editorial,1243.82,202008_FB,Managing Editor,1. Sent,LatAm - Central
Sales Emails - Q4 Alexander,Managing Editor,Senior Editorial,123.8,202008_FB,Managing Editor,1. Sent,LatAm - Central
Sales Emails - Q4 Alexander,Managing Editor,Senior Editorial,374.22,202008_FB,Managing Editor,1. Sent,North America
Sales Emails - Q4 Alexander,Directora Editorial,Senior Editorial,347.78,202008_FB,Managing Editor,1. Sent,LatAm - Central
Sales Emails - Q4 Alexander,Managing Editor,Senior Editorial,123.8,202008_FB,Managing Editor,1. Sent,LatAm - Central
Sales Emails - Q4 Alexander,Deputy Editor,Senior Editorial,123.8,202008_FB,Managing Editor,1. Sent,LatAm - Caribbean
Sales Emails - Q4 Alexander,Editora General de Revista K,Senior Editorial,153.42,202008_FB,Managing Editor,1. Sent,LatAm - Central
Sales Emails - Q4 Alexander,"Host, Managing Editor, ""Think""",Senior Editorial,205,202008_FB,Managing Editor,1. Sent,North America
Sales Emails - Q4 Alexander,Managing Editor,Senior Editorial,190.38,202008_FB,Managing Editor,1. Sent,LatAm - South
Sales Emails - Q4 Alexander,Editorial Director,Senior Editorial,583.93,202008_FB,Managing Editor,1. Sent,LatAm - Central
Sales Emails - Q4 Alexander,Managing Editor,Senior Editorial,123.8,202008_FB,Managing Editor,1. Sent,LatAm - Central
Sales Emails - Q4 Alexander,Editor,Senior Editorial,153.81,202008_FB,Managing Editor,1. Sent,LatAm - South
Sales Emails - Q3 Cyrus,Managing Editor,Senior Editorial,2046.89,202008_FB,Managing Editor,1. Sent,Asia - Oceania
Sales Emails - Q4 Delphine,Senior Editor,Senior Editorial,396.23,202008_FB,Managing Editor,3. Neutral,Asia - South
Sales Emails - Q4 Catherine,Managing Editor,Senior Editorial,208.06,202008_FB,Managing Editor,3. Neutral,Europe - East
Sales Emails - Q4 Alexander,Senior Editor,Senior Editorial,123.8,202008_FB,Managing Editor,3. Neutral,LatAm - Caribbean
Sales Emails - Q3 Jacob,Managing Editor,Senior Editorial,329.56,202008_FB,Managing Editor,4. Positive,Europe - France
Sales Emails - Q3 Ferdinand,Managing Editor,Senior Editorial,1848.23,202008_FB,Managing Editor,4. Positive,MENA - Middle East
Sales Emails - Q4 Catherine,Managing Editor,Senior Editorial,124.6,202008_FB,Managing Editor,4. Positive,Europe - East
Sales Emails - Q4 Alexander,Directora Editorial,Senior Editorial,123.8,202008_FB,Managing Editor,4. Positive,LatAm - South
Sales Emails - Q4 Alexander,Managing Editor,Senior Editorial,747.19,202008_FB,Managing Editor,4. Positive,LatAm - Central
Sales Emails - Q4 Delphine,Digital Editor,Senior Editorial,789.88,202008_FB,Digital Editor,1. Sent,Asia - South
Sales Emails - Q4 Delphine,Digital Content Editor,Senior Editorial,230,202008_FB,Digital Editor,1. Sent,Europe - UK & Ireland
Sales Emails - Q4 Emil,Digital Editor,Senior Editorial,976.65,202008_FB,Digital Editor,1. Sent,Europe - Italy
Sales Emails - Q4 Alexander,Editora Web,Senior Editorial,0,202008_FB,Digital Editor,1. Sent,LatAm - South
Sales Emails - Q4 Alexander,Digital Editor,Senior Editorial,150.69,202008_FB,Digital Editor,1. Sent,LatAm - South
Sales Emails - Q4 Alexander,Editora digital,Senior Editorial,123.8,202008_FB,Digital Editor,1. Sent,LatAm - South
Sales Emails - Q4 Alexander,"Editor Web, Internacionales Y Supervisor De Contenidos Digitales",Senior Editorial,524.74,202008_FB,Digital Editor,1. Sent,LatAm - Central
Sales Emails - Q4 Alexander,Editor Digital,Senior Editorial,1852.44,202008_FB,Digital Editor,1. Sent,LatAm - Central
Sales Emails - Q4 Alexander,Digital Editor,Senior Editorial,140.46,202008_FB,Digital Editor,1. Sent,LatAm - Central
Sales Emails - Q4 Alexander,Digital Editor,Senior Editorial,123.8,202008_FB,Digital Editor,1. Sent,LatAm - South
Sales Emails - Q4 Alexander,Redactor digital,Senior Editorial,1040.35,202008_FB,Digital Editor,1. Sent,LatAm - Central
Sales Emails - Q4 Alexander,Coordinador Estrategias Digitales,Senior Editorial,123.8,202008_FB,Digital Editor,1. Sent,LatAm - Central
Sales Emails - Q4 Alexander,Web editor,Senior Editorial,123.8,202008_FB,Digital Editor,1. Sent,LatAm - Central
Sales Emails - Q4 Alexander,Digital Editor,Senior Editorial,123.8,202008_FB,Digital Editor,1. Sent,LatAm - Caribbean
Sales Emails - Q4 Alexander,Digital Editor,Senior Editorial,123.8,202008_FB,Digital Editor,1. Sent,LatAm - Central
Sales Emails - Q4 Alexander,Editor Web,Senior Editorial,359.35,202008_FB,Digital Editor,1. Sent,LatAm - South
Sales Emails - Q3 Cyrus,Digital Editor,Senior Editorial,2046.89,202008_FB,Digital Editor,1. Sent,Asia - Oceania
Sales Emails - Q4 Alexander,Web Editor,Senior Editorial,157,202008_FB,Digital Editor,3. Neutral,Europe - Spain & Portugal
Sales Emails - Q4 Alexander,Digital Editor,Senior Editorial,790.08,202008_FB,Digital Editor,3. Neutral,LatAm - South
Sales Emails - Q4 Jolene,"Senior Vice President, Digital",Senior Specialist,205,202008_FB,Digital Director,1. Sent,North America
Sales Emails - Q4 Delphine,Head of Digital (South Yorkshire),Senior Specialist,0,202008_FB,Digital Director,1. Sent,Europe - UK & Ireland
Sales Emails - Q4 Delphine,Head of Digital,Senior Specialist,1422.14,202008_FB,Digital Director,1. Sent,Asia - South
Sales Emails - Q4 Delphine,"VP, Digital",Senior Specialist,156,202008_FB,Digital Director,1. Sent,Europe - Southeast
Sales Emails - Q4 Delphine,Head of Digital,Senior Specialist,1470.36,202008_FB,Digital Director,1. Sent,Asia - South
Sales Emails - Q4 Delphine,Digital Director,Senior Specialist,119,202008_FB,Digital Director,1. Sent,Asia - Russia and CIS
Sales Emails - Q4 Emil,Group Online Content Director of Digital,Senior Specialist,0,202008_FB,Digital Director,1. Sent,Asia - Oceania
Sales Emails - Q4 Emil,Head of Digital,Senior Specialist,258.57,202008_FB,Digital Director,1. Sent,MENA - Middle East
Sales Emails - Q4 Catherine,Online-Chef,Senior Specialist,278,202008_FB,Digital Director,1. Sent,Europe - DACH
Sales Emails - Q4 Catherine,Digital Chef,Senior Specialist,238,202008_FB,Digital Director,1. Sent,Europe - Nordics
Sales Emails - Q4 Catherine,Digital Media Director,Senior Specialist,781.46,202008_FB,Digital Director,1. Sent,Europe - East
Sales Emails - Q4 Alexander,Head of Digital,Senior Specialist,157,202008_FB,Digital Director,1. Sent,Europe - Spain & Portugal
Sales Emails - Q4 Alexander,Encargado Web,Senior Specialist,157,202008_FB,Digital Director,1. Sent,Europe - Spain & Portugal
Sales Emails - Q4 Alexander,Head of Digital,Senior Specialist,205,202008_FB,Digital Director,1. Sent,North America
Sales Emails - Q4 Alexander,Jefe de Procesos Digitales,Senior Specialist,667.14,202008_FB,Digital Director,1. Sent,LatAm - South
Sales Emails - Q4 Alexander,Digital Content Director,Senior Specialist,205,202008_FB,Digital Director,1. Sent,North America
Sales Emails - Q4 Alexander,Jefe de Medios Digitales,Senior Specialist,1042.87,202008_FB,Digital Director,3. Neutral,LatAm - South
Sales Emails - Q4 Alexander,DIGITAL DIRECTOR,Senior Specialist,221.74,202008_FB,Digital Director,3. Neutral,LatAm - Central
Sales Emails - Q4 Alexander,Director,Senior Specialist,590.47,202008_FB,Digital Director,4. Positive,LatAm - Central
Sales Emails - Q4 Alexander,Head of Digital,Senior Specialist,123.8,202008_FB,Digital Director,4. Positive,LatAm - Central
Sales Emails - Q4 Alexander,Digital Director,Senior Specialist,221.74,202008_FB,Digital Director,4. Positive,LatAm - Central
Sales Emails - Q4 Alexander,Proyectos Online,Senior Specialist,123.8,202008_FB,Digital Director,4. Positive,LatAm - South
Sales Emails - Q4 Delphine,Content Manager,Senior Specialist,230,202008_FB,Content Director,1. Sent,Europe - UK & Ireland
Sales Emails - Q4 Delphine,Content Editor,Senior Specialist,230,202008_FB,Content Director,1. Sent,Europe - UK & Ireland
Sales Emails - Q4 Delphine,Content Manager,Senior Specialist,3257.2,202008_FB,Content Director,1. Sent,Asia - South
Sales Emails - Q4 Delphine,Multimedia Content Manager,Senior Specialist,230,202008_FB,Content Director,1. Sent,Europe - UK & Ireland
Sales Emails - Q4 Delphine,Digital Content Producer,Senior Specialist,230,202008_FB,Content Director,1. Sent,Europe - UK & Ireland
Sales Emails - Q4 Delphine,Group Director of Digital Content,Senior Specialist,1420.59,202008_FB,Content Director,1. Sent,Europe - UK & Ireland
Sales Emails - Q4 Emil,"Content Specialist, digital strategist, social media manager",Senior Specialist,188,202008_FB,Content Director,1. Sent,Europe - Italy
Sales Emails - Q4 Emil,Head of Content & Social Media,Senior Specialist,164.4,202008_FB,Content Director,1. Sent,Asia - East
Sales Emails - Q4 Emil,Content Director,Senior Specialist,222.4,202008_FB,Content Director,1. Sent,MENA - Middle East
Sales Emails - Q4 Catherine,Content Director,Senior Specialist,513.67,202008_FB,Content Director,1. Sent,Africa
Sales Emails - Q4 Alexander,Content Manager,Senior Specialist,171.01,202008_FB,Content Director,1. Sent,LatAm - South
Sales Emails - Q4 Alexander,Jefe de Contenidos Digitales,Senior Specialist,123.8,202008_FB,Content Director,1. Sent,LatAm - South
Sales Emails - Q4 Alexander,Gerente de Contenidos Canal 9,Senior Specialist,647,202008_FB,Content Director,1. Sent,LatAm - South
Sales Emails - Q4 Alexander,Editor de contenidos,Senior Specialist,563.61,202008_FB,Content Director,1. Sent,LatAm - South
Sales Emails - Q4 Alexander,Director de Contenidos,Senior Specialist,1042.87,202008_FB,Content Director,1. Sent,LatAm - South
Sales Emails - Q4 Alexander,"VP, Content",Senior Specialist,1384.64,202008_FB,Content Director,1. Sent,LatAm - Central
Sales Emails - Q4 Alexander,Director,Senior Specialist,287.36,202008_FB,Content Director,1. Sent,LatAm - South
Sales Emails - Q4 Alexander,Coordinador de Contenido Digital,Senior Specialist,3081.15,202008_FB,Content Director,1. Sent,LatAm - South
Sales Emails - Q4 Alexander,Digital content and strategy analyst,Senior Specialist,1042.87,202008_FB,Content Director,2. Negative,LatAm - South
Sales Emails - Q4 Alexander,Web Content Editor And Video Content Creation,Senior Specialist,765.79,202008_FB,Content Director,3. Neutral,Europe - Spain & Portugal
Sales Emails - Q4 Alexander,Director de Contenidos,Senior Specialist,123.8,202008_FB,Content Director,4. Positive,LatAm - South
Sales Emails - Q3 Jacob,Marketing Manager,Senior Specialist,123.8,202008_FB,Marketing Director,1. Sent,LatAm - South
Sales Emails - Q4 Jolene,Director Of Marketing And Community Engagement,Senior Specialist,392.96,202008_FB,Marketing Director,1. Sent,North America
Sales Emails - Q4 Delphine,Marketing Manager,Senior Specialist,351.35,202008_FB,Marketing Director,1. Sent,Europe - Southeast
Sales Emails - Q4 Delphine,Marketing Manager,Senior Specialist,119,202008_FB,Marketing Director,1. Sent,Asia - Russia and CIS
Sales Emails - Q4 Delphine,Marketing Manager,Senior Specialist,0,202008_FB,Marketing Director,1. Sent,Europe - UK & Ireland
Sales Emails - Q4 Delphine,Marketing & Commercial Director,Senior Specialist,119,202008_FB,Marketing Director,1. Sent,Asia - Russia and CIS
Sales Emails - Q4 Delphine,Sales And Advertising Manager,Senior Specialist,315.86,202008_FB,Marketing Director,1. Sent,MENA - North Africa
Sales Emails - Q4 Delphine,Head of Communications,Senior Specialist,156,202008_FB,Marketing Director,1. Sent,Europe - Southeast
Sales Emails - Q4 Emil,Marketing Coordinator,Senior Specialist,188,202008_FB,Marketing Director,1. Sent,Europe - Italy
Sales Emails - Q4 Emil,Digital Marketing Manager,Senior Specialist,289.47,202008_FB,Marketing Director,1. Sent,MENA - Middle East
Sales Emails - Q4 Emil,Head of Marketing,Senior Specialist,164.4,202008_FB,Marketing Director,1. Sent,Asia - East
Sales Emails - Q4 Emil,Marketing Manager,Senior Specialist,164.4,202008_FB,Marketing Director,1. Sent,Asia - East
Sales Emails - Q4 Emil,Marketing Director,Senior Specialist,268.4,202008_FB,Marketing Director,1. Sent,Asia - East
Sales Emails - Q4 Catherine,Vice Marketing Director,Senior Specialist,638,202008_FB,Marketing Director,1. Sent,Europe - East
Sales Emails - Q4 Catherine,Marketing Director,Senior Specialist,494.39,202008_FB,Marketing Director,1. Sent,Europe - East
Sales Emails - Q4 Alexander,Director of Marketing,Senior Specialist,157,202008_FB,Marketing Director,1. Sent,Europe - Spain & Portugal
Sales Emails - Q4 Alexander,Director de Mercadotecnia Digital,Senior Specialist,322.1,202008_FB,Marketing Director,1. Sent,LatAm - Central
Sales Emails - Q4 Alexander,Marketing Manager,Senior Specialist,1198.01,202008_FB,Marketing Director,1. Sent,LatAm - Central
Sales Emails - Q4 Alexander,Marketing & Advertising Manager,Senior Specialist,4318.84,202008_FB,Marketing Director,1. Sent,LatAm - Central
Sales Emails - Q4 Alexander,Marketing & Sales Manager,Senior Specialist,0,202008_FB,Marketing Director,1. Sent,Europe - Spain & Portugal
Sales Emails - Q4 Alexander,Directora de Marketing y Desarrollo,Senior Specialist,438.37,202008_FB,Marketing Director,1. Sent,Europe - Spain & Portugal
Sales Emails - Q4 Alexander,Jefe de Marketing,Senior Specialist,123.8,202008_FB,Marketing Director,1. Sent,LatAm - South
Sales Emails - Q4 Alexander,Jefa de Marketing,Senior Specialist,419.01,202008_FB,Marketing Director,1. Sent,LatAm - South
Sales Emails - Q4 Alexander,Marketing Manager,Senior Specialist,205,202008_FB,Marketing Director,1. Sent,North America
Sales Emails - Q4 Alexander,"Marketing digital, ecommerce, comunicacion online y of line, redes sociales y contenidos multimedia",Senior Specialist,172.8,202008_FB,Marketing Director,1. Sent,Europe - Spain & Portugal
Sales Emails - Q4 Alexander,Marketing Director,Senior Specialist,157,202008_FB,Marketing Director,1. Sent,Europe - Spain & Portugal
Sales Emails - Q4 Alexander,Marketing Director,Senior Specialist,157,202008_FB,Marketing Director,1. Sent,Europe - Spain & Portugal
Sales Emails - Q4 Alexander,Marketing Manager,Senior Specialist,505.57,202008_FB,Marketing Director,1. Sent,North America
Sales Emails - Q4 Catherine,Head of Marketing,Senior Specialist,325.47,202008_FB,Marketing Director,3. Neutral,Europe - Nordics
Sales Emails - Q4 Jolene,Social Media Director,Senior Specialist,1857.62,202008_FB,Social Media Director,1. Sent,North America
Sales Emails - Q4 Jolene,Social Media Specialist,Senior Specialist,1156.27,202008_FB,Social Media Director,1. Sent,North America
Sales Emails - Q4 Delphine,Head of Social Media,Senior Specialist,421.3,202008_FB,Social Media Director,1. Sent,Asia - South
Sales Emails - Q4 Alexander,Responsable Redes Sociales Grupo,Senior Specialist,1159.27,202008_FB,Social Media Director,1. Sent,LatAm - Central
Sales Emails - Q4 Alexander,Director Of Social Media,Senior Specialist,207.47,202008_FB,Social Media Director,1. Sent,North America
Sales Emails - Q4 Alexander,Head of Audience Development,Senior Specialist,123.8,202008_FB,Audience Development Director,1. Sent,LatAm - South
Sales Emails - Q4 Alexander,Head of Audience Development,Senior Specialist,0,202008_FB,Audience Development Director,2. Negative,Europe - Spain & Portugal
Sales Emails - Q3 Ferdinand,Vp,Senior Specialist,1842.86,202008_FB,VP Product,1. Sent,Asia - East
Sales Emails - Q4 Emil,"Head Of Product, Product Department",Senior Specialist,805.41,202008_FB,VP Product,1. Sent,Asia - East
Sales Emails - Q4 Delphine,SM editor hromadske.ua,End User,378.42,202008_FB,Social Media Editor,1. Sent,Asia - Russia and CIS
Sales Emails - Q4 Delphine,Social Media Editor,End User,119,202008_FB,Social Media Editor,1. Sent,Asia - Russia and CIS
Sales Emails - Q4 Delphine,Social Media Editor,End User,418.6,202008_FB,Social Media Editor,1. Sent,Europe - UK & Ireland
Sales Emails - Q4 Emil,Journalist - social media editor,End User,195.17,202008_FB,Social Media Editor,1. Sent,Europe - Italy
Sales Emails - Q4 Emil,Social Media Editor,End User,188,202008_FB,Social Media Editor,1. Sent,Europe - Italy
Sales Emails - Q4 Emil,Social Media Producer,End User,222.4,202008_FB,Social Media Editor,1. Sent,MENA - Middle East
Sales Emails - Q4 Alexander,Social Media Editor,End User,419.01,202008_FB,Social Media Editor,1. Sent,LatAm - South
Sales Emails - Q4 Emil,Social Media & Content Writer,End User,164.4,202008_FB,Social Media Editor,2. Negative,Asia - East
Sales Emails - Q4 Delphine,Video & Social Media Manager,End User,2435.46,202008_FB,Social Media Manager,1. Sent,Europe - UK & Ireland
Sales Emails - Q4 Delphine,Social Media Manager,End User,550.43,202008_FB,Social Media Manager,1. Sent,Asia - South
Sales Emails - Q4 Emil,Social Media Manager,End User,11120,202008_FB,Social Media Manager,1. Sent,MENA - Middle East
Sales Emails - Q4 Emil,Social Media Manager,End User,167.1,202008_FB,Social Media Manager,1. Sent,Asia - East
Sales Emails - Q4 Catherine,Social Media Manager,End User,325.47,202008_FB,Social Media Manager,1. Sent,Europe - Nordics
Sales Emails - Q4 Alexander,Social Media Manager,End User,1156.79,202008_FB,Social Media Manager,1. Sent,LatAm - South
Sales Emails - Q3 Ferdinand,Digital Manager,End User,164.4,202008_FB,Digital Manager,1. Sent,Asia - East
Sales Emails - Q4 Delphine,Digital Manager,End User,456.4,202008_FB,Digital Manager,1. Sent,Europe - UK & Ireland
Sales Emails - Q4 Delphine,Digital Manager,End User,305.24,202008_FB,Digital Manager,1. Sent,Asia - Russia and CIS
Sales Emails - Q4 Delphine,"Assistant Head, Digital Strategy and Technology",End User,459.92,202008_FB,Digital Manager,1. Sent,Africa
Sales Emails - Q4 Delphine,Digital Media Manager,End User,271.31,202008_FB,Digital Manager,1. Sent,Asia - South
Sales Emails - Q4 Delphine,Digital Marketing Manager,End User,263.15,202008_FB,Digital Manager,1. Sent,Asia - South
Sales Emails - Q4 Delphine,Digital Traffic Manager,End User,487.15,202008_FB,Digital Manager,1. Sent,Europe - Southeast
Sales Emails - Q4 Emil,Digital Manager,End User,192.16,202008_FB,Digital Manager,1. Sent,Asia - East
Sales Emails - Q4 Alexander,Digital Manager,End User,123.8,202008_FB,Digital Manager,1. Sent,LatAm - Central
Sales Emails - Q4 Alexander,Digital Manager,End User,287.36,202008_FB,Digital Manager,1. Sent,LatAm - South
Sales Emails - Q4 Alexander,Especialista en Transformacion Digital,End User,242.18,202008_FB,Digital Manager,1. Sent,LatAm - South
Sales Emails - Q4 Alexander,Digital Manager,End User,157,202008_FB,Digital Manager,1. Sent,Europe - Spain & Portugal
Sales Emails - Q4 Alexander,Digital Innovation Director And Executive Producer,End User,314.32,202008_FB,Digital Manager,1. Sent,LatAm - South
Sales Emails - Q4 Alexander,Digital Content Creator at CNC3,End User,383.62,202008_FB,Digital Manager,1. Sent,LatAm - Caribbean
Sales Emails - Q4 Alexander,Marketing and Digital Media Manager,End User,686.58,202008_FB,Digital Manager,1. Sent,North America
Sales Emails - Q4 Catherine,Digital Manager,End User,124.6,202008_FB,Digital Manager,2. Negative,Europe - East
Sales Emails - Q4 Alexander,Digital Manager,End User,574.3,202008_FB,Digital Manager,3. Neutral,Europe - Spain & Portugal
Sales Emails - Q3 Jacob,Community Manager,End User,157,202008_FB,Community Manager,1. Sent,Europe - Spain & Portugal
Sales Emails - Q4 Delphine,Communications Director,End User,343.09,202008_FB,Community Manager,1. Sent,Europe - UK & Ireland
Sales Emails - Q4 Emil,Community Manager,End User,1125.22,202008_FB,Community Manager,1. Sent,MENA - Middle East
Sales Emails - Q4 Emil,Community Manager,End User,188,202008_FB,Community Manager,1. Sent,Europe - Italy
Sales Emails - Q4 Alexander,Community manager,End User,123.8,202008_FB,Community Manager,1. Sent,LatAm - South
Sales Emails - Q4 Alexander,Community Manager,End User,582.78,202008_FB,Community Manager,1. Sent,LatAm - South
Sales Emails - Q4 Alexander,Community Manager,End User,4034.16,202008_FB,Community Manager,1. Sent,LatAm - South
Sales Emails - Q4 Delphine,Audience Editor,End User,3784.98,202008_FB,Audience Development Manager,3. Neutral,Europe - UK & Ireland
Sales Emails - Q4 Jolene,Editor,Other,205,202008_FB,Other,1. Sent,North America
Sales Emails - Q4 Jolene,COO,Other,941.66,202008_FB,Other,1. Sent,North America
Sales Emails - Q4 Jolene,Digital News Director,Other,205,202008_FB,Other,1. Sent,North America
Sales Emails - Q4 Delphine,Head of web development,Other,156,202008_FB,Other,1. Sent,Europe - Southeast
Sales Emails - Q4 Delphine,Development Manager,Other,119,202008_FB,Other,1. Sent,Asia - Russia and CIS
Sales Emails - Q4 Emil,Senior Editor,Other,8277.44,202008_FB,Other,1. Sent,Asia - Oceania
Sales Emails - Q4 Catherine,Deputy Editor,Other,763.41,202008_FB,Other,1. Sent,Africa
Sales Emails - Q4 Catherine,News Editor,Other,268.81,202008_FB,Other,1. Sent,Europe - Nordics
Sales Emails - Q4 Catherine,TBC,Other,351.68,202008_FB,Other,1. Sent,Europe - East
Sales Emails - Q4 Catherine,generic,Other,281.43,202008_FB,Other,1. Sent,Africa
Sales Emails - Q4 Catherine,ceo,Other,160.71,202008_FB,Other,1. Sent,Europe - East
Sales Emails - Q4 Catherine,Executive Director,Other,168.85,202008_FB,Other,1. Sent,Europe - East
Sales Emails - Q4 Catherine,COO,Other,203.82,202008_FB,Other,1. Sent,Africa
Sales Emails - Q4 Catherine,Team,Other,80,202008_FB,Other,1. Sent,Africa
Sales Emails - Q4 Catherine,TBC,Other,414.76,202008_FB,Other,1. Sent,Africa
Sales Emails - Q4 Catherine,TBC,Other,665.93,202008_FB,Other,1. Sent,Europe - East
Sales Emails - Q4 Alexander,Editor,Other,244.04,202008_FB,Other,1. Sent,Europe - Spain & Portugal
Sales Emails - Q4 Alexander,TBC,Other,123.8,202008_FB,Other,1. Sent,LatAm - Central
Sales Emails - Q4 Alexander,TBC,Other,0,202008_FB,Other,1. Sent,LatAm - Central
Sales Emails - Q4 Alexander,Directora Operativa,Other,0,202008_FB,Other,1. Sent,LatAm - Central
Sales Emails - Q4 Alexander,Edición Digital,Other,0,202008_FB,Other,1. Sent,LatAm - Central
Sales Emails - Q4 Alexander,Responsable de Redes,Other,1514.2,202008_FB,Other,1. Sent,LatAm - Central
Sales Emails - Q4 Alexander,ONLINE,Other,1900.88,202008_FB,Other,1. Sent,LatAm - Central
Sales Emails - Q4 Alexander,Author,Other,232.84,202008_FB,Other,1. Sent,LatAm - Central
Sales Emails - Q4 Alexander,Gerente de Sistemas Ext 2106,Other,123.8,202008_FB,Other,1. Sent,LatAm - Central
Sales Emails - Q4 Alexander,TBC,Other,0,202008_FB,Other,1. Sent,Europe - Spain & Portugal
Sales Emails - Q4 Alexander,Redactor,Other,0,202008_FB,Other,1. Sent,Europe - Spain & Portugal
Sales Emails - Q4 Alexander,Jefe de Operaciones Digitales,Other,242.18,202008_FB,Other,1. Sent,LatAm - South
Sales Emails - Q4 Alexander,Digital Marketing,Other,303.31,202008_FB,Other,1. Sent,LatAm - Central
Sales Emails - Q4 Alexander,Marketing and advertising,Other,157,202008_FB,Other,1. Sent,Europe - Spain & Portugal
Sales Emails - Q4 Alexander,TBC,Other,123.8,202008_FB,Other,1. Sent,LatAm - South
Sales Emails - Q4 Alexander,Editor,Other,219.14,202008_FB,Other,1. Sent,LatAm - Central
Sales Emails - Q4 Alexander,TBC,Other,123.8,202008_FB,Other,1. Sent,LatAm - South
Sales Emails - Q4 Alexander,Digital Coordinator,Other,348.5,202008_FB,Other,1. Sent,LatAm - Central
Sales Emails - Q4 Alexander,Digital,Other,804.7,202008_FB,Other,1. Sent,LatAm - Central
Sales Emails - Q4 Alexander,manager,Other,938.29,202008_FB,Other,1. Sent,LatAm - South
Sales Emails - Q4 Alexander,Associate Editor,Other,2173.56,202008_FB,Other,1. Sent,North America
Sales Emails - Q4 Alexander,Other,Other,0,202008_FB,Other,1. Sent,Europe - Spain & Portugal
Sales Emails - Q4 Alexander,Marketing,Other,1852.44,202008_FB,Other,1. Sent,LatAm - Central
Sales Emails - Q4 Alexander,Admin,Other,409.47,202008_FB,Other,1. Sent,Europe - Spain & Portugal
Sales Emails - Q4 Alexander,TBC,Other,0,202008_FB,Other,2. Negative,LatAm - South
Sales Emails - Q4 Alexander,Digital Transfomration Manager,Other,157,202008_FB,Other,3. Neutral,Europe - Spain & Portugal
Sales Emails - Q4 Alexander,Vicepresidente de Operaciones,Other,1277.64,202008_FB,Other,3. Neutral,LatAm - South
Sales Emails - Q4 Alexander,Editor General Noticias TVN,Other,1441.16,202008_FB,Other,3. Neutral,LatAm - South
Sales Emails - Q4 Cyrus,Social Media Manager,End User,214.21,202009_Recent Content Download,Social Media Manager,1. Sent,Europe - France
Sales Emails - Q4 Cyrus,Directora para Argentina y Paraguay,Other,678.69,202009_Recent Content Download,Other,1. Sent,Europe - France
Sales Emails - Q4 Jolene,Publisher,Senior Management,205,202010_Subscriptions,CEO,1. Sent,North America
Sales Emails - Q4 Jolene,CEO,Senior Management,1587.65,202010_Subscriptions,CEO,1. Sent,North America
Sales Emails - Q4 Jolene,"Founder, Ceo",Senior Management,612.81,202010_Subscriptions,CEO,1. Sent,North America
Sales Emails - Q4 Jolene,Publisher,Senior Management,1089.78,202010_Subscriptions,CEO,1. Sent,North America
Sales Emails - Q4 Jolene,Co-founder at the Skimm,Senior Management,1184.36,202010_Subscriptions,CEO,1. Sent,North America
Sales Emails - Q4 Delphine,Founder And Ceo,Senior Management,100,202010_Subscriptions,CEO,1. Sent,Asia - South
Sales Emails - Q4 Delphine,"Founder, Ceo",Senior Management,561.39,202010_Subscriptions,CEO,1. Sent,Europe - UK & Ireland
Sales Emails - Q4 Catherine,CEO,Senior Management,238,202010_Subscriptions,CEO,1. Sent,Europe - Nordics
Sales Emails - Q4 Alexander,Founder,Senior Management,157,202010_Subscriptions,CEO,1. Sent,Europe - Spain & Portugal
Sales Emails - Q4 Alexander,President,Senior Management,232.99,202010_Subscriptions,CEO,1. Sent,North America
Sales Emails - Q4 Alexander,Publisher,Senior Management,205,202010_Subscriptions,CEO,1. Sent,North America
Sales Emails - Q4 Alexander,CEO & Co-Founder,Senior Management,205,202010_Subscriptions,CEO,1. Sent,North America
Sales Emails - Q4 Alexander,Chief Operating Officer,Senior Management,205,202010_Subscriptions,CEO,1. Sent,North America
Sales Emails - Q4 Emil,CEO,Senior Management,713.01,202010_Subscriptions,CEO,3. Neutral,Asia - East
Sales Emails - Q4 Catherine,Editor in Chief,Senior Management,320.45,202010_Subscriptions,Chief Technology Officer,1. Sent,Europe - DACH
Sales Emails - Q4 Alexander,Chief Marketing & Experience Officer,Senior Management,281.31,202010_Subscriptions,Chief Marketing Officer,1. Sent,North America
Sales Emails - Q4 Emil,Director of Marketing,Senior Management,713.01,202010_Subscriptions,Chief Marketing Officer,4. Positive,Asia - East
Sales Emails - Q4 Jolene,General Manager,Senior Management,2202.21,202010_Subscriptions,Managing Director,1. Sent,North America
Sales Emails - Q4 Alexander,Chief Digital Officer,Senior Management,205,202010_Subscriptions,Chief Digital Officer,1. Sent,North America
Sales Emails - Q4 Jolene,Editor in Chief,Senior Editorial,207.66,202010_Subscriptions,Editor In Chief,1. Sent,North America
Sales Emails - Q4 Catherine,Editor in Chief,Senior Editorial,182.39,202010_Subscriptions,Editor In Chief,1. Sent,Europe - East
Sales Emails - Q4 Catherine,Chief Editor,Senior Editorial,306.18,202010_Subscriptions,Editor In Chief,1. Sent,Europe - Nordics
Sales Emails - Q4 Alexander,Editor in chief,Senior Editorial,205,202010_Subscriptions,Editor In Chief,1. Sent,North America
Sales Emails - Q4 Alexander,Editor In Chief,Senior Editorial,562.44,202010_Subscriptions,Editor In Chief,1. Sent,North America
Sales Emails - Q4 Alexander,Publisher & Editor in Chief,Senior Editorial,205,202010_Subscriptions,Editor In Chief,2. Negative,North America
Sales Emails - Q4 Jolene,Managing Editor,Senior Editorial,878.64,202008_Chartbeat,Managing Editor,3. Neutral,North America
Sales Emails - Q4 Jolene,EDITORIAL DIRECTOR,Senior Editorial,205,202010_Subscriptions,Managing Editor,1. Sent,North America
Sales Emails - Q4 Jolene,Executive Editor,Senior Editorial,1948.68,202010_Subscriptions,Managing Editor,1. Sent,North America
Sales Emails - Q4 Jolene,Managing Editor,Senior Editorial,1749.98,202010_Subscriptions,Managing Editor,1. Sent,North America
Sales Emails - Q4 Alexander,Managing Editor,Senior Editorial,205,202010_Subscriptions,Managing Editor,1. Sent,North America
Sales Emails - Q4 Alexander,Digital Content Editor,Senior Editorial,205,202010_Subscriptions,Digital Editor,1. Sent,North America
Sales Emails - Q4 Delphine,Director of Digital,Senior Specialist,230,202010_Subscriptions,Digital Director,1. Sent,Europe - UK & Ireland
Sales Emails - Q4 Catherine,Leitung Digital,Senior Specialist,278,202010_Subscriptions,Digital Director,1. Sent,Europe - DACH
Sales Emails - Q4 Alexander,Head of Digital of Trust in News,Senior Specialist,865.36,202010_Subscriptions,Digital Director,1. Sent,Europe - Spain & Portugal
Sales Emails - Q4 Alexander,Digital Campaign Specialist,Senior Specialist,205,202010_Subscriptions,Digital Director,1. Sent,North America
Sales Emails - Q4 Alexander,Digital Director,Senior Specialist,246.79,202010_Subscriptions,Digital Director,1. Sent,North America
Sales Emails - Q4 Alexander,"Digital Director, The Advocate",Senior Specialist,483.33,202010_Subscriptions,Digital Director,1. Sent,North America
Sales Emails - Q4 Alexander,Digital Director,Senior Specialist,439.6,202010_Subscriptions,Digital Director,1. Sent,Europe - Spain & Portugal
Sales Emails - Q4 Emil,Corporate Marketing Director,Senior Specialist,1168.55,202010_Subscriptions,Marketing Director,1. Sent,MENA - Middle East
Sales Emails - Q4 Catherine,Senior Marketing Manager,Senior Specialist,278,202010_Subscriptions,Marketing Director,3. Neutral,Europe - DACH
Sales Emails - Q4 Jolene,VP Analytics,Senior Specialist,1372.13,202010_Subscriptions,Analytics Director,1. Sent,North America
Sales Emails - Q4 Alexander,Director of Audience Development and Community Engagement,Senior Specialist,205,202010_Subscriptions,Audience Development Director,1. Sent,North America
Sales Emails - Q4 Catherine,Director Digital Strategy,Senior Specialist,124.6,202010_Subscriptions,VP Strategy,1. Sent,Europe - East
Sales Emails - Q4 Alexander,Director Of Digital Strategy,Senior Specialist,205,202010_Subscriptions,VP Strategy,1. Sent,North America
Sales Emails - Q4 Alexander,Director of Digital Strategy,Senior Specialist,205,202010_Subscriptions,VP Strategy,1. Sent,North America
Sales Emails - Q4 Jolene,Social Media Coordinator,End User,388.16,202010_Subscriptions,Social Media Editor,1. Sent,North America
Sales Emails - Q4 Jolene,Social Media Marketing,End User,205,202010_Subscriptions,Social Media Manager,1. Sent,North America
Sales Emails - Q4 Emil,Digital Account Manager,End User,365.38,202010_Subscriptions,Digital Manager,1. Sent,Asia - Oceania
Sales Emails - Q4 Alexander,Director of Community Engagement,End User,205,202010_Subscriptions,Community Manager,1. Sent,North America
Sales Emails - Q4 Jolene,Managing Editor,Senior Editorial,576.13,202010_TimeSavings,Managing Editor,3. Neutral,North America
Sales Emails - Q4 Jolene,Digital Media Operations,Other,205,202010_Subscriptions,Other,1. Sent,North America
Sales Emails - Q4 Jolene,Executive Editor and Columnist,Other,1948.68,202010_Subscriptions,Other,1. Sent,North America
Sales Emails - Q4 Jolene,Senior Editor,Other,1966.27,202010_Subscriptions,Other,1. Sent,North America
Sales Emails - Q4 Emil,Consulting Editor,Other,241,202010_Subscriptions,Other,1. Sent,Asia - Oceania
Sales Emails - Q4 Emil,Editor and Content Curator - Life Begins At Magazine,Other,0,202010_Subscriptions,Other,1. Sent,Asia - Oceania
Sales Emails - Q4 Emil,Chief Strategy Officer,Other,1123.98,202010_Subscriptions,Other,1. Sent,Asia - East
Sales Emails - Q4 Catherine,TBC,Other,278,202010_Subscriptions,Other,1. Sent,Europe - DACH
Sales Emails - Q4 Catherine,TBC,Other,278,202010_Subscriptions,Other,1. Sent,Europe - DACH
Sales Emails - Q4 Alexander,Editor,Other,205,202010_Subscriptions,Other,1. Sent,North America
Sales Emails - Q4 Alexander,Vice President,Other,6597.76,202010_Subscriptions,Other,1. Sent,North America
Sales Emails - Q4 Alexander,Creation director,Other,686.58,202010_Subscriptions,Other,1. Sent,North America
Sales Emails - Q4 Alexander,Assistant Editor,Other,394,202010_Subscriptions,Other,1. Sent,North America
Sales Emails - Q4 Alexander,Senior Digital Producer,Other,860.65,202010_Subscriptions,Other,1. Sent,North America
Sales Emails - Q4 Alexander,Manager of SEO,Other,860.65,202010_Subscriptions,Other,2. Negative,North America
Sales Emails - Q4 Jolene,Could not be found,,407.12,202010_TimeSavings,,2. Negative,North America
Sales Emails - Q3 Delphine,Founder & Ceo,Senior Management,328.52,202010_TimeSavings,CEO,1. Sent,Europe - UK & Ireland
Sales Emails - Q3 Delphine,Founder,Senior Management,749.6,202010_TimeSavings,CEO,1. Sent,Europe - UK & Ireland
Sales Emails - Q4 Jolene,President,Senior Management,267.71,202010_TimeSavings,CEO,1. Sent,North America
Sales Emails - Q4 Jolene,CEO,Senior Management,205,202010_TimeSavings,CEO,1. Sent,North America
Sales Emails - Q4 Jolene,Co founder,Senior Management,205,202010_TimeSavings,CEO,1. Sent,North America
Sales Emails - Q4 Jolene,Founder,Senior Management,215.43,202010_TimeSavings,CEO,1. Sent,North America
Sales Emails - Q4 Jolene,CEO,Senior Management,1089.2,202010_TimeSavings,CEO,1. Sent,North America
Sales Emails - Q4 Jolene,CEO,Senior Management,205,202010_TimeSavings,CEO,1. Sent,North America
Sales Emails - Q4 Jolene,Founder,Senior Management,205,202010_TimeSavings,CEO,1. Sent,North America
Sales Emails - Q4 Jolene,Owner,Senior Management,1040.4,202010_TimeSavings,CEO,1. Sent,North America
Sales Emails - Q4 Jolene,CEO,Senior Management,205,202010_TimeSavings,CEO,1. Sent,North America
Sales Emails - Q4 Jolene,Co-owner,Senior Management,793.33,202010_TimeSavings,CEO,1. Sent,North America
Sales Emails - Q4 Jolene,CEO,Senior Management,336.21,202010_TimeSavings,CEO,1. Sent,North America
Sales Emails - Q4 Jolene,President,Senior Management,205,202010_TimeSavings,CEO,1. Sent,North America
Sales Emails - Q4 Jolene,Founder,Senior Management,205,202010_TimeSavings,CEO,1. Sent,North America
Sales Emails - Q4 Jolene,CEO,Senior Management,1680.81,202010_TimeSavings,CEO,1. Sent,North America
Sales Emails - Q4 Jolene,Ceo,Senior Management,911.47,202010_TimeSavings,CEO,1. Sent,North America
Sales Emails - Q4 Jolene,Co-Founder / Coo,Senior Management,1021.02,202010_TimeSavings,CEO,1. Sent,North America
Sales Emails - Q4 Jolene,CEO,Senior Management,1534.93,202010_TimeSavings,CEO,1. Sent,North America
Sales Emails - Q4 Jolene,Ceo,Senior Management,579.27,202010_TimeSavings,CEO,1. Sent,North America
Sales Emails - Q4 Jolene,Co-Founder,Senior Management,516.91,202010_TimeSavings,CEO,1. Sent,North America
Sales Emails - Q4 Jolene,Vp And General Manager,Senior Management,811.52,202010_TimeSavings,CEO,1. Sent,North America
Sales Emails - Q4 Jolene,Founder,Senior Management,1126.84,202010_TimeSavings,CEO,1. Sent,North America
Sales Emails - Q4 Jolene,Ceo,Senior Management,1179.47,202010_TimeSavings,CEO,1. Sent,North America
Sales Emails - Q4 Jolene,Owner,Senior Management,551.79,202010_TimeSavings,CEO,1. Sent,North America
Sales Emails - Q4 Jolene,Publisher and CEO,Senior Management,205,202010_TimeSavings,CEO,1. Sent,North America
Sales Emails - Q4 Jolene,Owner,Senior Management,873.7,202010_TimeSavings,CEO,1. Sent,North America
Sales Emails - Q4 Jolene,Ceo/President Pro Edu,Senior Management,205,202010_TimeSavings,CEO,1. Sent,North America
Sales Emails - Q4 Jolene,Founder,Senior Management,327.27,202010_TimeSavings,CEO,1. Sent,North America
Sales Emails - Q4 Jolene,Founder And Ceo,Senior Management,393.72,202010_TimeSavings,CEO,1. Sent,North America
Sales Emails - Q4 Jolene,Founder/Editor-In-Chief,Senior Management,321.64,202010_TimeSavings,CEO,1. Sent,North America
Sales Emails - Q4 Jolene,CEO,Senior Management,1109.73,202010_TimeSavings,CEO,1. Sent,North America
Sales Emails - Q4 Jolene,CEO / PUBLISHER,Senior Management,1627.42,202010_TimeSavings,CEO,1. Sent,North America
Sales Emails - Q4 Jolene,CEO,Senior Management,336.21,202010_TimeSavings,CEO,1. Sent,North America
Sales Emails - Q4 Delphine,Owner,Senior Management,156,202010_TimeSavings,CEO,1. Sent,Europe - Southeast
Sales Emails - Q4 Delphine,CEO,Senior Management,1301.75,202010_TimeSavings,CEO,1. Sent,Asia - South
Sales Emails - Q4 Delphine,Founder and CEO,Senior Management,1095.6,202010_TimeSavings,CEO,1. Sent,Asia - South
Sales Emails - Q4 Delphine,Co-Founder,Senior Management,230,202010_TimeSavings,CEO,1. Sent,Europe - UK & Ireland
Sales Emails - Q4 Delphine,founder,Senior Management,1150,202010_TimeSavings,CEO,1. Sent,Europe - UK & Ireland
Sales Emails - Q4 Delphine,Ceo,Senior Management,680.51,202010_TimeSavings,CEO,1. Sent,Europe - UK & Ireland
Sales Emails - Q4 Delphine,Founder,Senior Management,546.14,202010_TimeSavings,CEO,1. Sent,Europe - UK & Ireland
Sales Emails - Q4 Emil,Founder,Senior Management,165.02,202010_TimeSavings,CEO,1. Sent,Asia - East
Sales Emails - Q4 Emil,CEO,Senior Management,164.4,202010_TimeSavings,CEO,1. Sent,Asia - East
Sales Emails - Q4 Emil,Co-founder,Senior Management,164.4,202010_TimeSavings,CEO,1. Sent,Asia - East
Sales Emails - Q4 Emil,Co-Founder / MD,Senior Management,500.33,202010_TimeSavings,CEO,1. Sent,Asia - East
Sales Emails - Q4 Emil,Founder,Senior Management,989.74,202010_TimeSavings,CEO,1. Sent,Asia - East
Sales Emails - Q4 Emil,Founder/Content Manager,Senior Management,164.4,202010_TimeSavings,CEO,1. Sent,Asia - East
Sales Emails - Q4 Emil,CEO,Senior Management,190.96,202010_TimeSavings,CEO,1. Sent,Europe - Italy
Sales Emails - Q4 Emil,Founder,Senior Management,164.4,202010_TimeSavings,CEO,1. Sent,Asia - East
Sales Emails - Q4 Emil,Co-Founder,Senior Management,578.48,202010_TimeSavings,CEO,1. Sent,Asia - East
Sales Emails - Q4 Emil,Founder,Senior Management,164.4,202010_TimeSavings,CEO,1. Sent,Asia - East
Sales Emails - Q4 Emil,Founder,Senior Management,164.4,202010_TimeSavings,CEO,1. Sent,Asia - East
Sales Emails - Q4 Emil,Founder,Senior Management,164.4,202010_TimeSavings,CEO,1. Sent,Asia - East
Sales Emails - Q4 Emil,Director General,Senior Management,188,202010_TimeSavings,CEO,1. Sent,Europe - Italy
Sales Emails - Q4 Emil,General Director,Senior Management,312.8,202010_TimeSavings,CEO,1. Sent,Europe - Italy
Sales Emails - Q4 Emil,Ceo,Senior Management,487.96,202010_TimeSavings,CEO,1. Sent,Europe - Italy
Sales Emails - Q4 Emil,Managing Director,Senior Management,188,202010_TimeSavings,CEO,1. Sent,Europe - Italy
Sales Emails - Q4 Emil,Ceo,Senior Management,490.51,202010_TimeSavings,CEO,1. Sent,Europe - Italy
Sales Emails - Q4 Emil,"Founder, Ceo",Senior Management,243.25,202010_TimeSavings,CEO,1. Sent,MENA - Middle East
Sales Emails - Q4 Emil,CEO,Senior Management,774.65,202010_TimeSavings,CEO,1. Sent,Asia - Oceania
Sales Emails - Q4 Emil,CEO,Senior Management,236.53,202010_TimeSavings,CEO,1. Sent,MENA - Middle East
Sales Emails - Q4 Catherine,Chief Executive Officer,Senior Management,1369.18,202010_TimeSavings,CEO,1. Sent,Europe - East
Sales Emails - Q4 Alexander,CEO,Senior Management,205,202010_TimeSavings,CEO,1. Sent,North America
Sales Emails - Q4 Alexander,Chief Executive Officer,Senior Management,249.79,202010_TimeSavings,CEO,1. Sent,North America
Sales Emails - Q4 Alexander,Director General,Senior Management,205,202010_TimeSavings,CEO,1. Sent,North America
Sales Emails - Q4 Alexander,Co-Founder,Senior Management,547,202010_TimeSavings,CEO,1. Sent,North America
Sales Emails - Q4 Alexander,Executive Vice President and Chief Marketing Officer,Senior Management,536.38,202010_TimeSavings,CEO,1. Sent,North America
Sales Emails - Q4 Alexander,President and GM,Senior Management,205,202010_TimeSavings,CEO,1. Sent,North America
Sales Emails - Q4 Jolene,CEO,Senior Management,205,202010_TimeSavings,CEO,2. Negative,North America
Sales Emails - Q4 Jolene,CTO,Senior Management,205,202010_TimeSavings,Chief Technology Officer,1. Sent,North America
Sales Emails - Q4 Jolene,Technical Operator,Senior Management,673.78,202010_TimeSavings,Chief Technology Officer,1. Sent,North America
Sales Emails - Q4 Jolene,Tech Lead,Senior Management,205,202010_TimeSavings,Chief Technology Officer,1. Sent,North America
Sales Emails - Q4 Delphine,Technical Manager,Senior Management,324.96,202010_TimeSavings,Chief Technology Officer,1. Sent,Asia - South
Sales Emails - Q4 Emil,CTO,Senior Management,198.26,202010_TimeSavings,Chief Technology Officer,1. Sent,Asia - East
Sales Emails - Q4 Emil,CTO,Senior Management,567.9,202010_TimeSavings,Chief Technology Officer,1. Sent,Asia - East
Sales Emails - Q4 Emil,CTO,Senior Management,690.25,202010_TimeSavings,Chief Technology Officer,1. Sent,Asia - East
Sales Emails - Q4 Emil,Chief Technology Officer,Senior Management,241,202010_TimeSavings,Chief Technology Officer,1. Sent,Asia - Oceania
Sales Emails - Q4 Alexander,Director Of Engineering,Senior Management,961.11,202010_TimeSavings,Chief Technology Officer,1. Sent,North America
Sales Emails - Q4 Delphine,Chief Marketing and Sales Officer,Senior Management,402.71,202010_TimeSavings,Chief Marketing Officer,1. Sent,Asia - Russia and CIS
Sales Emails - Q4 Delphine,Chief Marketing Officer,Senior Management,80,202010_TimeSavings,Chief Marketing Officer,1. Sent,Africa
Sales Emails - Q4 Emil,Marketing Manager (Responsabile marketing),Senior Management,188,202010_TimeSavings,Chief Marketing Officer,1. Sent,Europe - Italy
Sales Emails - Q4 Jolene,Managing Director,Senior Management,205,202010_TimeSavings,Managing Director,1. Sent,North America
Sales Emails - Q4 Emil,Director,Senior Management,232.01,202010_TimeSavings,Managing Director,1. Sent,Europe - Italy
Sales Emails - Q4 Alexander,Deputy Managing Director,Senior Management,157,202010_TimeSavings,Managing Director,1. Sent,Europe - Spain & Portugal
Sales Emails - Q4 Emil,Managing Director,Senior Management,241,202010_TimeSavings,Managing Director,2. Negative,Asia - Oceania
Sales Emails - Q4 Jolene,"Director, Digital Sales and Ops",Senior Management,741.4,202010_TimeSavings,Chief Digital Officer,1. Sent,North America
Sales Emails - Q4 Emil,Chief Digital Officer,Senior Management,458.35,202010_TimeSavings,Chief Digital Officer,1. Sent,Europe - Italy
Sales Emails - Q4 Jolene,Editor in Chief,Senior Editorial,433.25,202010_TimeSavings,Editor In Chief,1. Sent,North America
Sales Emails - Q4 Jolene,Editor-in-Chief,Senior Editorial,831.26,202010_TimeSavings,Editor In Chief,1. Sent,North America
Sales Emails - Q4 Jolene,Editor in Chief,Senior Editorial,299.66,202010_TimeSavings,Editor In Chief,1. Sent,North America
Sales Emails - Q4 Jolene,Co Founder And Editor In Chief,Senior Editorial,645.31,202010_TimeSavings,Editor In Chief,1. Sent,North America
Sales Emails - Q4 Jolene,Editor in Chief,Senior Editorial,926.98,202010_TimeSavings,Editor In Chief,1. Sent,North America
Sales Emails - Q4 Jolene,Editor in Chief,Senior Editorial,1189.33,202010_TimeSavings,Editor In Chief,1. Sent,North America
Sales Emails - Q4 Jolene,Editor-in-Chief,Senior Editorial,205,202010_TimeSavings,Editor In Chief,1. Sent,North America
Sales Emails - Q4 Jolene,Editor-in-Chief,Senior Editorial,205,202010_TimeSavings,Editor In Chief,1. Sent,North America
Sales Emails - Q4 Jolene,Editor in chief,Senior Editorial,533.93,202010_TimeSavings,Editor In Chief,1. Sent,North America
Sales Emails - Q4 Jolene,Editor in Chief,Senior Editorial,1826.31,202010_TimeSavings,Editor In Chief,1. Sent,North America
Sales Emails - Q4 Jolene,Editor in Chief,Senior Editorial,343.67,202010_TimeSavings,Editor In Chief,1. Sent,North America
Sales Emails - Q4 Jolene,Editor In Chief,Senior Editorial,205,202010_TimeSavings,Editor In Chief,1. Sent,North America
Sales Emails - Q4 Jolene,Editor In Chief,Senior Editorial,205,202010_TimeSavings,Editor In Chief,1. Sent,North America
Sales Emails - Q4 Jolene,Editor-In-Chief,Senior Editorial,1041.24,202010_TimeSavings,Editor In Chief,1. Sent,North America
Sales Emails - Q4 Jolene,Editor In Chief,Senior Editorial,567.38,202010_TimeSavings,Editor In Chief,1. Sent,North America
Sales Emails - Q4 Jolene,Editor In Chief,Senior Editorial,1183.42,202010_TimeSavings,Editor In Chief,1. Sent,North America
Sales Emails - Q4 Jolene,Editor-In-Chief,Senior Editorial,205,202010_TimeSavings,Editor In Chief,1. Sent,North America
Sales Emails - Q4 Jolene,Chief Editor,Senior Editorial,205,202010_TimeSavings,Editor In Chief,1. Sent,North America
Sales Emails - Q4 Jolene,Editor-in-Chief,Senior Editorial,404.01,202010_TimeSavings,Editor In Chief,1. Sent,North America
Sales Emails - Q4 Delphine,Editor in Chief,Senior Editorial,258.91,202010_TimeSavings,Editor In Chief,1. Sent,Europe - UK & Ireland
Sales Emails - Q4 Delphine,Editor in Chief,Senior Editorial,1011.5,202010_TimeSavings,Editor In Chief,1. Sent,Asia - Russia and CIS
Sales Emails - Q4 Delphine,Deputy Editor-in-Chief,Senior Editorial,119,202010_TimeSavings,Editor In Chief,1. Sent,Asia - Russia and CIS
Sales Emails - Q4 Delphine,Editor In Chief,Senior Editorial,592.62,202010_TimeSavings,Editor In Chief,1. Sent,Asia - Russia and CIS
Sales Emails - Q4 Delphine,Editor In Chief,Senior Editorial,552.27,202010_TimeSavings,Editor In Chief,1. Sent,Europe - UK & Ireland
Sales Emails - Q4 Emil,Chief News Editor,Senior Editorial,4023.57,202010_TimeSavings,Editor In Chief,1. Sent,Asia - East
Sales Emails - Q4 Emil,Editor in Chief,Senior Editorial,164.4,202010_TimeSavings,Editor In Chief,1. Sent,Asia - East
Sales Emails - Q4 Emil,Editor in Chief,Senior Editorial,164.4,202010_TimeSavings,Editor In Chief,1. Sent,Asia - East
Sales Emails - Q4 Emil,Editor In Chief,Senior Editorial,188,202010_TimeSavings,Editor In Chief,1. Sent,Europe - Italy
Sales Emails - Q4 Emil,Editor In Chief,Senior Editorial,188,202010_TimeSavings,Editor In Chief,1. Sent,Europe - Italy
Sales Emails - Q4 Emil,Editor In Chief,Senior Editorial,0,202010_TimeSavings,Editor In Chief,1. Sent,Europe - Italy
Sales Emails - Q4 Catherine,Editor in Chief,Senior Editorial,124.6,202010_TimeSavings,Editor In Chief,1. Sent,Europe - East
Sales Emails - Q4 Catherine,Editor In Chief,Senior Editorial,124.6,202010_TimeSavings,Editor In Chief,1. Sent,Europe - East
Sales Emails - Q4 Catherine,Editor-In-Chief,Senior Editorial,252.47,202010_TimeSavings,Editor In Chief,1. Sent,Europe - East
Sales Emails - Q4 Alexander,Executive Editor and Managing Editor,Senior Editorial,212.2,202010_TimeSavings,Editor In Chief,1. Sent,North America
Sales Emails - Q4 Alexander,Editor In Chief,Senior Editorial,496.89,202010_TimeSavings,Editor In Chief,1. Sent,North America
Sales Emails - Q4 Alexander,Executive Editor,Senior Editorial,205,202010_TimeSavings,Editor In Chief,1. Sent,North America
Sales Emails - Q4 Jolene,Director of Advertising,Senior Specialist,205,202006_Cost,Marketing Director,3. Neutral,North America
Sales Emails - Q4 Jolene,Marketing,Senior Specialist,292.46,202006_Cost,Marketing Director,3. Neutral,North America
Sales Emails - Q4 Jolene,Senior Editor,Other,205,202006_EbxVs,Other,3. Neutral,North America
Sales Emails - Q4 Jolene,Managing Editor,Senior Editorial,205,202010_TimeSavings,Managing Editor,1. Sent,North America
Sales Emails - Q4 Jolene,Managing Editor,Senior Editorial,205,202010_TimeSavings,Managing Editor,1. Sent,North America
Sales Emails - Q4 Jolene,Managing Editor,Senior Editorial,394.51,202010_TimeSavings,Managing Editor,1. Sent,North America
Sales Emails - Q4 Jolene,Director of Editorial Operations and Growth,Senior Editorial,908.77,202010_TimeSavings,Managing Editor,1. Sent,North America
Sales Emails - Q4 Jolene,Managing Editor,Senior Editorial,1876.67,202010_TimeSavings,Managing Editor,1. Sent,North America
Sales Emails - Q4 Jolene,Managing Editor,Senior Editorial,1209.36,202010_TimeSavings,Managing Editor,1. Sent,North America
Sales Emails - Q4 Jolene,Radio Talk Show Host / Managing Editor,Senior Editorial,205,202010_TimeSavings,Managing Editor,1. Sent,North America
Sales Emails - Q4 Jolene,Managing Editor,Senior Editorial,1134,202010_TimeSavings,Managing Editor,1. Sent,North America
Sales Emails - Q4 Jolene,Managing Editor,Senior Editorial,1154.5,202010_TimeSavings,Managing Editor,1. Sent,North America
Sales Emails - Q4 Jolene,Managing Editor,Senior Editorial,850.51,202010_TimeSavings,Managing Editor,1. Sent,North America
Sales Emails - Q4 Jolene,Managing Editor,Senior Editorial,680.66,202010_TimeSavings,Managing Editor,1. Sent,North America
Sales Emails - Q4 Jolene,Managing Editor,Senior Editorial,205,202010_TimeSavings,Managing Editor,1. Sent,North America
Sales Emails - Q4 Jolene,Managing Editor,Senior Editorial,903.52,202010_TimeSavings,Managing Editor,1. Sent,North America
Sales Emails - Q4 Jolene,Managing Editor,Senior Editorial,205,202010_TimeSavings,Managing Editor,1. Sent,North America
Sales Emails - Q4 Jolene,Managing Editor,Senior Editorial,1072.55,202010_TimeSavings,Managing Editor,1. Sent,North America
Sales Emails - Q4 Jolene,Managing Editor,Senior Editorial,625.5,202010_TimeSavings,Managing Editor,1. Sent,North America
Sales Emails - Q4 Jolene,Managing Editor,Senior Editorial,567.38,202010_TimeSavings,Managing Editor,1. Sent,North America
Sales Emails - Q4 Jolene,Deputy Managing Editor,Senior Editorial,452.29,202010_TimeSavings,Managing Editor,1. Sent,North America
Sales Emails - Q4 Jolene,Managing Editor,Senior Editorial,266.55,202010_TimeSavings,Managing Editor,1. Sent,North America
Sales Emails - Q4 Delphine,Managing Editor,Senior Editorial,80,202010_TimeSavings,Managing Editor,1. Sent,Africa
Sales Emails - Q4 Delphine,Managing Editor,Senior Editorial,80,202010_TimeSavings,Managing Editor,1. Sent,Africa
Sales Emails - Q4 Delphine,Managing Editor,Senior Editorial,230,202010_TimeSavings,Managing Editor,1. Sent,Europe - UK & Ireland
Sales Emails - Q4 Delphine,Managing Editor,Senior Editorial,550.43,202010_TimeSavings,Managing Editor,1. Sent,Asia - South
Sales Emails - Q4 Delphine,News Editor (Gizmodo),Senior Editorial,0,202010_TimeSavings,Managing Editor,1. Sent,Europe - UK & Ireland
Sales Emails - Q4 Delphine,Deputy Editor (Online),Senior Editorial,0,202010_TimeSavings,Managing Editor,1. Sent,Europe - UK & Ireland
Sales Emails - Q4 Emil,Managing editor,Senior Editorial,241,202010_TimeSavings,Managing Editor,1. Sent,Asia - Oceania
Sales Emails - Q4 Emil,Managing Editor,Senior Editorial,171.57,202010_TimeSavings,Managing Editor,1. Sent,Asia - East
Sales Emails - Q4 Emil,Managing Editor,Senior Editorial,467.86,202010_TimeSavings,Managing Editor,1. Sent,Asia - East
Sales Emails - Q4 Emil,Managing Editor,Senior Editorial,164.4,202010_TimeSavings,Managing Editor,1. Sent,Asia - East
Sales Emails - Q4 Emil,Deputy Managing Editor,Senior Editorial,356.79,202010_TimeSavings,Managing Editor,1. Sent,Europe - Italy
Sales Emails - Q4 Emil,Senior Managing Editor,Senior Editorial,164.4,202010_TimeSavings,Managing Editor,1. Sent,Asia - East
Sales Emails - Q4 Emil,Managing Editor,Senior Editorial,164.4,202010_TimeSavings,Managing Editor,1. Sent,Asia - East
Sales Emails - Q4 Emil,Managing Editor,Senior Editorial,164.4,202010_TimeSavings,Managing Editor,1. Sent,Asia - East
Sales Emails - Q4 Emil,Deputy Managing Editor,Senior Editorial,164.4,202010_TimeSavings,Managing Editor,1. Sent,Asia - East
Sales Emails - Q4 Emil,Managing Editor,Senior Editorial,188,202010_TimeSavings,Managing Editor,1. Sent,Europe - Italy
Sales Emails - Q4 Emil,Managing Editor,Senior Editorial,188,202010_TimeSavings,Managing Editor,1. Sent,Europe - Italy
Sales Emails - Q4 Alexander,Managing Editor,Senior Editorial,205,202010_TimeSavings,Managing Editor,1. Sent,North America
Sales Emails - Q4 Alexander,Managing Editor,Senior Editorial,205,202010_TimeSavings,Managing Editor,1. Sent,North America
Sales Emails - Q4 Alexander,Managing Editor,Senior Editorial,205,202010_TimeSavings,Managing Editor,1. Sent,North America
Sales Emails - Q4 Alexander,Managing Editor,Senior Editorial,1957.41,202010_TimeSavings,Managing Editor,1. Sent,North America
Sales Emails - Q4 Alexander,Managing Editor,Senior Editorial,381.13,202010_TimeSavings,Managing Editor,1. Sent,North America
Sales Emails - Q3 Cyrus,TBC,Other,210.95,202006_EbxVs,Other,4. Positive,North America
Sales Emails - Q3 Delphine,Digital Editor,Senior Editorial,163.66,202010_TimeSavings,Digital Editor,1. Sent,Asia - South
Sales Emails - Q4 Jolene,Senior Digital Editor,Senior Editorial,227.56,202010_TimeSavings,Digital Editor,1. Sent,North America
Sales Emails - Q4 Jolene,Digital Editor,Senior Editorial,1950.77,202010_TimeSavings,Digital Editor,1. Sent,North America
Sales Emails - Q4 Jolene,Digital Editor,Senior Editorial,485.4,202010_TimeSavings,Digital Editor,1. Sent,North America
Sales Emails - Q4 Jolene,Digital Editor,Senior Editorial,450.57,202010_TimeSavings,Digital Editor,1. Sent,North America
Sales Emails - Q4 Jolene,Digital Editor,Senior Editorial,205,202010_TimeSavings,Digital Editor,1. Sent,North America
Sales Emails - Q4 Jolene,Executive Digital Editor,Senior Editorial,780.44,202010_TimeSavings,Digital Editor,1. Sent,North America
Sales Emails - Q4 Jolene,Digital Content Producer,Senior Editorial,205,202010_TimeSavings,Digital Editor,1. Sent,North America
Sales Emails - Q4 Delphine,Online Editor,Senior Editorial,230,202010_TimeSavings,Digital Editor,1. Sent,Europe - UK & Ireland
Sales Emails - Q4 Delphine,Digital Editor,Senior Editorial,295.88,202010_TimeSavings,Digital Editor,1. Sent,Asia - South
Sales Emails - Q4 Delphine,Digital Editor,Senior Editorial,242.73,202010_TimeSavings,Digital Editor,1. Sent,Asia - South
Sales Emails - Q4 Delphine,Digital Editor,Senior Editorial,230,202010_TimeSavings,Digital Editor,1. Sent,Europe - UK & Ireland
Sales Emails - Q4 Emil,Digital Editor,Senior Editorial,970.53,202010_TimeSavings,Digital Editor,1. Sent,Asia - East
Sales Emails - Q4 Emil,Online Editor,Senior Editorial,757.62,202010_TimeSavings,Digital Editor,1. Sent,Asia - East
Sales Emails - Q4 Emil,Digital Editor,Senior Editorial,940.95,202010_TimeSavings,Digital Editor,1. Sent,Europe - Italy
Sales Emails - Q4 Emil,Online Editor,Senior Editorial,399.03,202010_TimeSavings,Digital Editor,1. Sent,Asia - East
Sales Emails - Q4 Alexander,Digital Reporter,Senior Editorial,314.3,202010_TimeSavings,Digital Editor,1. Sent,North America
Sales Emails - Q4 Jolene,Web Editor,Senior Editorial,713.21,202010_TimeSavings,Digital Editor,2. Negative,North America
Sales Emails - Q4 Emil,Online Editor,Senior Editorial,241,202010_TimeSavings,Digital Editor,2. Negative,Asia - Oceania
Sales Emails - Q4 Jolene,Director Of Digital Media,Senior Specialist,314.27,202010_TimeSavings,Digital Director,1. Sent,North America
Sales Emails - Q4 Delphine,Head of Digital / Managing Partner,Senior Specialist,156,202010_TimeSavings,Digital Director,1. Sent,Europe - Southeast
Sales Emails - Q4 Delphine,head of digital,Senior Specialist,230,202010_TimeSavings,Digital Director,1. Sent,Europe - UK & Ireland
Sales Emails - Q4 Delphine,Director Digital,Senior Specialist,156,202010_TimeSavings,Digital Director,1. Sent,Europe - Southeast
Sales Emails - Q4 Emil,Head of Digital & Business Development,Senior Specialist,613.34,202010_TimeSavings,Digital Director,1. Sent,Asia - East
Sales Emails - Q4 Emil,Digital Director,Senior Specialist,164.4,202010_TimeSavings,Digital Director,1. Sent,Asia - East
Sales Emails - Q4 Emil,Digital Director,Senior Specialist,164.4,202010_TimeSavings,Digital Director,1. Sent,Asia - East
Sales Emails - Q4 Alexander,"Director, Digital Media & Operations",Senior Specialist,1112.13,202010_TimeSavings,Digital Director,1. Sent,North America
Sales Emails - Q4 Alexander,Director Digital And Multimedia Services,Senior Specialist,424.69,202010_TimeSavings,Digital Director,1. Sent,Europe - Spain & Portugal
Sales Emails - Q4 Alexander,Director Of National Digital Sales,Senior Specialist,463.18,202010_TimeSavings,Digital Director,1. Sent,North America
Sales Emails - Q4 Alexander,Vice President of Digital,Senior Specialist,205,202010_TimeSavings,Digital Director,1. Sent,North America
Sales Emails - Q4 Delphine,Head of Digital,Senior Specialist,0,202010_TimeSavings,Digital Director,3. Neutral,Europe - UK & Ireland
Sales Emails - Q3 Delphine,Content Director,Senior Specialist,1230.33,202010_TimeSavings,Content Director,1. Sent,Asia - South
Sales Emails - Q4 Jolene,Digital Content Manager,Senior Specialist,7190.94,202010_TimeSavings,Content Director,1. Sent,North America
Sales Emails - Q4 Jolene,VP of Content,Senior Specialist,768.75,202010_TimeSavings,Content Director,1. Sent,North America
Sales Emails - Q4 Jolene,"Publishers, Chief Content Officer",Senior Specialist,205,202010_TimeSavings,Content Director,1. Sent,North America
Sales Emails - Q4 Jolene,"Chief Content Officer, Edutopia | Digital Transformation | Content & Media Product Strategy",Senior Specialist,1454.74,202010_TimeSavings,Content Director,1. Sent,North America
Sales Emails - Q4 Jolene,Content Director,Senior Specialist,932.67,202010_TimeSavings,Content Director,1. Sent,North America
Sales Emails - Q4 Jolene,Director Of Content Development,Senior Specialist,667.27,202010_TimeSavings,Content Director,1. Sent,North America
Sales Emails - Q4 Jolene,Digital Content Manager,Senior Specialist,205,202010_TimeSavings,Content Director,1. Sent,North America
Sales Emails - Q4 Emil,Digital Content Manager,Senior Specialist,188,202010_TimeSavings,Content Director,1. Sent,Europe - Italy
Sales Emails - Q4 Emil,Content Director,Senior Specialist,316.65,202010_TimeSavings,Content Director,1. Sent,Asia - East
Sales Emails - Q4 Emil,Head of Digital/Creative 9| NBN Television NorthernNSW,Senior Specialist,252.05,202010_TimeSavings,Content Director,1. Sent,Asia - Oceania
Sales Emails - Q4 Alexander,Digital Content Producer,Senior Specialist,333.23,202010_TimeSavings,Content Director,1. Sent,North America
Sales Emails - Q4 Alexander,Head Of Contents,Senior Specialist,157,202010_TimeSavings,Content Director,1. Sent,Europe - Spain & Portugal
Sales Emails - Q4 Alexander,Chief Content Officer,Senior Specialist,7280.81,202010_TimeSavings,Content Director,1. Sent,North America
Sales Emails - Q4 Jolene,VP of Content,Senior Specialist,883.98,202010_TimeSavings,Content Director,2. Negative,North America
Sales Emails - Q4 Cyrus,Business Process Manager,Other,286.3,202006_Traffic,Other,3. Neutral,North America
Sales Emails - Q4 Delphine,Content Manager,Senior Specialist,905.68,202010_TimeSavings,Content Director,4. Positive,Asia - South
Sales Emails - Q4 Emil,Founder & Head Of Content,Senior Specialist,188,202010_TimeSavings,Content Director,4. Positive,Europe - Italy
Sales Emails - Q4 Jolene,Marketing Manager,Senior Specialist,485.13,202010_TimeSavings,Marketing Director,1. Sent,North America
Sales Emails - Q4 Jolene,Director of Marketing,Senior Specialist,407.95,202010_TimeSavings,Marketing Director,1. Sent,North America
Sales Emails - Q4 Jolene,"SVP of Marketing, PR, Research, & Digital Revenue Operations",Senior Specialist,809.51,202010_TimeSavings,Marketing Director,1. Sent,North America
Sales Emails - Q4 Jolene,editor and marketing manager,Senior Specialist,1409.56,202010_TimeSavings,Marketing Director,1. Sent,North America
Sales Emails - Q4 Delphine,Marketing director,Senior Specialist,119,202010_TimeSavings,Marketing Director,1. Sent,Asia - Russia and CIS
Sales Emails - Q4 Delphine,President - Marketing,Senior Specialist,3960.43,202010_TimeSavings,Marketing Director,1. Sent,Asia - South
Sales Emails - Q4 Delphine,Head of Marketing,Senior Specialist,1422.14,202010_TimeSavings,Marketing Director,1. Sent,Asia - South
Sales Emails - Q4 Emil,Marketing Manager,Senior Specialist,164.4,202010_TimeSavings,Marketing Director,1. Sent,Asia - East
Sales Emails - Q4 Emil,Director of Marketing,Senior Specialist,164.4,202010_TimeSavings,Marketing Director,1. Sent,Asia - East
Sales Emails - Q4 Emil,Head Of Marketing,Senior Specialist,0,202010_TimeSavings,Marketing Director,1. Sent,Europe - Italy
Sales Emails - Q4 Emil,Vice President Of Marketing And Advertising,Senior Specialist,684.43,202010_TimeSavings,Marketing Director,1. Sent,MENA - Middle East
Sales Emails - Q4 Emil,Head of Marketing,Senior Specialist,188,202010_TimeSavings,Marketing Director,1. Sent,Europe - Italy
Sales Emails - Q4 Alexander,VP Marketing,Senior Specialist,983.13,202010_TimeSavings,Marketing Director,1. Sent,North America
Sales Emails - Q4 Alexander,Marketing Manager,Senior Specialist,205,202010_TimeSavings,Marketing Director,1. Sent,North America
Sales Emails - Q4 Alexander,Senior Marketing Consultant,Senior Specialist,205,202010_TimeSavings,Marketing Director,1. Sent,North America
Sales Emails - Q4 Delphine,"Marketing & Sales Director GSA, The Netherlands, Poland & Eastern Europe at West One Music Group",Senior Specialist,0,202010_TimeSavings,Marketing Director,2. Negative,Europe - UK & Ireland
Sales Emails - Q3 Delphine,Head of social media,Senior Specialist,8206.83,202010_TimeSavings,Social Media Director,1. Sent,Europe - UK & Ireland
Sales Emails - Q4 Jolene,Social Media Director,Senior Specialist,333.68,202010_TimeSavings,Social Media Director,1. Sent,North America
Sales Emails - Q4 Emil,Head of Social Media,Senior Specialist,198.26,202010_TimeSavings,Social Media Director,1. Sent,Asia - East
Sales Emails - Q4 Alexander,Director of Social Media,Senior Specialist,4147.47,202010_TimeSavings,Social Media Director,1. Sent,North America
Sales Emails - Q4 Alexander,PR and Social Media Coordinator,Senior Specialist,924.87,202010_TimeSavings,Social Media Director,1. Sent,North America
Sales Emails - Q4 Jolene,Director Of Data Strategy And Analytics,Senior Specialist,980.19,202010_TimeSavings,Analytics Director,1. Sent,North America
Sales Emails - Q4 Delphine,Head of Analytics & Communication,Senior Specialist,119,202010_TimeSavings,Analytics Director,1. Sent,Asia - Russia and CIS
Sales Emails - Q4 Jolene,"Head of Audience Development, News",Senior Specialist,205,202010_TimeSavings,Audience Development Director,1. Sent,North America
Sales Emails - Q4 Jolene,Director Of Marketing And Audience Development,Senior Specialist,477.52,202010_TimeSavings,Audience Development Director,1. Sent,North America
Sales Emails - Q4 Jolene,"Vice President, Audience Development",Senior Specialist,266.55,202010_TimeSavings,Audience Development Director,1. Sent,North America
Sales Emails - Q4 Delphine,Audience development director - Global Media,Senior Specialist,0,202010_TimeSavings,Audience Development Director,1. Sent,Europe - UK & Ireland
Sales Emails - Q4 Jolene,Head of Strategy,Senior Specialist,266.2,202010_TimeSavings,VP Strategy,1. Sent,North America
Sales Emails - Q4 Jolene,Director of Communications and Strategy,Senior Specialist,205,202010_TimeSavings,VP Strategy,1. Sent,North America
Sales Emails - Q4 Jolene,Vp Strategy,Senior Specialist,670.46,202010_TimeSavings,VP Strategy,1. Sent,North America
Sales Emails - Q4 Jolene,"Coo / Svp,Operations",Senior Specialist,458.16,202010_TimeSavings,VP Strategy,1. Sent,North America
Sales Emails - Q4 Emil,Head of Strategy,Senior Specialist,278.71,202010_TimeSavings,VP Strategy,1. Sent,Asia - East
Sales Emails - Q4 Emil,Vice Director,Senior Specialist,1002.41,202010_TimeSavings,VP Strategy,1. Sent,Europe - Italy
Sales Emails - Q4 Emil,Head of Strategy,Senior Specialist,164.4,202010_TimeSavings,VP Strategy,1. Sent,Asia - East
Sales Emails - Q4 Emil,"Head Of Strategy, Chief Operating Officer",Senior Specialist,937.53,202010_TimeSavings,VP Strategy,1. Sent,Europe - Italy
Sales Emails - Q4 Jolene,Director of Product,Senior Specialist,205,202010_TimeSavings,VP Product,1. Sent,North America
Sales Emails - Q4 Delphine,"Director of Digital Product and Innovation, Johnston Press Plc",Senior Specialist,277.35,202010_TimeSavings,VP Product,1. Sent,Europe - UK & Ireland
Sales Emails - Q3 Delphine,Social Media Producer,End User,230,202010_TimeSavings,Social Media Editor,1. Sent,Europe - UK & Ireland
Sales Emails - Q4 Jolene,Social Media Editor,End User,205,202010_TimeSavings,Social Media Editor,1. Sent,North America
Sales Emails - Q4 Delphine,Social Media Coordinator,End User,80,202010_TimeSavings,Social Media Editor,1. Sent,Africa
Sales Emails - Q4 Emil,Social Media Editor,End User,414.98,202010_TimeSavings,Social Media Editor,1. Sent,Asia - East
Sales Emails - Q3 Delphine,Social Media Manager,End User,443.57,202010_TimeSavings,Social Media Manager,1. Sent,Europe - UK & Ireland
Sales Emails - Q4 Jolene,Social Media Manager,End User,1693.02,202010_TimeSavings,Social Media Manager,1. Sent,North America
Sales Emails - Q4 Jolene,Senior Digital Communications and Social Media Manager,End User,407.12,202010_TimeSavings,Social Media Manager,1. Sent,North America
Sales Emails - Q4 Emil,Social Media Manager,End User,471.27,202010_TimeSavings,Social Media Manager,2. Negative,Europe - Italy
Sales Emails - Q3 Delphine,Social Media Manager,End User,230,202010_TimeSavings,Social Media Manager,3. Neutral,Europe - UK & Ireland
Sales Emails - Q4 Delphine,Lead SEO & PPC Manager at Dennis Publishing,End User,230,202010_TimeSavings,Social Media Manager,3. Neutral,Europe - UK & Ireland
Sales Emails - Q4 Jolene,Digital Executive Editor,End User,468.08,202010_TimeSavings,Digital Manager,1. Sent,North America
Sales Emails - Q4 Jolene,Digital Media Operations Manager,End User,497.64,202010_TimeSavings,Digital Manager,1. Sent,North America
Sales Emails - Q4 Jolene,Digital Strategist,End User,205,202010_TimeSavings,Digital Manager,1. Sent,North America
Sales Emails - Q4 Delphine,Digital Media Manager,End User,907.14,202010_TimeSavings,Digital Manager,1. Sent,Asia - South
Sales Emails - Q4 Emil,Digital Manager,End User,486.58,202010_TimeSavings,Digital Manager,1. Sent,Asia - East
Sales Emails - Q4 Emil,"Digital, Planning & Project Manager",End User,164.4,202010_TimeSavings,Digital Manager,1. Sent,Asia - East
Sales Emails - Q4 Emil,Digital Manager,End User,164.4,202010_TimeSavings,Digital Manager,1. Sent,Asia - East
Sales Emails - Q4 Emil,Digital Telco Services Manager - Lead of Digital Demand,End User,210.26,202010_TimeSavings,Digital Manager,1. Sent,Asia - East
Sales Emails - Q4 Emil,"Digital Strategy Planning & Manager, Digital Business & Planner",End User,164.4,202010_TimeSavings,Digital Manager,1. Sent,Asia - East
Sales Emails - Q4 Alexander,Digital Manager,End User,205,202010_TimeSavings,Digital Manager,1. Sent,North America
Sales Emails - Q4 Emil,Digital Manager,End User,776.53,202010_TimeSavings,Digital Manager,4. Positive,Asia - East
Sales Emails - Q4 Alexander,Community Manager,End User,0,202010_TimeSavings,Community Manager,1. Sent,Europe - Spain & Portugal
Sales Emails - Q4 Alexander,Community Manager,End User,0,202010_TimeSavings,Community Manager,1. Sent,Europe - Spain & Portugal
Sales Emails - Q4 Emil,Head of Audience Growth,End User,1993.93,202010_TimeSavings,Audience Development Manager,3. Neutral,Asia - Oceania
Sales Emails - Q4 Jolene,"General Editor, Strategic Analytics",Other,205,202010_TimeSavings,Other,4. Positive,North America
Sales Emails - Q3 Delphine,Editor,Other,665.72,202010_TimeSavings,Other,1. Sent,Europe - UK & Ireland
Sales Emails - Q4 Jolene,Editor Glitter Magazine,Other,336.94,202010_TimeSavings,Other,1. Sent,North America
Sales Emails - Q4 Jolene,Executive Editor,Other,205,202010_TimeSavings,Other,1. Sent,North America
Sales Emails - Q4 Jolene,staff,Other,205,202010_TimeSavings,Other,1. Sent,North America
Sales Emails - Q4 Jolene,Digital Producer,Other,2050,202010_TimeSavings,Other,1. Sent,North America
Sales Emails - Q4 Jolene,Executive Editor,Other,666.71,202010_TimeSavings,Other,1. Sent,North America
Sales Emails - Q4 Jolene,TBC,Other,1062.93,202010_TimeSavings,Other,1. Sent,North America
Sales Emails - Q4 Jolene,editor,Other,1033.38,202010_TimeSavings,Other,1. Sent,North America
Sales Emails - Q4 Jolene,Editor,Other,436.88,202010_TimeSavings,Other,1. Sent,North America
Sales Emails - Q4 Jolene,Senior News Director,Other,1765.23,202010_TimeSavings,Other,1. Sent,North America
Sales Emails - Q4 Jolene,Operations Manager,Other,0,202010_TimeSavings,Other,1. Sent,North America
Sales Emails - Q4 Delphine,Special projects editor,Other,0,202010_TimeSavings,Other,1. Sent,Europe - UK & Ireland
Sales Emails - Q4 Emil,Freelance journalist,Other,188,202010_TimeSavings,Other,1. Sent,Europe - Italy
Sales Emails - Q4 Emil,Director General Fondazione Corriere Della Sera,Other,2647.86,202010_TimeSavings,Other,1. Sent,Europe - Italy
Sales Emails - Q4 Catherine,Publisher,Other,375.22,202010_TimeSavings,Other,1. Sent,Europe - East
Sales Emails - Q4 Alexander,Responsável de Sistemas de Informação,Other,157,202010_TimeSavings,Other,1. Sent,Europe - Spain & Portugal
Sales Emails - Q4 Alexander,TBC,Other,157,202010_TimeSavings,Other,1. Sent,Europe - Spain & Portugal
Sales Emails - Q4 Alexander,Social Media Assistant,Other,436.89,202010_TimeSavings,Other,1. Sent,North America
Sales Emails - Q4 Alexander,Other,Other,0,202010_TimeSavings,Other,1. Sent,Europe - Spain & Portugal
Sales Emails - Q4 Alexander,Digital Marketing,Other,4484.03,202010_TimeSavings,Other,1. Sent,North America
Sales Emails - Q4 Jolene,TBC,Other,207.81,202010_TimeSavings,Other,2. Negative,North America
Sales Emails - Q4 Delphine,Social Media Manager,Senior Specialist,205,2020XX_Customised Email,Social Media Director,4. Positive,North America
Sales Emails - Q4 Emil,Direttore,Other,188,202010_TimeSavings,Other,4. Positive,Europe - Italy
Sales Emails - Q4 Alexander,Director General Editorial,Senior Management,123.8,2020XX_Carlos Template,CEO,1. Sent,LatAm - Central
Sales Emails - Q4 Alexander,Owner,Senior Management,123.8,2020XX_Carlos Template,CEO,1. Sent,LatAm - South
Sales Emails - Q4 Alexander,Director general,Senior Management,1291.8,2020XX_Carlos Template,CEO,1. Sent,Europe - Spain & Portugal
Sales Emails - Q4 Alexander,"Partner, Co-founder",Senior Management,123.8,2020XX_Carlos Template,CEO,1. Sent,LatAm - South
Sales Emails - Q4 Alexander,Director General,Senior Management,123.8,2020XX_Carlos Template,CEO,1. Sent,LatAm - South
Sales Emails - Q4 Alexander,Founder,Senior Management,781.49,2020XX_Carlos Template,CEO,1. Sent,LatAm - South
Sales Emails - Q4 Alexander,Founder And Ceo,Senior Management,123.8,2020XX_Carlos Template,CEO,1. Sent,LatAm - South
Sales Emails - Q4 Alexander,CEO,Senior Management,2143.7,2020XX_Carlos Template,CEO,1. Sent,LatAm - Central
Sales Emails - Q4 Alexander,President,Senior Management,1198.01,2020XX_Carlos Template,CEO,1. Sent,LatAm - Central
Sales Emails - Q4 Alexander,owner,Senior Management,804.7,2020XX_Carlos Template,CEO,1. Sent,LatAm - Central
Sales Emails - Q4 Alexander,CEO,Senior Management,821.17,2020XX_Carlos Template,CEO,4. Positive,LatAm - Central
Sales Emails - Q4 Alexander,Director General,Senior Management,123.8,2020XX_Carlos Template,CEO,4. Positive,LatAm - South
Sales Emails - Q4 Alexander,Director,Senior Management,123.8,2020XX_Carlos Template,Managing Director,1. Sent,LatAm - Central
Sales Emails - Q4 Alexander,Managing Director,Senior Management,123.8,2020XX_Carlos Template,Managing Director,1. Sent,LatAm - Central
Sales Emails - Q4 Alexander,Managing Director,Senior Management,123.8,2020XX_Carlos Template,Managing Director,1. Sent,LatAm - Central
Sales Emails - Q4 Alexander,Managing Director,Senior Management,123.8,2020XX_Carlos Template,Managing Director,1. Sent,LatAm - Central
Sales Emails - Q4 Alexander,Managing Director,Senior Management,123.8,2020XX_Carlos Template,Managing Director,1. Sent,LatAm - Central
Sales Emails - Q4 Alexander,Editor in Chief,Senior Editorial,123.8,2020XX_Carlos Template,Editor In Chief,1. Sent,LatAm - Central
Sales Emails - Q4 Alexander,Editor in Chief,Senior Editorial,0,2020XX_Carlos Template,Editor In Chief,1. Sent,LatAm - Central
Sales Emails - Q4 Alexander,Prosecretario General de Redacción- Editor General de la Web/Jefe de Polìtica,Senior Editorial,262.4,2020XX_Carlos Template,Editor In Chief,1. Sent,LatAm - South
Sales Emails - Q4 Alexander,Editor in Chief,Senior Editorial,242.18,2020XX_Carlos Template,Editor In Chief,1. Sent,LatAm - South
Sales Emails - Q4 Alexander,Director Editorial,Senior Editorial,0,2020XX_Carlos Template,Editor In Chief,1. Sent,LatAm - Central
Sales Emails - Q4 Alexander,Director Editorial,Senior Editorial,242.18,2020XX_Carlos Template,Managing Editor,1. Sent,LatAm - South
Sales Emails - Q4 Alexander,Editorial Director,Senior Editorial,354.54,2020XX_Carlos Template,Managing Editor,3. Neutral,LatAm - Central
Sales Emails - Q4 Alexander,Digital Editor,Senior Editorial,123.8,2020XX_Carlos Template,Digital Editor,1. Sent,LatAm - Central
Sales Emails - Q4 Alexander,Digital Editor,Senior Editorial,0,2020XX_Carlos Template,Digital Editor,1. Sent,LatAm - Central
Sales Emails - Q4 Alexander,Digital Editor,Senior Editorial,123.8,2020XX_Carlos Template,Digital Editor,1. Sent,LatAm - South
Sales Emails - Q4 Alexander,Editor Web,Senior Editorial,582.78,2020XX_Carlos Template,Digital Editor,1. Sent,LatAm - South
Sales Emails - Q4 Alexander,Digital Editor,Senior Editorial,1156.79,2020XX_Carlos Template,Digital Editor,1. Sent,LatAm - South
Sales Emails - Q4 Alexander,Digital Editor,Senior Editorial,687.27,2020XX_Carlos Template,Digital Editor,1. Sent,LatAm - Central
Sales Emails - Q4 Alexander,Director Desarrollo Digital,Senior Specialist,1159.27,2020XX_Carlos Template,Digital Director,1. Sent,LatAm - Central
Sales Emails - Q4 Alexander,Digital Director,Senior Specialist,233.16,2020XX_Carlos Template,Digital Director,1. Sent,LatAm - South
Sales Emails - Q4 Alexander,Digital Content Manager,Senior Specialist,569.77,2020XX_Carlos Template,Content Director,1. Sent,LatAm - South
Sales Emails - Q4 Alexander,"Director, General",Senior Specialist,123.8,2020XX_Carlos Template,Content Director,4. Positive,LatAm - South
Sales Emails - Q4 Alexander,Marketing Director,Senior Specialist,123.8,2020XX_Carlos Template,Marketing Director,1. Sent,LatAm - Central
Sales Emails - Q4 Alexander,"Director, Product Development",Senior Specialist,157,2020XX_Carlos Template,VP Product,1. Sent,Europe - Spain & Portugal
Sales Emails - Q4 Alexander,Social Media Editor,End User,233.16,2020XX_Carlos Template,Social Media Editor,3. Neutral,LatAm - South
Sales Emails - Q4 Alexander,Digital Manager,End User,1387.58,2020XX_Carlos Template,Digital Manager,1. Sent,LatAm - South
Sales Emails - Q3 Jacob,Social Media Editor,End User,344.25,202006_Traffic,Social Media Editor,3. Neutral,North America
Sales Emails - Q4 Alexander,Community Manager,End User,582.78,2020XX_Carlos Template,Community Manager,1. Sent,LatAm - South
Sales Emails - Q4 Alexander,TBC,Other,217.66,2020XX_Carlos Template,Other,1. Sent,Europe - Spain & Portugal
Sales Emails - Q4 Alexander,TBC,Other,0,2020XX_Carlos Template,Other,1. Sent,LatAm - Central
Sales Emails - Q4 Alexander,TBC,Other,664.15,2020XX_Carlos Template,Other,1. Sent,LatAm - Central
Sales Emails - Q4 Alexander,TBC,Other,246.23,2020XX_Carlos Template,Other,1. Sent,LatAm - Central
Sales Emails - Q4 Alexander,TBC,Other,401.42,2020XX_Carlos Template,Other,1. Sent,LatAm - Central
Sales Emails - Q4 Alexander,TBC,Other,0,2020XX_Carlos Template,Other,1. Sent,LatAm - Central
Sales Emails - Q4 Alexander,TBC,Other,681.95,2020XX_Carlos Template,Other,1. Sent,LatAm - Central
Sales Emails - Q4 Alexander,Comercial,Other,123.8,2020XX_Carlos Template,Other,1. Sent,LatAm - South
Sales Emails - Q4 Alexander,Redactor,Other,1937.27,2020XX_Carlos Template,Other,1. Sent,LatAm - South
Sales Emails - Q4 Alexander,TBC,Other,0,2020XX_Carlos Template,Other,3. Neutral,LatAm - Central
Sales Emails - Q4 Cyrus,Community manager,,200,2020XX_Customised Email,,1. Sent,Europe - France
Sales Emails - Q4 Catherine,TBC,,1099.84,2020XX_Customised Email,,1. Sent,Africa
Sales Emails - Q4 Alexander,Could not be found,,157,2020XX_Customised Email,,1. Sent,Europe - Spain & Portugal
Sales Emails - Q4 Delphine,Marketing Manager,,123.4,2020XX_Customised Email,,4. Positive,MENA - North Africa
Sales Emails - Q4 Cyrus,Could not be found,,200,2020XX_Customised Email,,4. Positive,Europe - France
Sales Emails - Q4 Jacob,Cofondateur du groupe Humanoid,Senior Management,320.31,2020XX_Customised Email,CEO,1. Sent,Europe - France
Sales Emails - Q4 Jacob,CEO,Senior Management,200,2020XX_Customised Email,CEO,1. Sent,Europe - France
Sales Emails - Q4 Jacob,Cofondatrice,Senior Management,1270.45,2020XX_Customised Email,CEO,1. Sent,Europe - France
Sales Emails - Q3 Jacob,CEO,Senior Management,162.5,2020XX_Customised Email,CEO,1. Sent,Europe - Spain & Portugal
Sales Emails - Q3 Jacob,Founder and CEO,Senior Management,210,2020XX_Customised Email,CEO,1. Sent,Europe - Benelux
Sales Emails - Q3 Jacob,CEO/President,Senior Management,374.15,2020XX_Customised Email,CEO,1. Sent,North America
Sales Emails - Q3 Jacob,CEO,Senior Management,6870.71,2020XX_Customised Email,CEO,1. Sent,North America
Sales Emails - Q3 Jacob,Owner,Senior Management,205,2020XX_Customised Email,CEO,1. Sent,North America
Sales Emails - Q3 Jacob,CEO,Senior Management,225.82,2020XX_Customised Email,CEO,1. Sent,North America
Sales Emails - Q3 Jacob,Founder & CEO,Senior Management,3274.35,2020XX_Customised Email,CEO,1. Sent,North America
Sales Emails - Q3 Jacob,CEO,Senior Management,205,2020XX_Customised Email,CEO,1. Sent,North America
Sales Emails - Q3 Jacob,CEO,Senior Management,205,2020XX_Customised Email,CEO,1. Sent,North America
Sales Emails - Q3 Jacob,Publisher / Owner,Senior Management,205,2020XX_Customised Email,CEO,1. Sent,North America
Sales Emails - Q3 Jacob,Co-Founder,Senior Management,848.2,2020XX_Customised Email,CEO,1. Sent,Europe - Spain & Portugal
Sales Emails - Q3 Jacob,General Manager,Senior Management,123.8,2020XX_Customised Email,CEO,1. Sent,LatAm - Caribbean
Sales Emails - Q3 Jacob,Director Genenral,Senior Management,795.37,2020XX_Customised Email,CEO,1. Sent,LatAm - Central
Sales Emails - Q3 Jacob,Ceo,Senior Management,1161.72,2020XX_Customised Email,CEO,1. Sent,North America
Sales Emails - Q3 Ferdinand,CEO,Senior Management,124.6,2020XX_Customised Email,CEO,1. Sent,Europe - East
Sales Emails - Q3 Ferdinand,Geschäftsführer und Chefredakteur,Senior Management,278,2020XX_Customised Email,CEO,1. Sent,Europe - DACH
Sales Emails - Q3 Ferdinand,CEO,Senior Management,188,2020XX_Customised Email,CEO,1. Sent,Europe - Italy
Sales Emails - Q3 Ferdinand,CEO,Senior Management,188,2020XX_Customised Email,CEO,1. Sent,Europe - Italy
Sales Emails - Q3 Ferdinand,CEO,Senior Management,188,2020XX_Customised Email,CEO,1. Sent,Europe - Italy
Sales Emails - Q3 Ferdinand,Stellv. Geschäftsführer,Senior Management,278,2020XX_Customised Email,CEO,1. Sent,Europe - DACH
Sales Emails - Q3 Ferdinand,Geschäftsführer,Senior Management,278,2020XX_Customised Email,CEO,1. Sent,Europe - DACH
Sales Emails - Q3 Ferdinand,CEO,Senior Management,166.63,2020XX_Customised Email,CEO,1. Sent,Asia - East
Sales Emails - Q3 Ferdinand,Publisher,Senior Management,152.3,2020XX_Customised Email,CEO,1. Sent,Europe - East
Sales Emails - Q3 Ferdinand,CEO,Senior Management,124.6,2020XX_Customised Email,CEO,1. Sent,Europe - East
Sales Emails - Q3 Ferdinand,Managing Director,Senior Management,598.53,2020XX_Customised Email,CEO,1. Sent,MENA - Middle East
Sales Emails - Q3 Ferdinand,"Founder, Ceo",Senior Management,235.6,2020XX_Customised Email,CEO,1. Sent,Europe - East
Sales Emails - Q3 Ferdinand,Ceo,Senior Management,616.3,2020XX_Customised Email,CEO,1. Sent,Asia - East
Sales Emails - Q3 Ferdinand,"Co-Founder, Chief Strategy Officer",Senior Management,510.35,2020XX_Customised Email,CEO,1. Sent,Asia - South
Sales Emails - Q3 Ferdinand,"Chairman, Ceo",Senior Management,1003.57,2020XX_Customised Email,CEO,1. Sent,Europe - DACH
Sales Emails - Q3 Ferdinand,Geschäftsführer,Senior Management,278,2020XX_Customised Email,CEO,1. Sent,Europe - DACH
Sales Emails - Q3 Ferdinand,CEO,Senior Management,383.61,2020XX_Customised Email,CEO,1. Sent,Europe - DACH
Sales Emails - Q3 Delphine,CEO,Senior Management,2701.89,2020XX_Customised Email,CEO,1. Sent,Europe - UK & Ireland
Sales Emails - Q3 Delphine,"Co-founder, Head of Marketing",Senior Management,230,2020XX_Customised Email,CEO,1. Sent,Europe - UK & Ireland
Sales Emails - Q4 Emil,CEO,Senior Management,740.64,2020XX_Customised Email,CEO,1. Sent,Europe - Italy
Sales Emails - Q4 Emil,Co-Founder,Senior Management,164.4,2020XX_Customised Email,CEO,1. Sent,Asia - East
Sales Emails - Q4 Emil,CEO,Senior Management,164.4,2020XX_Customised Email,CEO,1. Sent,Asia - East
Sales Emails - Q4 Cyrus,Co-Fondateur,Senior Management,348.35,2020XX_Customised Email,CEO,1. Sent,Europe - France
Sales Emails - Q4 Catherine,"Founder, Ceo",Senior Management,235.6,2020XX_Customised Email,CEO,1. Sent,Europe - East
Sales Emails - Q4 Catherine,Founder,Senior Management,631.55,2020XX_Customised Email,CEO,1. Sent,Europe - East
Sales Emails - Q4 Alexander,CEO,Senior Management,5148.76,2020XX_Customised Email,CEO,1. Sent,North America
Sales Emails - Q4 Alexander,Propietario,Senior Management,157,2020XX_Customised Email,CEO,1. Sent,Europe - Spain & Portugal
Sales Emails - Q4 Alexander,CEO,Senior Management,4393.38,2020XX_Customised Email,CEO,1. Sent,Europe - Spain & Portugal
Sales Emails - Q4 Alexander,President,Senior Management,2017.25,2020XX_Customised Email,CEO,1. Sent,LatAm - South
Sales Emails - Q4 Catherine,Publisher,Senior Management,0,2020XX_Customised Email,CEO,2. Negative,Africa
Sales Emails - Q4 Jacob,CEO,Senior Management,0,2020XX_Customised Email,CEO,4. Positive,Europe - France
Sales Emails - Q3 Ferdinand,Geschäftsführer,Senior Management,569.73,2020XX_Customised Email,CEO,4. Positive,Europe - DACH
Sales Emails - Q3 Ferdinand,"Founder, CEO",Senior Management,176.08,2020XX_Customised Email,CEO,4. Positive,Europe - East
Sales Emails - Q4 Delphine,Co-Founder,Senior Management,119,2020XX_Customised Email,CEO,4. Positive,Asia - Russia and CIS
Sales Emails - Q4 Alexander,Conductor/Director General en Radio Continental/DiariodeCultura.com.ar,Senior Management,123.8,2020XX_Customised Email,CEO,4. Positive,LatAm - South
Sales Emails - Q3 Jacob,CTO,Senior Management,1534.93,2020XX_Customised Email,Chief Technology Officer,1. Sent,North America
Sales Emails - Q3 Jacob,CTO,Senior Management,1494.36,2020XX_Customised Email,Chief Technology Officer,1. Sent,North America
Sales Emails - Q3 Ferdinand,CTO,Senior Management,164.4,2020XX_Customised Email,Chief Technology Officer,1. Sent,Asia - East
Sales Emails - Q3 Ferdinand,CTO,Senior Management,3646.58,2020XX_Customised Email,Chief Technology Officer,1. Sent,MENA - Middle East
Sales Emails - Q4 Emil,Chief Technology Officer,Senior Management,4724.76,2020XX_Customised Email,Chief Technology Officer,1. Sent,Asia - East
Sales Emails - Q4 Alexander,Cto,Senior Management,157,2020XX_Customised Email,Chief Technology Officer,1. Sent,Europe - Spain & Portugal
Sales Emails - Q3 Jacob,Cto,Senior Management,918.7,2020XX_Customised Email,Chief Technology Officer,4. Positive,Europe - France
Sales Emails - Q4 Alexander,Gerente de Desarrollo Digital,Senior Management,1493.4,2020XX_Customised Email,Chief Technology Officer,4. Positive,LatAm - South
Sales Emails - Q3 Jacob,Chief Marketing Officer,Senior Management,205,2020XX_Customised Email,Chief Marketing Officer,1. Sent,North America
Sales Emails - Q4 Alexander,"Chief Product, Marketing and Digital Officer",Senior Management,874.94,2020XX_Customised Email,Chief Marketing Officer,1. Sent,North America
Sales Emails - Q3 Ferdinand,Managing Director,Senior Management,2344.29,2020XX_Customised Email,Managing Director,1. Sent,MENA - Middle East
Sales Emails - Q3 Ferdinand,Director,Senior Management,188,2020XX_Customised Email,Managing Director,1. Sent,Europe - Italy
Sales Emails - Q4 Delphine,Managing Director,Senior Management,156,2020XX_Customised Email,Managing Director,1. Sent,Europe - Southeast
Sales Emails - Q4 Emil,Managing Director,Senior Management,628.89,2020XX_Customised Email,Managing Director,1. Sent,Asia - Oceania
Sales Emails - Q4 Cyrus,General Manager,Senior Management,205,2020XX_Customised Email,Managing Director,1. Sent,North America
Sales Emails - Q4 Alexander,Managing Director,Senior Management,531.54,2020XX_Customised Email,Managing Director,1. Sent,LatAm - Central
Sales Emails - Q4 Alexander,General Manager,Senior Management,176.56,2020XX_Customised Email,Managing Director,1. Sent,LatAm - Caribbean
Sales Emails - Q4 Alexander,Directora,Senior Management,665.11,2020XX_Customised Email,Managing Director,3. Neutral,LatAm - Caribbean
Sales Emails - Q4 Alexander,Director,Senior Management,0,2020XX_Customised Email,Managing Director,4. Positive,LatAm - Central
Sales Emails - Q3 Jacob,Chef Digitaal,Senior Management,236.48,2020XX_Customised Email,Chief Digital Officer,1. Sent,Europe - Benelux
Sales Emails - Q4 Jacob,Journaliste,Senior Editorial,200,2020XX_Customised Email,Editor In Chief,1. Sent,Europe - France
Sales Emails - Q4 Jacob,Rédacteur en chef adjoint,Senior Editorial,200,2020XX_Customised Email,Editor In Chief,1. Sent,Europe - France
Sales Emails - Q3 Jacob,editor in chief,Senior Editorial,210,2020XX_Customised Email,Editor In Chief,1. Sent,Europe - Benelux
Sales Emails - Q3 Jacob,Editor-in-Chief,Senior Editorial,229.91,2020XX_Customised Email,Editor In Chief,1. Sent,North America
Sales Emails - Q3 Jacob,EIC,Senior Editorial,336.94,2020XX_Customised Email,Editor In Chief,1. Sent,North America
Sales Emails - Q3 Jacob,Editor In Chief,Senior Editorial,571.38,2020XX_Customised Email,Editor In Chief,1. Sent,North America
Sales Emails - Q3 Jacob,Editor in Chief,Senior Editorial,4412.61,2020XX_Customised Email,Editor In Chief,1. Sent,North America
Sales Emails - Q3 Jacob,Editor in Chief,Senior Editorial,205,2020XX_Customised Email,Editor In Chief,1. Sent,North America
Sales Emails - Q3 Jacob,Editor In Chief,Senior Editorial,2202.21,2020XX_Customised Email,Editor In Chief,1. Sent,North America
Sales Emails - Q3 Jacob,editor-in-chief,Senior Editorial,1322.97,2020XX_Customised Email,Editor In Chief,1. Sent,North America
Sales Emails - Q3 Ferdinand,Editor in Chief / Operational director,Senior Editorial,213.18,2020XX_Customised Email,Editor In Chief,1. Sent,Europe - East
Sales Emails - Q3 Ferdinand,Editor-in-Chief,Senior Editorial,124.6,2020XX_Customised Email,Editor In Chief,1. Sent,Europe - East
Sales Emails - Q3 Ferdinand,Editor In Chief,Senior Editorial,238,2020XX_Customised Email,Editor In Chief,1. Sent,Europe - Nordics
Sales Emails - Q3 Ferdinand,Chief Editor,Senior Editorial,238,2020XX_Customised Email,Editor In Chief,1. Sent,Europe - Nordics
Sales Emails - Q3 Ferdinand,Editor in Chief,Senior Editorial,678.5,2020XX_Customised Email,Editor In Chief,1. Sent,Europe - East
Sales Emails - Q3 Ferdinand,Editor-in-Chief,Senior Editorial,124.6,2020XX_Customised Email,Editor In Chief,1. Sent,Europe - East
Sales Emails - Q3 Ferdinand,Editor-in-Chief,Senior Editorial,124.6,2020XX_Customised Email,Editor In Chief,1. Sent,Europe - East
Sales Emails - Q3 Ferdinand,Editor in Chief,Senior Editorial,124.6,2020XX_Customised Email,Editor In Chief,1. Sent,Europe - East
Sales Emails - Q3 Ferdinand,Editor in Chief,Senior Editorial,218.05,2020XX_Customised Email,Editor In Chief,1. Sent,Europe - East
Sales Emails - Q3 Ferdinand,Editor In Chief,Senior Editorial,190.14,2020XX_Customised Email,Editor In Chief,1. Sent,Asia - East
Sales Emails - Q3 Delphine,Chief Editor,Senior Editorial,230,2020XX_Customised Email,Editor In Chief,1. Sent,Europe - UK & Ireland
Sales Emails - Q4 Emil,Deputy Editor in Chief,Senior Editorial,2397.65,2020XX_Customised Email,Editor In Chief,1. Sent,MENA - Middle East
Sales Emails - Q4 Emil,Editor-in-Chief,Senior Editorial,164.4,2020XX_Customised Email,Editor In Chief,1. Sent,Asia - East
Sales Emails - Q4 Cyrus,Chief Editor,Senior Editorial,210,2020XX_Customised Email,Editor In Chief,1. Sent,Europe - Benelux
Sales Emails - Q4 Catherine,Editor in Chief,Senior Editorial,278,2020XX_Customised Email,Editor In Chief,1. Sent,Europe - DACH
Sales Emails - Q4 Catherine,Asst. Editor in Chief,Senior Editorial,0,2020XX_Customised Email,Editor In Chief,1. Sent,Europe - DACH
Sales Emails - Q4 Catherine,Editor in Chief,Senior Editorial,598.98,2020XX_Customised Email,Editor In Chief,1. Sent,Europe - East
Sales Emails - Q4 Alexander,Editor in Chief,Senior Editorial,6190,2020XX_Customised Email,Editor In Chief,1. Sent,LatAm - Central
Sales Emails - Q4 Alexander,Executive Editor,Senior Editorial,281.89,2020XX_Customised Email,Editor In Chief,1. Sent,LatAm - Caribbean
Sales Emails - Q4 Alexander,Director/Editor,Senior Editorial,157,2020XX_Customised Email,Editor In Chief,1. Sent,Europe - Spain & Portugal
Sales Emails - Q3 Ferdinand,Chefredakteur,Senior Editorial,278,2020XX_Customised Email,Editor In Chief,2. Negative,Europe - DACH
Sales Emails - Q3 Delphine,Rédactrice en chef adjointe,Senior Editorial,200,2020XX_Customised Email,Editor In Chief,2. Negative,Europe - France
Sales Emails - Q4 Delphine,Editor-in-Chief,Senior Editorial,80,2020XX_Customised Email,Editor In Chief,2. Negative,Africa
Sales Emails - Q3 Jacob,Rédacteur en Chef,Senior Editorial,320.31,2020XX_Customised Email,Editor In Chief,3. Neutral,Europe - France
Sales Emails - Q4 Catherine,Redaktionsleitung,Senior Editorial,278,2020XX_Customised Email,Editor In Chief,4. Positive,Europe - DACH
Sales Emails - Q4 Jacob,Directeur de la Rédaction,Senior Editorial,200,2020XX_Customised Email,Managing Editor,1. Sent,Europe - France
Sales Emails - Q4 Jacob,Managing Editor,Senior Editorial,1284.48,2020XX_Customised Email,Managing Editor,1. Sent,Europe - France
Sales Emails - Q3 Jacob,Managing Editor-News,Senior Editorial,205,2020XX_Customised Email,Managing Editor,1. Sent,North America
Sales Emails - Q3 Jacob,Managing Editor,Senior Editorial,210,2020XX_Customised Email,Managing Editor,1. Sent,Europe - Benelux
Sales Emails - Q3 Jacob,Managing Editor,Senior Editorial,205,2020XX_Customised Email,Managing Editor,1. Sent,North America
Sales Emails - Q3 Jacob,Managing Editor,Senior Editorial,666.71,2020XX_Customised Email,Managing Editor,1. Sent,North America
Sales Emails - Q3 Jacob,Managing Editor,Senior Editorial,2025.76,2020XX_Customised Email,Managing Editor,1. Sent,North America
Sales Emails - Q3 Jacob,Managing Editor,Senior Editorial,205,2020XX_Customised Email,Managing Editor,1. Sent,North America
Sales Emails - Q3 Jacob,Managing Editor,Senior Editorial,80,2020XX_Customised Email,Managing Editor,1. Sent,Africa
Sales Emails - Q3 Jacob,Deputy Managing Editor,Senior Editorial,123.8,2020XX_Customised Email,Managing Editor,1. Sent,LatAm - Central
Sales Emails - Q3 Jacob,Managing Editor,Senior Editorial,2341.67,2020XX_Customised Email,Managing Editor,1. Sent,North America
Sales Emails - Q3 Jacob,Managing Editor,Senior Editorial,4854.03,2020XX_Customised Email,Managing Editor,1. Sent,North America
Sales Emails - Q3 Jacob,Editorial Director,Senior Editorial,361.06,2020XX_Customised Email,Managing Editor,1. Sent,North America
Sales Emails - Q3 Ferdinand,Managing Editor,Senior Editorial,278,2020XX_Customised Email,Managing Editor,1. Sent,Europe - DACH
Sales Emails - Q3 Ferdinand,Managing Editor,Senior Editorial,188,2020XX_Customised Email,Managing Editor,1. Sent,Europe - Italy
Sales Emails - Q3 Delphine,Managing Editor,Senior Editorial,2427.83,2020XX_Customised Email,Managing Editor,1. Sent,Europe - UK & Ireland
Sales Emails - Q3 Delphine,"Vice President, Publishing",Senior Editorial,1152.37,2020XX_Customised Email,Managing Editor,1. Sent,Europe - UK & Ireland
Sales Emails - Q3 Delphine,Managing Editor,Senior Editorial,230,2020XX_Customised Email,Managing Editor,1. Sent,Europe - UK & Ireland
Sales Emails - Q3 Delphine,Managing Editor,Senior Editorial,1737.25,2020XX_Customised Email,Managing Editor,1. Sent,North America
Sales Emails - Q4 Delphine,Managing Editor,Senior Editorial,123.8,2020XX_Customised Email,Managing Editor,1. Sent,LatAm - Caribbean
Sales Emails - Q4 Alexander,Managing Editor,Senior Editorial,6145.09,2020XX_Customised Email,Managing Editor,1. Sent,Europe - Spain & Portugal
Sales Emails - Q4 Alexander,Managing Editor,Senior Editorial,339.31,2020XX_Customised Email,Managing Editor,1. Sent,LatAm - Central
Sales Emails - Q3 Cyrus,"Managing Editor, News & Online Journalism",Senior Editorial,480.74,2020XX_Customised Email,Managing Editor,1. Sent,North America
Sales Emails - Q3 Jacob,Managing Editor,Senior Editorial,210,2020XX_Customised Email,Managing Editor,3. Neutral,Europe - Benelux
Sales Emails - Q3 Jacob,Managing Editor,Senior Editorial,123.8,2020XX_Customised Email,Managing Editor,3. Neutral,LatAm - Central
Sales Emails - Q3 Ferdinand,Editorial Director,Senior Editorial,534.5,2020XX_Customised Email,Managing Editor,4. Positive,Europe - DACH
Sales Emails - Q3 Jacob,DIGITAL EDITOR,Senior Editorial,1653.18,2020XX_Customised Email,Digital Editor,1. Sent,North America
Sales Emails - Q3 Jacob,Digital Editor,Senior Editorial,1941.29,2020XX_Customised Email,Digital Editor,1. Sent,North America
Sales Emails - Q3 Ferdinand,Leiter Online Redaktion,Senior Editorial,278,2020XX_Customised Email,Digital Editor,1. Sent,Europe - DACH
Sales Emails - Q3 Ferdinand,Leiter Onlineredaktion,Senior Editorial,278,2020XX_Customised Email,Digital Editor,1. Sent,Europe - DACH
Sales Emails - Q3 Delphine,Digital Editor,Senior Editorial,230,2020XX_Customised Email,Digital Editor,1. Sent,Europe - UK & Ireland
Sales Emails - Q3 Delphine,Digital Editor,Senior Editorial,2824.9,2020XX_Customised Email,Digital Editor,1. Sent,Europe - UK & Ireland
Sales Emails - Q4 Delphine,Digital Editor,Senior Editorial,230,2020XX_Customised Email,Digital Editor,1. Sent,Europe - UK & Ireland
Sales Emails - Q4 Delphine,Co-digital Editor,Senior Editorial,132.56,2020XX_Customised Email,Digital Editor,1. Sent,Asia - South
Sales Emails - Q4 Catherine,Responsable Web Femina.ch,Senior Editorial,278,2020XX_Customised Email,Digital Editor,1. Sent,Europe - DACH
Sales Emails - Q4 Catherine,Digital Editor,Senior Editorial,0,2020XX_Customised Email,Digital Editor,1. Sent,Europe - DACH
Sales Emails - Q4 Alexander,Redaccion Digital,Senior Editorial,123.8,2020XX_Customised Email,Digital Editor,1. Sent,LatAm - Central
Sales Emails - Q4 Alexander,Digital Editor,Senior Editorial,178.67,2020XX_Customised Email,Digital Editor,1. Sent,LatAm - Central
Sales Emails - Q4 Alexander,Editor,Senior Editorial,134.35,2020XX_Customised Email,Digital Editor,1. Sent,LatAm - Caribbean
Sales Emails - Q3 Delphine,Online Editor,Senior Editorial,6440,2020XX_Customised Email,Digital Editor,3. Neutral,Europe - UK & Ireland
Sales Emails - Q3 Delphine,Digital Editor,Senior Editorial,230,2020XX_Customised Email,Digital Editor,3. Neutral,Europe - UK & Ireland
Sales Emails - Q4 Alexander,Editora Digital,Senior Editorial,502.66,2020XX_Customised Email,Digital Editor,4. Positive,LatAm - Central
Sales Emails - Q3 Jacob,Head of web,Senior Specialist,634.42,2020XX_Customised Email,Digital Director,1. Sent,Europe - Spain & Portugal
Sales Emails - Q3 Ferdinand,Digital & Marketing Director,Senior Specialist,174.26,2020XX_Customised Email,Digital Director,1. Sent,Asia - East
Sales Emails - Q3 Ferdinand,Digital Director,Senior Specialist,238,2020XX_Customised Email,Digital Director,1. Sent,Europe - Nordics
Sales Emails - Q3 Ferdinand,Head of Digital Media,Senior Specialist,278,2020XX_Customised Email,Digital Director,1. Sent,Europe - DACH
Sales Emails - Q3 Ferdinand,Digital Director,Senior Specialist,507.38,2020XX_Customised Email,Digital Director,1. Sent,Europe - East
Sales Emails - Q3 Ferdinand,Digital Director,Senior Specialist,278,2020XX_Customised Email,Digital Director,1. Sent,Europe - DACH
Sales Emails - Q3 Delphine,Head Of Digital,Senior Specialist,2701.41,2020XX_Customised Email,Digital Director,1. Sent,Europe - UK & Ireland
Sales Emails - Q4 Jolene,Digital Director,Senior Specialist,205,2020XX_Customised Email,Digital Director,1. Sent,North America
Sales Emails - Q4 Delphine,Head Of News And Digital Content,Senior Specialist,230,2020XX_Customised Email,Digital Director,1. Sent,Europe - UK & Ireland
Sales Emails - Q4 Emil,Head of Digital,Senior Specialist,0,2020XX_Customised Email,Digital Director,1. Sent,Europe - Italy
Sales Emails - Q4 Catherine,Digital Director,Senior Specialist,238,2020XX_Customised Email,Digital Director,1. Sent,Europe - Nordics
Sales Emails - Q4 Alexander,Director Digital National Geographic,Senior Specialist,296.8,2020XX_Customised Email,Digital Director,1. Sent,Europe - Spain & Portugal
Sales Emails - Q3 Ferdinand,Leiter Digital,Senior Specialist,420.1,2020XX_Customised Email,Digital Director,2. Negative,Europe - DACH
Sales Emails - Q3 Delphine,Digital Director,Senior Specialist,230,2020XX_Customised Email,Digital Director,3. Neutral,Europe - UK & Ireland
Sales Emails - Q3 Delphine,Chief Digital Strategist & Editor,Senior Specialist,2398.9,2020XX_Customised Email,Digital Director,3. Neutral,Asia - South
Sales Emails - Q4 Alexander,Gerente GN Digital,Senior Specialist,0,2020XX_Customised Email,Digital Director,3. Neutral,LatAm - Central
Sales Emails - Q3 Jacob,Digital Executive-Monitor Publications Ltd,Senior Specialist,429.71,2020XX_Customised Email,Digital Director,4. Positive,Africa
Sales Emails - Q3 Jacob,Project Manager,Senior Specialist,420.76,2020XX_Customised Email,Content Director,1. Sent,North America
Sales Emails - Q3 Ferdinand,Editor & Head of Content (Entertainment),Senior Specialist,164.4,2020XX_Customised Email,Content Director,1. Sent,Asia - East
Sales Emails - Q3 Delphine,Content Manager,Senior Specialist,4794.36,2020XX_Customised Email,Content Director,1. Sent,Europe - UK & Ireland
Sales Emails - Q3 Delphine,Head of Content,Senior Specialist,4998.58,2020XX_Customised Email,Content Director,1. Sent,Europe - UK & Ireland
Sales Emails - Q3 Delphine,Digital Partnerships & Content Director,Senior Specialist,1138.85,2020XX_Customised Email,Content Director,1. Sent,Europe - UK & Ireland
Sales Emails - Q4 Catherine,Content Manager,Senior Specialist,279.68,2020XX_Customised Email,Content Director,1. Sent,Europe - East
Sales Emails - Q4 Catherine,Paid Content Editor,Senior Specialist,601.89,2020XX_Customised Email,Content Director,1. Sent,Europe - East
Sales Emails - Q4 Alexander,Director Contenido Digital,Senior Specialist,1196.39,2020XX_Customised Email,Content Director,1. Sent,LatAm - Central
Sales Emails - Q4 Delphine,Content Manager,Senior Specialist,7294.35,2020XX_Customised Email,Content Director,2. Negative,Europe - UK & Ireland
Sales Emails - Q3 Delphine,Editor and Head of Content,Senior Specialist,230,2020XX_Customised Email,Content Director,3. Neutral,Europe - UK & Ireland
Sales Emails - Q4 Jacob,Marketing - Publicité,Senior Specialist,3228.33,2020XX_Customised Email,Marketing Director,1. Sent,Europe - France
Sales Emails - Q3 Jacob,Marketing Director,Senior Specialist,240.29,2020XX_Customised Email,Marketing Director,1. Sent,North America
Sales Emails - Q3 Jacob,Marketing Manager,Senior Specialist,163.96,2020XX_Customised Email,Marketing Director,1. Sent,Europe - Spain & Portugal
Sales Emails - Q3 Jacob,Marketing Director,Senior Specialist,751.4,2020XX_Customised Email,Marketing Director,1. Sent,North America
Sales Emails - Q3 Jacob,Marketing Director,Senior Specialist,2597.41,2020XX_Customised Email,Marketing Director,1. Sent,Europe - France
Sales Emails - Q3 Jacob,"Vp, Marketing",Senior Specialist,920.19,2020XX_Customised Email,Marketing Director,1. Sent,North America
Sales Emails - Q3 Ferdinand,Marketing Manager,Senior Specialist,170.76,2020XX_Customised Email,Marketing Director,1. Sent,Europe - East
Sales Emails - Q3 Ferdinand,Head of Marketing,Senior Specialist,124.6,2020XX_Customised Email,Marketing Director,1. Sent,Europe - East
Sales Emails - Q4 Alexander,Director de Comunicacion,Senior Specialist,0,2020XX_Customised Email,Marketing Director,1. Sent,Europe - Spain & Portugal
Sales Emails - Q4 Alexander,Marketing Director,Senior Specialist,1048.96,2020XX_Customised Email,Marketing Director,1. Sent,LatAm - Central
Sales Emails - Q4 Alexander,Especialista Marketing Digital,Senior Specialist,157,2020XX_Customised Email,Marketing Director,1. Sent,Europe - Spain & Portugal
Sales Emails - Q4 Alexander,Directora de Marketing Digital,Senior Specialist,582.78,2020XX_Customised Email,Marketing Director,1. Sent,LatAm - South
Sales Emails - Q3 Ferdinand,Head of Marketing,Senior Specialist,124.6,2020XX_Customised Email,Marketing Director,2. Negative,Europe - East
Sales Emails - Q4 Alexander,Marketing Manager,Senior Specialist,406.96,2020XX_Customised Email,Marketing Director,3. Neutral,LatAm - South
Sales Emails - Q3 Jacob,Marketing Manager,Senior Specialist,210,2020XX_Customised Email,Marketing Director,4. Positive,Europe - Benelux
Sales Emails - Q4 Alexander,Business Manager,Senior Specialist,123.8,2020XX_Customised Email,Marketing Director,4. Positive,LatAm - Central
Sales Emails - Q3 Jacob,"Director, Social Media & Content Marketing",Senior Specialist,205,2020XX_Customised Email,Social Media Director,1. Sent,North America
Sales Emails - Q4 Emil,Head of Social,Senior Specialist,3657.26,2020XX_Customised Email,Social Media Director,1. Sent,Europe - Italy
Sales Emails - Q4 Alexander,Head of Social Media,Senior Specialist,170.31,2020XX_Customised Email,Social Media Director,1. Sent,Europe - Spain & Portugal
Sales Emails - Q4 Alexander,Social Media Manager,Senior Specialist,157,2020XX_Customised Email,Social Media Director,1. Sent,Europe - Spain & Portugal
Sales Emails - Q3 Ferdinand,Head of Social,Senior Specialist,250.22,2020XX_Customised Email,Social Media Director,4. Positive,Europe - Nordics
Sales Emails - Q3 Cyrus,Social Media Editor,End User,205,202006_Traffic,Social Media Editor,3. Neutral,North America
Sales Emails - Q4 Emil,National Director of Social Strategy at News Corp Australia,Senior Specialist,3125.33,2020XX_Customised Email,Social Media Director,4. Positive,Asia - Oceania
Sales Emails - Q3 Ferdinand,Vice President Portalmanagement / Analytics,Senior Specialist,317.59,2020XX_Customised Email,Analytics Director,1. Sent,Europe - DACH
Sales Emails - Q3 Ferdinand,CDO,Senior Specialist,238,2020XX_Customised Email,Analytics Director,1. Sent,Europe - Nordics
Sales Emails - Q3 Ferdinand,Head Content Research And Analytics,Senior Specialist,287.87,2020XX_Customised Email,Analytics Director,1. Sent,Asia - East
Sales Emails - Q4 Alexander,Analytics Director,Senior Specialist,2640.86,2020XX_Customised Email,Analytics Director,1. Sent,LatAm - Central
Sales Emails - Q4 Jacob,Directrice des Audiences,Senior Specialist,0,2020XX_Customised Email,Audience Development Director,1. Sent,Europe - France
Sales Emails - Q4 Cyrus,Head of Audience Development & Content Strategy,Senior Specialist,2731.74,2020XX_Customised Email,Audience Development Director,1. Sent,Asia - Oceania
Sales Emails - Q4 Alexander,Jefe Audiencia,Senior Specialist,420.83,2020XX_Customised Email,Audience Development Director,4. Positive,LatAm - South
Sales Emails - Q4 Catherine,Head of Business Development,Senior Specialist,124.6,2020XX_Customised Email,VP Strategy,1. Sent,Europe - East
Sales Emails - Q4 Alexander,gerente de estrategia digital,Senior Specialist,879.91,2020XX_Customised Email,VP Strategy,1. Sent,LatAm - South
Sales Emails - Q4 Alexander,Vp Strategy,Senior Specialist,2559.35,2020XX_Customised Email,VP Strategy,1. Sent,North America
Sales Emails - Q4 Alexander,Director of Business Development,Senior Specialist,2559.35,2020XX_Customised Email,VP Strategy,1. Sent,North America
Sales Emails - Q4 Alexander,Gerente de Estrategia Digital,Senior Specialist,1139.61,2020XX_Customised Email,VP Strategy,4. Positive,LatAm - Central
Sales Emails - Q3 Jacob,Director of Product Management,Senior Specialist,356.66,2020XX_Customised Email,VP Product,1. Sent,North America
Sales Emails - Q3 Jacob,"Director, Product Management",Senior Specialist,356.66,2020XX_Customised Email,VP Product,1. Sent,North America
Sales Emails - Q4 Cyrus,‎Product Manager,Senior Specialist,2756.74,2020XX_Customised Email,VP Product,2. Negative,North America
Sales Emails - Q3 Ferdinand,"Chief Editor, Social Media and News Center",End User,278,2020XX_Customised Email,Social Media Editor,1. Sent,Europe - DACH
Sales Emails - Q3 Delphine,Social Media Editor,End User,1290.7,2020XX_Customised Email,Social Media Editor,1. Sent,Europe - UK & Ireland
Sales Emails - Q3 Delphine,Social Media Editor,End User,230,2020XX_Customised Email,Social Media Editor,3. Neutral,Europe - UK & Ireland
Sales Emails - Q3 Jacob,Social media manager,End User,1016.32,2020XX_Customised Email,Social Media Manager,1. Sent,North America
Sales Emails - Q3 Delphine,Social Media Lead,End User,2364.99,2020XX_Customised Email,Social Media Manager,1. Sent,Europe - UK & Ireland
Sales Emails - Q3 Delphine,Social Media Editor at Sky,End User,11500,2020XX_Customised Email,Social Media Manager,1. Sent,Europe - UK & Ireland
Sales Emails - Q3 Delphine,Head of Social,End User,11500,2020XX_Customised Email,Social Media Manager,1. Sent,Europe - UK & Ireland
Sales Emails - Q3 Delphine,Social Media Manager,End User,5000,2020XX_Customised Email,Social Media Manager,1. Sent,Asia - South
Sales Emails - Q4 Alexander,Social Media Manager,End User,1240.45,2020XX_Customised Email,Social Media Manager,2. Negative,LatAm - South
Sales Emails - Q4 Emil,SOCIAL MEDIA MANAGER,End User,978.61,2020XX_Customised Email,Social Media Manager,4. Positive,Asia - East
Sales Emails - Q4 Catherine,Social Media Manager,End User,278,2020XX_Customised Email,Social Media Manager,4. Positive,Europe - DACH
Sales Emails - Q4 Delphine,Senior Digital Content Creator,End User,530.28,2020XX_Customised Email,Digital Manager,1. Sent,Asia - South
Sales Emails - Q4 Alexander,Gerente Digital,End User,0,2020XX_Customised Email,Digital Manager,1. Sent,LatAm - South
Sales Emails - Q4 Alexander,Community Manager,End User,0,2020XX_Customised Email,Community Manager,1. Sent,Europe - Spain & Portugal
Sales Emails - Q4 Alexander,Community Manager,End User,1493.4,2020XX_Customised Email,Community Manager,1. Sent,LatAm - South
Sales Emails - Q3 Jacob,Social Media Manager Jessica Skarzynski,End User,205,202006_Traffic,Social Media Manager,3. Neutral,North America
Sales Emails - Q3 Jacob,Editor In Chief,Other,205,2020XX_Customised Email,Other,1. Sent,North America
Sales Emails - Q3 Jacob,Head of development,Other,1240.78,2020XX_Customised Email,Other,1. Sent,North America
Sales Emails - Q3 Delphine,Assistant editor,Other,230,2020XX_Customised Email,Other,1. Sent,Europe - UK & Ireland
Sales Emails - Q4 Delphine,Developer,Other,156,2020XX_Customised Email,Other,1. Sent,Europe - Southeast
Sales Emails - Q4 Delphine,TBC,Other,0,2020XX_Customised Email,Other,1. Sent,Asia - Russia and CIS
Sales Emails - Q4 Emil,Giornalista,Other,3603.1,2020XX_Customised Email,Other,1. Sent,Europe - Italy
Sales Emails - Q4 Emil,None,Other,164.4,2020XX_Customised Email,Other,1. Sent,Asia - East
Sales Emails - Q4 Emil,Purchasing Manager,Other,2774.49,2020XX_Customised Email,Other,1. Sent,Europe - Italy
Sales Emails - Q4 Cyrus,Head of Dev,Other,1498.53,2020XX_Customised Email,Other,1. Sent,Europe - France
Sales Emails - Q4 Cyrus,Head of Corporate Development and M&A,Other,0,2020XX_Customised Email,Other,1. Sent,North America
Sales Emails - Q4 Catherine,Digital Creative Executive,Other,0,2020XX_Customised Email,Other,1. Sent,Africa
Sales Emails - Q4 Catherine,Editor,Other,238,2020XX_Customised Email,Other,1. Sent,Europe - Nordics
Sales Emails - Q4 Catherine,Social Team,Other,278,2020XX_Customised Email,Other,1. Sent,Europe - DACH
Sales Emails - Q4 Catherine,Editor,Other,2037.32,2020XX_Customised Email,Other,1. Sent,Africa
Sales Emails - Q4 Catherine,Project manager,Other,416.57,2020XX_Customised Email,Other,1. Sent,Europe - East
Sales Emails - Q4 Catherine,TBC,Other,278,2020XX_Customised Email,Other,1. Sent,Europe - DACH
Sales Emails - Q4 Catherine,Investigative Reporter,Other,2924.3,2020XX_Customised Email,Other,1. Sent,Africa
Sales Emails - Q4 Alexander,Lifestyle Editor & Branded Content,Other,1125.82,2020XX_Customised Email,Other,1. Sent,Europe - Spain & Portugal
Sales Emails - Q4 Alexander,TBC,Other,123.8,2020XX_Customised Email,Other,1. Sent,LatAm - South
Sales Emails - Q4 Alexander,Redes Sociales,Other,157,2020XX_Customised Email,Other,1. Sent,Europe - Spain & Portugal
Sales Emails - Q4 Alexander,Project Manager,Other,0,2020XX_Customised Email,Other,1. Sent,LatAm - South
Sales Emails - Q4 Alexander,TBC,Other,10250,2020XX_Customised Email,Other,1. Sent,North America
Sales Emails - Q4 Alexander,"Sports Presenter, Journalist, News Editor, Editor",Other,157,2020XX_Customised Email,Other,1. Sent,Europe - Spain & Portugal
Sales Emails - Q4 Alexander,Female,Other,205,2020XX_Customised Email,Other,1. Sent,North America
Sales Emails - Q4 Alexander,"Sr. Production Planner, Capacity Planning",Other,205,2020XX_Customised Email,Other,1. Sent,North America
Sales Emails - Q4 Alexander,IT Manager,Other,1044.87,2020XX_Customised Email,Other,1. Sent,LatAm - Central
Sales Emails - Q4 Alexander,Social networks,Other,953.78,2020XX_Customised Email,Other,1. Sent,LatAm - South
Sales Emails - Q4 Alexander,Senior Vice President Digital Operations,Other,2585.76,2020XX_Customised Email,Other,1. Sent,North America
Sales Emails - Q4 Alexander,Reporter,Other,123.8,2020XX_Customised Email,Other,1. Sent,LatAm - Caribbean
Sales Emails - Q4 Alexander,Product Designer,Other,216.01,2020XX_Customised Email,Other,1. Sent,LatAm - South
Sales Emails - Q3 Ferdinand,Community & Growth Lead,Other,164.4,2020XX_Customised Email,Other,2. Negative,Asia - East
Sales Emails - Q4 Alexander,Online Brand Manager,Other,0,2020XX_Customised Email,Other,2. Negative,Europe - Spain & Portugal
Sales Emails - Q4 Alexander,Marketing,Other,329.05,2020XX_Customised Email,Other,2. Negative,LatAm - South
Sales Emails - Q4 Catherine,Eddie,Other,1099.84,2020XX_Customised Email,Other,3. Neutral,Africa
Sales Emails - Q3 Ferdinand,Chef vom Dienst: Agrarheute.com,Other,278,2020XX_Customised Email,Other,4. Positive,Europe - DACH
Sales Emails - Q4 Catherine,Leitung BR24,Other,401.16,2020XX_Customised Email,Other,4. Positive,Europe - DACH
Sales Emails - Q4 Alexander,Gerente Yuplon,Other,502.66,2020XX_Customised Email,Other,4. Positive,LatAm - Central
Sales Emails - Q4 Alexander,Coordinadora de Redes,Other,665.11,2020XX_Customised Email,Other,4. Positive,LatAm - Caribbean